{
  "sections": {
    "b6c868ee-bd8b-439d-a02e-505fa82d99d1": {
      "type": "stylised-header",
      "blocks": {
        "d7070ee9-070e-4753-a84f-25bcea1a325c": {
          "type": "title",
          "settings": {
            "title": "Coastal Cowgirl: How to Emulate the Latest Trend Without Looking Costume",
            "color-from": "#ae8a6b",
            "color-to": "#ffffff",
            "custom_css": ""
          }
        },
        "5b1743e1-1fcf-40ee-b012-deff41331bb0": {
          "type": "text",
          "settings": {
            "line-one": "The ‘coastal cowgirl’ trend is attracting plenty of attention lately due to its easy-going, laidback styling. Encapsulating elements of Western-inspired fashion looks combined with a relaxed coastal living aesthetic, it’s no wonder that this trend is set to be huge this summer season.",
            "body_style": "",
            "copy-color": "#ffffff"
          }
        }
      },
      "block_order": [
        "d7070ee9-070e-4753-a84f-25bcea1a325c",
        "5b1743e1-1fcf-40ee-b012-deff41331bb0"
      ],
      "settings": {
        "hero_image": "shopify:\/\/shop_images\/Men-header-1.jpg",
        "gradient-mobile": "linear-gradient(360deg, rgba(27, 35, 54, 1) 9%, rgba(31, 42, 68, 0) 68%)",
        "gradient-height": 8,
        "gradient-width": 16,
        "gradient-desktop": "linear-gradient(89deg, rgba(33, 37, 68, 0) 0.719%, rgba(31, 42, 68, 0) 32%, rgba(27, 35, 54, 1) 79%)",
        "bg-color": "#1b2336"
      }
    },
    "0ca16edf-c6da-4626-bd81-73180c075b20": {
      "type": "custom-liquid",
      "settings": {
        "custom_liquid": "",
        "color_scheme": "background-1",
        "padding_top": 12,
        "padding_bottom": 24
      }
    },
    "8342365c-05c5-4b6a-a68f-8cd68d02fff6": {
      "type": "article-main",
      "blocks": {
        "6b4b0d31-f48b-4952-b66d-f1b8c2998e0c": {
          "type": "body-text",
          "settings": {
            "body-copy": "<p>At Fairfax & Favor, we’re loving the unexpected love affair between the two different trends, so today we’re uncovering how you can confidently translate the coastal cowgirl look seamlessly into your existing wardrobe. With a refined take on the coastal cowgirl trend, you can stride ahead into the new season with some key pieces to elevate your planned summer outfits. <\/p>",
            "body-wrap": false,
            "body-color": "text-sg-grey-5",
            "body-style": "body-medium",
            "body-position": "text-center"
          }
        },
        "mid_title_UXEEmD": {
          "type": "mid-title",
          "settings": {
            "mid-title": "Coastal cowgirl: the latest viral trend",
            "title-style": "headline-1",
            "title-position": "text-center",
            "title-color": "#1E293A"
          }
        },
        "body_text_3FdfgD": {
          "type": "body-text",
          "settings": {
            "body-copy": "<p>Bringing together the coast and the desert, the latest trend to take hold of the fashion and online world is the coastal cowgirl aesthetic. Celebrities and influencers are currently mixing Western and beach inspired details with vigour, so now is definitely the right time to invest in those knee high cowboy boots! <\/p>",
            "body-wrap": false,
            "body-color": "text-sg-grey-5",
            "body-style": "body-medium",
            "body-position": "text-center"
          }
        },
        "body_text_A4VzHf": {
          "type": "body-text",
          "settings": {
            "body-copy": "<p>Think fringing, denim, nautical stripes, floaty materials and soft suede when it comes to embracing the coolest coastal cowgirl looks. Don’t be afraid to let everyone know that this isn’t your first rodeo when it comes to incorporating Western-style into your everyday ensembles. <\/p>",
            "body-wrap": false,
            "body-color": "text-sg-grey-5",
            "body-style": "body-medium",
            "body-position": "text-center"
          }
        },
        "mid_title_U6hNBy": {
          "type": "mid-title",
          "settings": {
            "mid-title": "Neutral colour palettes & bohemian accessories",
            "title-style": "headline-1",
            "title-position": "text-center",
            "title-color": "#1E293A"
          }
        },
        "body_text_hzVwrG": {
          "type": "body-text",
          "settings": {
            "body-copy": "<p>Natural materials such as leather, rattan and straw are the quintessential components for coastal cowgirl accessories such as bags, belts and woven hats. For clothing, denim, linen and even wool are versatile materials to play up with your style choices. Ensure the utmost wearability for this trend and stick to a neutral base colour palette, with creams, beiges and browns, and bringing in elements of colour with layered jewellery pieces for a truly bohemian feel. <\/p>",
            "body-wrap": false,
            "body-color": "text-sg-grey-5",
            "body-style": "body-medium",
            "body-position": "text-center"
          }
        },
        "body_text_6xw8kH": {
          "type": "body-text",
          "settings": {
            "body-copy": "<p>For an effortless accessory that ticks all of the boxes, pull together a blue denim dress at the waist, or a midi-denim skirt worn with a white shirt, with a stunning suede belt in brown, such as our <a href=\"https:\/\/www.fairfaxandfavor.com\/products\/the-ohio-belt-tan-leather\"><span style=\"text-decoration:underline\">Ohio belt<\/span><\/a>. The custom embroidery in contrast stitching on this belt emphasises the cowgirl vibes and is the ideal accessory for your timeless coastal cowgirl outfit. You could even swap out the denim in this outfit and instead opt for a linen dress with a crochet cardigan worn over your shoulders, cinching in your waist with the belt, for a harmonious blend of summer beach style with cowgirl details. Perfect for sipping Pimms at garden parties and evening BBQ’s with friends.<\/p>",
            "body-wrap": false,
            "body-color": "text-sg-grey-5",
            "body-style": "body-medium",
            "body-position": "text-center"
          }
        },
        "mid_title_aw8Pbz": {
          "type": "mid-title",
          "settings": {
            "mid-title": "Fringing is key for all cowgirls",
            "title-style": "headline-1",
            "title-position": "text-center",
            "title-color": "#1E293A"
          }
        },
        "body_text_Jp3yqH": {
          "type": "body-text",
          "settings": {
            "body-copy": "<p>The dynamic movement that fringe detailing on bags and footwear provides is an excellent way to add extra focus points to an outfit and really lean into the bohemian side of this trend. The Fairfax & Favor <a href=\"https:\/\/www.fairfaxandfavor.com\/collections\/the-fringed-collection\"><span style=\"text-decoration:underline\">Fringed collection<\/span><\/a> is a charming showcase of cowgirl-inspired fashion with pieces that can be embraced as part of the popular coastal cowgirl look. <\/p>",
            "body-wrap": false,
            "body-color": "text-sg-grey-5",
            "body-style": "body-medium",
            "body-position": "text-center"
          }
        },
        "body_text_jd4YE4": {
          "type": "body-text",
          "settings": {
            "body-copy": "<p>For the most wonderful date night outfit addition, we love <a href=\"https:\/\/www.fairfaxandfavor.com\/products\/the-regina-fringed-ankle-boot-tan\"><span style=\"text-decoration:underline\">The Regina fringed ankle boots<\/span><\/a> in tan suede. The wooden heel promises an attractive feminine design touch and can deliver an instant style refresh with playful Western vibes. Wear a floaty white embroidered dress to also get the coastal inspiration in there for a relaxed finish.<\/p>",
            "body-wrap": false,
            "body-color": "text-sg-grey-5",
            "body-style": "body-medium",
            "body-position": "text-center"
          }
        },
        "mid_title_E8xULj": {
          "type": "mid-title",
          "settings": {
            "mid-title": "Keep it simple",
            "title-style": "headline-1",
            "title-position": "text-center",
            "title-color": "#1E293A"
          }
        },
        "body_text_z63WzM": {
          "type": "body-text",
          "settings": {
            "body-copy": "<p>As tempting as it is, throwing all components of this trend together can be a quick way to lose style points and over do it! Too many fringed edges and tassels will be distracting and put you in costume territory. So to avoid looking too costume with the coastal cowgirl style, we recommend sticking with just two key elements of the trend, or even just focusing on one main piece as the star attraction of your ensemble. <\/p>",
            "body-wrap": false,
            "body-color": "text-sg-grey-5",
            "body-style": "body-medium",
            "body-position": "text-center"
          }
        },
        "body_text_Jr9cLw": {
          "type": "body-text",
          "settings": {
            "body-copy": "<p>Keep it simple, but also pack a statement punch with <a href=\"https:\/\/www.fairfaxandfavor.com\/products\/the-gina-top-navy-suede\"><span style=\"text-decoration:underline\">The Gina<\/span><\/a> top from our Fringed Collection. This uniquely designed top in navy or tan suede promises a structured approach to your coastal cowgirl attire, and can be worn zipped up or open over a nautical-inspired striped shirt and jeans combo. This sophisticated top would be a superb addition to a weekend outfit or even for work. Simply soften the look coastal-style with a rattan or straw material handbag and a pair of light coloured sandals.<\/p>",
            "body-wrap": false,
            "body-color": "text-sg-grey-5",
            "body-style": "body-medium",
            "body-position": "text-center"
          }
        },
        "body_text_bAMWDM": {
          "type": "body-text",
          "settings": {
            "body-copy": "<p>For further coastal cowgirl outfit inspo, you could team a pair of suede fringed boots with a linen navy and white striped midi-dress for the perfect summer evening drinks outfit with a main focus throwing a spotlight on the boots. For an easy to wear casual look, opt for a fringed cross body handbag as the stand-out Western-inspired accessory to complement a plain white t-shirt and pair of blue denim jeans combination. <\/p>",
            "body-wrap": false,
            "body-color": "text-sg-grey-5",
            "body-style": "body-medium",
            "body-position": "text-center"
          }
        },
        "body_text_kCdYTp": {
          "type": "body-text",
          "settings": {
            "body-copy": "<p>At Fairfax & Favor we incorporate elements of the latest trends into our tasteful collections to bring you fashion forward pieces you’ll love. Explore our expertly designed ranges of <a href=\"https:\/\/www.fairfaxandfavor.com\/collections\/womens-clothing\"><span style=\"text-decoration:underline\">women’s clothing<\/span><\/a> and designer <a href=\"https:\/\/www.fairfaxandfavor.com\/collections\/womens-accessories\"><span style=\"text-decoration:underline\">accessories<\/span><\/a> to find your next favourite piece. <\/p>",
            "body-wrap": false,
            "body-color": "text-sg-grey-5",
            "body-style": "body-medium",
            "body-position": "text-center"
          }
        }
      },
      "block_order": [
        "6b4b0d31-f48b-4952-b66d-f1b8c2998e0c",
        "mid_title_UXEEmD",
        "body_text_3FdfgD",
        "body_text_A4VzHf",
        "mid_title_U6hNBy",
        "body_text_hzVwrG",
        "body_text_6xw8kH",
        "mid_title_aw8Pbz",
        "body_text_Jp3yqH",
        "body_text_jd4YE4",
        "mid_title_E8xULj",
        "body_text_z63WzM",
        "body_text_Jr9cLw",
        "body_text_bAMWDM",
        "body_text_kCdYTp"
      ],
      "settings": {
        "width": "max-w-[873px]"
      }
    },
    "filterable_collection_multiple_cqtGdN": {
      "type": "filterable-collection-multiple",
      "blocks": {
        "tag_list_RBTeFJ": {
          "type": "tag_list",
          "settings": {
            "anchor": "",
            "collection": "mens-ankle-boots",
            "tag": "",
            "limit": 30
          }
        }
      },
      "block_order": [
        "tag_list_RBTeFJ"
      ],
      "settings": {
        "title": "Men's Ankle Boots",
        "quick_add": false
      }
    },
    "main": {
      "type": "main-article",
      "disabled": true,
      "custom_css": [
        "h3 {padding-top: 1rem;}"
      ],
      "settings": {}
    },
    "related-articles": {
      "type": "related-articles",
      "disabled": true,
      "settings": {}
    }
  },
  "order": [
    "b6c868ee-bd8b-439d-a02e-505fa82d99d1",
    "0ca16edf-c6da-4626-bd81-73180c075b20",
    "8342365c-05c5-4b6a-a68f-8cd68d02fff6",
    "filterable_collection_multiple_cqtGdN",
    "main",
    "related-articles"
  ]
}