{
  "sections": {
    "stylised_header_dYp3HW": {
      "type": "stylised-header",
      "blocks": {
        "title_MWgiaJ": {
          "type": "title",
          "settings": {
            "title": "Freshen Up: Essential Spring Cleaning Tips for Your Spring and Summer Wardrobe",
            "color-from": "#ae8a6b",
            "color-to": "#ae8a6b",
            "custom_css": ""
          }
        },
        "text_3DQRmC": {
          "type": "text",
          "settings": {
            "line-one": "At Fairfax & Favor we are looking forward to the new season and delivering the very best fashion-forward pieces and the latest trend inspiration fused with our iconic countryside luxury aesthetic.",
            "body_style": "",
            "copy-color": "#ffffff"
          }
        }
      },
      "block_order": [
        "title_MWgiaJ",
        "text_3DQRmC"
      ],
      "settings": {
        "hero_image": "shopify:\/\/shop_images\/hero-ada-biscuit-bella-sage.jpg",
        "gradient-mobile": "linear-gradient(360deg, rgba(31, 42, 68, 1) 9%, rgba(31, 42, 68, 0) 68%)",
        "gradient-height": 16,
        "gradient-width": 16,
        "gradient-desktop": "linear-gradient(89deg, rgba(33, 37, 68, 0) 0.719%, rgba(31, 42, 68, 0) 32%, rgba(31, 42, 68, 1) 79%)",
        "bg-color": "#1e293a"
      }
    },
    "main": {
      "type": "main-article",
      "disabled": true,
      "settings": {}
    },
    "article_main_4ikYLC": {
      "type": "article-main",
      "blocks": {
        "body_text_LaFcNc": {
          "type": "body-text",
          "settings": {
            "body-copy": "<p>To help you get ready for the spring and summer seasons, today we’re bringing you essential spring cleaning tips to spruce up your wardrobe in time for the lighter, longer days ahead. <\/p>",
            "body-wrap": false,
            "body-color": "text-sg-grey-5",
            "body-style": "body-medium",
            "body-position": "text-center"
          }
        },
        "body_text_yHdGXi": {
          "type": "body-text",
          "settings": {
            "body-copy": "<p>Whether you’re looking to refresh existing pieces or hoping to learn more about how to take care of your new favourite garments, we’ve got you covered with our valuable how-to guide.<\/p>",
            "body-wrap": false,
            "body-color": "text-sg-grey-5",
            "body-style": "body-medium",
            "body-position": "text-center"
          }
        },
        "mid_title_Wbc7rU": {
          "type": "mid-title",
          "settings": {
            "mid-title": "Tackling stubborn stains",
            "title-style": "headline-1",
            "title-position": "text-center",
            "title-color": "#1E293A"
          }
        },
        "body_text_YUpEFt": {
          "type": "body-text",
          "settings": {
            "body-copy": "<p>Summer is all about indulging at picnics and garden parties, but with these outdoor activities comes the potential of discovering dreaded grass stains on our clothing. The good news is that grass stains can be removed from clothes with some careful cleaning and persistence. <\/p>",
            "body-wrap": false,
            "body-color": "text-sg-grey-5",
            "body-style": "body-medium",
            "body-position": "text-center"
          }
        },
        "body_text_gqB7QF": {
          "type": "body-text",
          "settings": {
            "body-copy": "<p>Firstly, check the manufacturer’s cleaning instructions on the label before attempting to remove any stains such as grass stains, and do not be tempted to use bleach on coloured fabrics. As soon as you notice the grass stain, it is important to pre-treat it by using a specialised stain remover product. Use a soft brush to gently scrub the solution into the stain and allow it to sit for at least 15 minutes to loosen the pigments. You may want to do this step again if the stain covers a particularly large area, or go ahead and launder the item as you usually would. <\/p>",
            "body-wrap": false,
            "body-color": "text-sg-grey-5",
            "body-style": "body-medium",
            "body-position": "text-center"
          }
        },
        "body_text_VezNKP": {
          "type": "body-text",
          "settings": {
            "body-copy": "<p>Likewise, as we move into the more social months of our event calendar, we can also encounter wine spillages on clothes. Of course, keeping the Bordeaux strictly in your wine glass is key to avoiding pesky stains, but accidents do happen, so it’s always best to know how to get a wine stain out of clothing. <\/p>",
            "body-wrap": false,
            "body-color": "text-sg-grey-5",
            "body-style": "body-medium",
            "body-position": "text-center"
          }
        },
        "body_text_WmeRze": {
          "type": "body-text",
          "settings": {
            "body-copy": "<p>Act as soon as possible by blotting with a clean cloth - never rub at a wine stain. If the wine is still wet, use salt or baking soda directly onto the stain to help soak up the liquid before it settles into the fabric fibres, then rinse with cold water. Apply a specialised stain remover to the affected area and allow it to soak before rinsing again with cold water. Wash as usual and allow to air dry. If the stain remains, you may need to repeat the process again with the stain removal product. <\/p>",
            "body-wrap": false,
            "body-color": "text-sg-grey-5",
            "body-style": "body-medium",
            "body-position": "text-center"
          }
        },
        "mid_title_FCjBVA": {
          "type": "mid-title",
          "settings": {
            "mid-title": "Always adhere to cleaning instructions",
            "title-style": "headline-1",
            "title-position": "text-center",
            "title-color": "#1E293A"
          }
        },
        "body_text_TAUYzG": {
          "type": "body-text",
          "settings": {
            "body-copy": "<p>When it comes to laundering clothes, it can be so easy to simply pop them into the washing machine without a thought. However, certain pieces of clothing should be given closer attention to their manufacturer's cleaning instructions in order to avoid damaging the material, shape or look of the garment. Fabrics that require the service of a dry cleaner can include silk, wool, suede, leather and cashmere, and washing at home may ruin the garment. <\/p>",
            "body-wrap": false,
            "body-color": "text-sg-grey-5",
            "body-style": "body-medium",
            "body-position": "text-center"
          }
        },
        "body_text_ni8qp3": {
          "type": "body-text",
          "settings": {
            "body-copy": "<p>We also recommend ensuring that you split your laundry into whites, lights and dark colours and wash separately in order to keep your whites sparkling white and light coloured clothes looking bright. Never mix light and dark coloured clothes to avoid colour bleeding, and utilise a laundry detergent specially designed for white washes to reduce the risk of any yellowing. <\/p>",
            "body-wrap": false,
            "body-color": "text-sg-grey-5",
            "body-style": "body-medium",
            "body-position": "text-center"
          }
        },
        "body_text_MrpLpn": {
          "type": "body-text",
          "settings": {
            "body-copy": "<p>You can always spot clean collars, cuffs and hems if they are in need of a freshening up after being stored away since last summer. <\/p>",
            "body-wrap": false,
            "body-color": "text-sg-grey-5",
            "body-style": "body-medium",
            "body-position": "text-center"
          }
        },
        "mid_title_9Lez4T": {
          "type": "mid-title",
          "settings": {
            "mid-title": "Store clothes appropriately",
            "title-style": "headline-1",
            "title-position": "text-center",
            "title-color": "#1E293A"
          }
        },
        "body_text_J7pQkg": {
          "type": "body-text",
          "settings": {
            "body-copy": "<p>The best way to improve the lifespan of your clothing so that they can be enjoyed season after season is to store them carefully. Always fold or hang your garments properly to minimise wrinkles and hang more delicate items such as blouses or dresses on sturdy hangers to help maintain their shape. Try not to cram too many pieces into your wardrobe or drawers and consider using lavender sachets to keep your clothes smelling wonderful between wears.<\/p>",
            "body-wrap": false,
            "body-color": "text-sg-grey-5",
            "body-style": "body-medium",
            "body-position": "text-center"
          }
        },
        "mid_title_AfVecP": {
          "type": "mid-title",
          "settings": {
            "mid-title": "Give your footwear some TLC - NEEDS UPDATING",
            "title-style": "headline-1",
            "title-position": "text-center",
            "title-color": "#1E293A"
          }
        },
        "body_text_CyepYj": {
          "type": "body-text",
          "settings": {
            "body-copy": "<p>To keep your summer footwear in top condition, it’s wise to invest in appropriate storage such as a shoe rack or cabinet. Always keep your favourite leather and suede shoes out of direct sunlight to avoid discolouration and store them somewhere dark and cool. You can also do some light footwear maintenance by brushing off any debris or dust with a soft brush before spot-cleaning any stubborn stains using a specialised cleaner suitable for the material. <\/p>",
            "body-wrap": false,
            "body-color": "text-sg-grey-5",
            "body-style": "body-medium",
            "body-position": "text-center"
          }
        },
        "body_text_qxR4tG": {
          "type": "body-text",
          "settings": {
            "body-copy": "<p>No matter how grubby they are from the previous season’s adventures, you should never submerge or soak your shoes in water or use any kind of bleach as a cleaning method as this can damage the material of leather and suede shoes. <\/p>",
            "body-wrap": false,
            "body-color": "text-sg-grey-5",
            "body-style": "body-medium",
            "body-position": "text-center"
          }
        },
        "body_text_xHdTtk": {
          "type": "body-text",
          "settings": {
            "body-copy": "<p>You can keep your footwear feeling and smelling fresh this summer with new removable insoles to improve comfort and keep any odours at bay. Wearing moisture-wicking socks or cotton shoe liners can provide protection against blisters and help to control odour issues in the warmer weather.<\/p>",
            "body-wrap": false,
            "body-color": "text-sg-grey-5",
            "body-style": "body-medium",
            "body-position": "text-center"
          }
        },
        "body_text_wb8qdm": {
          "type": "body-text",
          "settings": {
            "body-copy": "<p>Looking for a new addition to elevate your summer footwear collection? Look no further than the chic collections of <a href=\"https:\/\/www.fairfaxandfavor.com\/collections\/womens-driving-shoes\"><span style=\"text-decoration:underline\">women’s driving shoes<\/span><\/a> and <a href=\"https:\/\/www.fairfaxandfavor.com\/collections\/mens-driving-shoes\"><span style=\"text-decoration:underline\">men’s deck shoes<\/span><\/a> for stylish yet versatile footwear options to go with your summer wardrobe seamlessly.<\/p>",
            "body-wrap": false,
            "body-color": "text-sg-grey-5",
            "body-style": "body-medium",
            "body-position": "text-center"
          }
        }
      },
      "block_order": [
        "body_text_LaFcNc",
        "body_text_yHdGXi",
        "mid_title_Wbc7rU",
        "body_text_YUpEFt",
        "body_text_gqB7QF",
        "body_text_VezNKP",
        "body_text_WmeRze",
        "mid_title_FCjBVA",
        "body_text_TAUYzG",
        "body_text_ni8qp3",
        "body_text_MrpLpn",
        "mid_title_9Lez4T",
        "body_text_J7pQkg",
        "mid_title_AfVecP",
        "body_text_CyepYj",
        "body_text_qxR4tG",
        "body_text_xHdTtk",
        "body_text_wb8qdm"
      ],
      "settings": {
        "width": "max-w-[873px]"
      }
    },
    "custom_liquid_HNVgkH": {
      "type": "custom-liquid",
      "settings": {
        "custom_liquid": "",
        "color_scheme": "background-1",
        "padding_top": 24,
        "padding_bottom": 0
      }
    },
    "magazine_splash_mB6yHm": {
      "type": "magazine-splash",
      "blocks": {
        "feature_wCFN6L": {
          "type": "feature",
          "settings": {
            "image": "shopify:\/\/shop_images\/collection-ada-biscuit-gloves.jpg",
            "subtitle": "",
            "title": "",
            "button_text": "",
            "position": "",
            "link": "shopify:\/\/collections\/womens-capes"
          }
        },
        "feature_NxGYEX": {
          "type": "feature",
          "settings": {
            "image": "shopify:\/\/shop_images\/collection-sienna-cape-hounds.jpg",
            "subtitle": "",
            "title": "",
            "button_text": "",
            "position": "",
            "link": ""
          }
        }
      },
      "block_order": [
        "feature_wCFN6L",
        "feature_NxGYEX"
      ],
      "custom_css": [
        ".overflow-x-auto {overflow-x: auto; overflow-y: hidden;}"
      ],
      "settings": {
        "custom_class": "md:w-3\/4 mx-auto"
      }
    },
    "custom_liquid_7jyKB9": {
      "type": "custom-liquid",
      "settings": {
        "custom_liquid": "",
        "color_scheme": "background-1",
        "padding_top": 0,
        "padding_bottom": 12
      }
    },
    "image_block_ejYPWH": {
      "type": "image-block",
      "settings": {
        "image_block": "shopify:\/\/shop_images\/collection-box-blog-ankle-boot-8.jpg",
        "custom_class": "md:w-1\/2"
      }
    },
    "lifestyle_gallery_BFAtPk": {
      "type": "lifestyle-gallery",
      "blocks": {
        "lifestyle_block_4NWGV4": {
          "type": "lifestyle_block",
          "settings": {
            "image": "shopify:\/\/shop_images\/Untitled-2_copy.webp",
            "title": "Zara Tindall",
            "sub_title": "British Eventer",
            "product_1": "the-mini-loxley-crossbody-high-shine-navy-croc-print-leather",
            "product_2": ""
          }
        },
        "lifestyle_block_hKA73N": {
          "type": "lifestyle_block",
          "settings": {
            "image": "shopify:\/\/shop_images\/Laurawright-cheltenham.webp",
            "title": "Laura Wright",
            "sub_title": "Soprano",
            "product_1": "loxley-mini-cross-body-bag-black-leather",
            "product_2": "the-heeled-regina-black-leather-boot"
          }
        },
        "lifestyle_block_gmY7iW": {
          "type": "lifestyle_block",
          "settings": {
            "image": "shopify:\/\/shop_images\/lukeharveycheltenham.webp",
            "title": "Luke Harvey",
            "sub_title": "Jockey, Television Presenter & Pundit",
            "product_1": "the-nelson",
            "product_2": ""
          }
        },
        "lifestyle_block_hRk7Yt": {
          "type": "lifestyle_block",
          "settings": {
            "image": "shopify:\/\/shop_images\/carolvorderman-cheltenham.webp",
            "title": "Carol Vorderman",
            "sub_title": "Television Presenter & Author",
            "product_1": "the-sienna-cape-taupe",
            "product_2": "the-amira-tan"
          }
        },
        "lifestyle_block_NXkzU4": {
          "type": "lifestyle_block",
          "settings": {
            "image": "shopify:\/\/shop_images\/georgiatoffolo-cheltenham.webp",
            "title": "Georgia Toffolo",
            "sub_title": "Reality Television Star on Made in Chelsea",
            "product_1": "the-heeled-regina-navy-blue-suede-boot",
            "product_2": ""
          }
        }
      },
      "block_order": [
        "lifestyle_block_4NWGV4",
        "lifestyle_block_hKA73N",
        "lifestyle_block_gmY7iW",
        "lifestyle_block_hRk7Yt",
        "lifestyle_block_NXkzU4"
      ],
      "settings": {
        "title": "Get Cheltenham Race Ready",
        "subtitle": "Seen at the Races #fairfaxandfavor?",
        "margin_top": "mt-0"
      }
    },
    "custom_liquid_ULEEhz": {
      "type": "custom-liquid",
      "settings": {
        "custom_liquid": "",
        "color_scheme": "background-1",
        "padding_top": 20,
        "padding_bottom": 0
      }
    },
    "custom_liquid_R8Yjff": {
      "type": "custom-liquid",
      "settings": {
        "custom_liquid": "",
        "color_scheme": "background-1",
        "padding_top": 0,
        "padding_bottom": 20
      }
    },
    "custom_liquid_3bfnBt": {
      "type": "custom-liquid",
      "settings": {
        "custom_liquid": "",
        "color_scheme": "background-1",
        "padding_top": 20,
        "padding_bottom": 0
      }
    },
    "featured_campaign_collection_9WL7QM": {
      "type": "featured-campaign-collection",
      "settings": {
        "image": "shopify:\/\/shop_images\/header-men-footwear-pine-chelsea.jpg",
        "title": "Cheltenham Chelsea Boots",
        "description": "",
        "button_text": "Shop the collection",
        "collection": "mens-ankle-boots",
        "limit": 4
      }
    },
    "custom_liquid_Ye8Mfj": {
      "type": "custom-liquid",
      "settings": {
        "custom_liquid": "",
        "color_scheme": "background-1",
        "padding_top": 0,
        "padding_bottom": 20
      }
    },
    "image_block_bPdzWT": {
      "type": "image-block",
      "disabled": true,
      "settings": {
        "image_block": "shopify:\/\/shop_images\/collection-box-mens-edward-gilet.jpg",
        "custom_class": "md:w-1\/2"
      }
    },
    "custom_liquid_AUPVQQ": {
      "type": "custom-liquid",
      "settings": {
        "custom_liquid": "<div class=\"w-full\">\n<div class=\"border border-sg-grey-6 mx-auto w-1\/2\">\n<\/div>\n<\/div>",
        "color_scheme": "background-1",
        "padding_top": 12,
        "padding_bottom": 12
      }
    },
    "magazine_splash_P6L4ak": {
      "type": "magazine-splash",
      "blocks": {
        "feature_QqnUpE": {
          "type": "feature",
          "settings": {
            "image": "shopify:\/\/shop_images\/Fiona_1d8b2191-2462-4ecb-9c4f-bf505db81003.jpg",
            "subtitle": "",
            "title": "",
            "button_text": "",
            "position": "",
            "link": ""
          }
        },
        "feature_BVMtNM": {
          "type": "feature",
          "settings": {
            "image": "shopify:\/\/shop_images\/Laura_7dc84a5d-4b4c-4a23-885f-8474cb786fab.jpg",
            "subtitle": "",
            "title": "",
            "button_text": "",
            "position": "",
            "link": ""
          }
        }
      },
      "block_order": [
        "feature_QqnUpE",
        "feature_BVMtNM"
      ],
      "custom_css": [
        ".overflow-x-auto {overflow-x: auto; overflow-y: hidden;}"
      ],
      "settings": {
        "custom_class": "md:w-3\/4 mx-auto"
      }
    },
    "custom_liquid_y4HEHc": {
      "type": "custom-liquid",
      "settings": {
        "custom_liquid": "<div class=\"w-full\">\n<div class=\"border border-sg-grey-6 mx-auto w-1\/2\">\n<\/div>\n<\/div>",
        "color_scheme": "background-1",
        "padding_top": 12,
        "padding_bottom": 12
      }
    },
    "about_us_rwHWga": {
      "type": "about-us",
      "settings": {
        "image": "shopify:\/\/shop_images\/collection-box-octavia-boot-heeled.jpg",
        "geo_location": "GBP, USD, EUR, AUD, CAD",
        "title": "THE CHELTENHAM COLLECTION",
        "description": "Our winning wardrobe heroes are sure to turn heads around the track. Gorgeous gilets, sophisticated capes and premium footwear - behold your new race style favourites.",
        "button_text": "SHOP NOW",
        "button_link": "shopify:\/\/collections\/cheltenham-races-outfits",
        "margin_top": "mt-5"
      }
    },
    "related-articles": {
      "type": "related-articles",
      "disabled": true,
      "settings": {}
    }
  },
  "order": [
    "stylised_header_dYp3HW",
    "main",
    "article_main_4ikYLC",
    "custom_liquid_HNVgkH",
    "magazine_splash_mB6yHm",
    "custom_liquid_7jyKB9",
    "image_block_ejYPWH",
    "lifestyle_gallery_BFAtPk",
    "custom_liquid_ULEEhz",
    "custom_liquid_R8Yjff",
    "custom_liquid_3bfnBt",
    "featured_campaign_collection_9WL7QM",
    "custom_liquid_Ye8Mfj",
    "image_block_bPdzWT",
    "custom_liquid_AUPVQQ",
    "magazine_splash_P6L4ak",
    "custom_liquid_y4HEHc",
    "about_us_rwHWga",
    "related-articles"
  ]
}