{
  "sections": {
    "b6c868ee-bd8b-439d-a02e-505fa82d99d1": {
      "type": "stylised-header",
      "blocks": {
        "d7070ee9-070e-4753-a84f-25bcea1a325c": {
          "type": "title",
          "settings": {
            "title": "How to Launch a Store and Befriend a Ghost in Bakewell",
            "color-from": "#AE8A6B",
            "color-to": "#ffffff",
            "custom_css": ""
          }
        },
        "5b1743e1-1fcf-40ee-b012-deff41331bb0": {
          "type": "text",
          "settings": {
            "line-one": "With the recent launch of our new Bakewell building, Fairfax and Favor officially has six glorious stores around the UK. Six! And only two of them are haunted.",
            "body_style": "",
            "copy-color": "#ffffff"
          }
        }
      },
      "block_order": [
        "d7070ee9-070e-4753-a84f-25bcea1a325c",
        "5b1743e1-1fcf-40ee-b012-deff41331bb0"
      ],
      "settings": {
        "hero_image": "shopify:\/\/shop_images\/Header2.jpg",
        "gradient-mobile": "linear-gradient(360deg, rgba(27, 35, 54, 1) 9%, rgba(31, 42, 68, 0) 68%)",
        "gradient-height": 8,
        "gradient-width": 16,
        "gradient-desktop": "linear-gradient(89deg, rgba(33, 37, 68, 0) 0.719%, rgba(31, 42, 68, 0) 32%, rgba(27, 35, 54, 1) 79%)",
        "bg-color": "#1b2336"
      }
    },
    "0ca16edf-c6da-4626-bd81-73180c075b20": {
      "type": "custom-liquid",
      "settings": {
        "custom_liquid": "",
        "color_scheme": "background-1",
        "padding_top": 12,
        "padding_bottom": 24
      }
    },
    "8342365c-05c5-4b6a-a68f-8cd68d02fff6": {
      "type": "article-main",
      "blocks": {
        "6b4b0d31-f48b-4952-b66d-f1b8c2998e0c": {
          "type": "body-text",
          "settings": {
            "body-copy": "<p>We are proud to say that Fairfax & Favor is making great strides (this is easier to do in fabulous boots) into a future that looks bright and impressively stylish. Our brand new Bakewell store is the first designed specifically to showcase our range of outerwear, with customer favourites such as <a href=\"https:\/\/www.fairfaxandfavor.com\/products\/the-sienna-cape-taupe\">the Sienna Cape<\/a> and the <a href=\"https:\/\/www.fairfaxandfavor.com\/products\/the-primrose-gilet-navy\">Navy Suede Primrose Gilet<\/a> on display; our Fairfax & Favor horse Mayheblucky came third in ????? race, and our US stands are a roaring success.  <\/p>",
            "body-wrap": false,
            "body-color": "text-sg-grey-5",
            "body-style": "body-medium",
            "body-position": "text-center"
          }
        },
        "1da1042d-d916-473b-87df-37fc710e11c7": {
          "type": "body-text",
          "settings": {
            "body-copy": "<p>Yet we can promise that Fairfax & Favor will never become too big for our own tasselled boots. How, you ask? <\/p>",
            "body-wrap": false,
            "body-color": "text-sg-grey-5",
            "body-style": "body-medium",
            "body-position": "text-center"
          }
        },
        "2ad4e692-3d6c-4c4a-ac35-6924326f5be5": {
          "type": "mid-title",
          "settings": {
            "mid-title": "Staying True to our Boots: A Three-Step Promise",
            "title-style": "headline-6",
            "title-position": "text-center",
            "title-color": "#1E293A"
          }
        },
        "bda06cda-b208-4af0-9a14-af3ca6bf8e42": {
          "type": "body-text",
          "settings": {
            "body-copy": "<ul><li>We Listen to our Customers: For the big decisions as well as the small<\/li><li>We Pay attention to History: Even when history comes in the form of Fave the ghost or a jail-truend-stock-room.<\/li><li>We Hire Excessively Talented People: Who make sure we stay on track! <\/li><\/ul>",
            "body-wrap": true,
            "body-color": "text-sg-grey-5",
            "body-style": "body-medium",
            "body-position": "text-left"
          }
        },
        "53e9c809-99d8-4d84-ab0a-080340e3fd14": {
          "type": "body-text",
          "settings": {
            "body-copy": "<p>Launching our brand-new, luxury British-style store in Bakewell was a powerful lesson in the importance of sticking to these lessons. It was  also an inspiring example of what can happen when we do. <\/p>",
            "body-wrap": false,
            "body-color": "text-sg-grey-5",
            "body-style": "body-medium",
            "body-position": "text-center"
          }
        },
        "mid_title_JPELyB": {
          "type": "mid-title",
          "settings": {
            "mid-title": "A Fairfax & Shopper Brings Us a Shop",
            "title-style": "headline-6",
            "title-position": "text-center",
            "title-color": "#1E293A"
          }
        },
        "body_text_qwfm3B": {
          "type": "body-text",
          "settings": {
            "body-copy": "<p><em>Our customers really do know best.  <\/em><\/p>",
            "body-wrap": false,
            "body-color": "text-sg-grey-5",
            "body-style": "body-medium",
            "body-position": "text-center"
          }
        },
        "body_text_G3VgMT": {
          "type": "body-text",
          "settings": {
            "body-copy": "<p>Becoming one of Fairfax & Favor’s most loyal customers is no easy feat. These are the true experts on luxury British style, the people we turn to for feedback on our designs, whose opinions we often trust more than our own. When lovely customer Angela reached out with ‘the perfect building for a Fairfax & Favor Store’, we headed straight over to Bakewell to see it.<\/p>",
            "body-wrap": false,
            "body-color": "text-sg-grey-5",
            "body-style": "body-medium",
            "body-position": "text-center"
          }
        },
        "body_text_Y49gVP": {
          "type": "body-text",
          "settings": {
            "body-copy": "<p>At first sight, it was clear that this building was destined to be ours. The classic stone brickwork and expansive, welcoming windows overlooking the hills drew us in, but it was the dramatic staircase, outdoor terrace, and welcoming <a href=\"https:\/\/www.fairfaxandfavor.com\/blogs\/journal\/discovering-the-heart-of-the-peak-district\">Bakewell community<\/a> that cinched the deal. This would become the second double-story Fairfax & Favor store, another space we could design to feel more like a home than a shop<\/p>",
            "body-wrap": false,
            "body-color": "text-sg-grey-5",
            "body-style": "body-medium",
            "body-position": "text-center"
          }
        },
        "body_text_4ikC3r": {
          "type": "body-text",
          "settings": {
            "body-copy": "<p>And since this gorgeous space, once a Town Hall, had been abandoned for over two years, we knew that Bakewell would be happy for it to be given a new life.  <\/p>",
            "body-wrap": false,
            "body-color": "text-sg-grey-5",
            "body-style": "body-medium",
            "body-position": "text-center"
          }
        },
        "mid_title_RtPmbp": {
          "type": "mid-title",
          "settings": {
            "mid-title": "Jails and Talkative Ghosts ",
            "title-style": "headline-6",
            "title-position": "text-center",
            "title-color": "#1E293A"
          }
        },
        "body_text_Ncd7Tg": {
          "type": "body-text",
          "settings": {
            "body-copy": "<p><em>Paying our respects to history<\/em><\/p>",
            "body-wrap": false,
            "body-color": "text-sg-grey-5",
            "body-style": "body-medium",
            "body-position": "text-center"
          }
        },
        "body_text_EMk3XR": {
          "type": "body-text",
          "settings": {
            "body-copy": "<p>Our stores are a passion project for Founder and Director Felix Parker. ‘There is something about a building on a high street with our name on it’, he says, ‘that feels so much more real than anything else. This is also why we love to take on buildings with a history that we can pay homage to and become a part of. I will admit we didn’t fully know what we were getting into with the Bakewell store. Then again, when do we ever know what we are getting into, really?’ <\/p>",
            "body-wrap": false,
            "body-color": "text-sg-grey-5",
            "body-style": "body-medium",
            "body-position": "text-center"
          }
        },
        "body_text_6eL9Yj": {
          "type": "body-text",
          "settings": {
            "body-copy": "<p>The Bakewell store was built in 1602 and was previously a Town Hall, but the downstairs area was used as a jail. One day, our usually unflappable Head of Retail, Connie, busy moving interior design pieces which had taken up her entire spare room for over 3 months, called in a state of panic. Every team member, in different parts of the building but at once, had heard a gloomy voice moaning from within the walls, ‘<em>What is going on here? What is going on here?<\/em>’ <\/p>",
            "body-wrap": false,
            "body-color": "text-sg-grey-5",
            "body-style": "body-medium",
            "body-position": "text-center"
          }
        },
        "body_text_Fmeigx": {
          "type": "body-text",
          "settings": {
            "body-copy": "<p>It turns out that we have a rather chatty ghost in the Bakewell store, and he isn’t a fan of change.<br\/>Apparently, his name is Dave<\/p>",
            "body-wrap": false,
            "body-color": "text-sg-grey-5",
            "body-style": "body-medium",
            "body-position": "text-center"
          }
        },
        "body_text_jNktMq": {
          "type": "body-text",
          "settings": {
            "body-copy": "<p>Fortunately, this is not our first haunting experience. Our Stamford ghost likes to move our stock around for fun and has done so for years, according to the Jones bootmakers who were there before us. So naturally, we turned the Bakewell downstairs jail into a stock room – Dave, like our Stamford ghost, likes boxes more than people – and decided to pay homage to history in the way we do best: through design.<\/p>",
            "body-wrap": false,
            "body-color": "text-sg-grey-5",
            "body-style": "body-medium",
            "body-position": "text-center"
          }
        },
        "body_text_YPPEHT": {
          "type": "body-text",
          "settings": {
            "body-copy": "<p>Since the nearby <a href=\"https:\/\/www.chatsworth.org\/\">Chatsworth Estate<\/a> has over 4,000 years of art and history within its walls, it seemed like a pretty good place to start. <\/p>",
            "body-wrap": false,
            "body-color": "text-sg-grey-5",
            "body-style": "body-medium",
            "body-position": "text-center"
          }
        },
        "mid_title_jbjpY9": {
          "type": "mid-title",
          "settings": {
            "mid-title": "Galleries and Staircases and Talented Women",
            "title-style": "headline-6",
            "title-position": "text-center",
            "title-color": "#1E293A"
          }
        },
        "body_text_9649Hr": {
          "type": "body-text",
          "settings": {
            "body-copy": "<p><em>Pretty history<\/em><\/p>",
            "body-wrap": false,
            "body-color": "text-sg-grey-5",
            "body-style": "body-medium",
            "body-position": "text-center"
          }
        },
        "body_text_NzQTyw": {
          "type": "body-text",
          "settings": {
            "body-copy": "<p>Our talented design ladies from <a href=\"https:\/\/www.cauldermoore.co.uk\/\">Caulder Moore<\/a>, Irene and Daniella love to celebrate local details and use them to create individual shopping experiences for each store. These talented women saw the grand staircase in the centre of our Bakewell store and knew that our customers deserved something equally classic. <\/p>",
            "body-wrap": false,
            "body-color": "text-sg-grey-5",
            "body-style": "body-medium",
            "body-position": "text-center"
          }
        },
        "body_text_GFjmY3": {
          "type": "body-text",
          "settings": {
            "body-copy": "<p>It is hardly possible to compare to Chatsworth Gallery’s collection, which is one of the best in the<br\/>world and boasts everything from Egyptian pottery to Rembrandt. Still, we have created a gallery  experience that we are very proud of, with immense hanging rails filled with beautiful framed pictures. We also have an upstairs section for private shoppers to browse our ‘art’ from the comfort of a princess armchair with bubbles or coffee in hand. What is more, our team plans to adapt the balcony space into a gorgeous terrace for the summer months.<\/p>",
            "body-wrap": false,
            "body-color": "text-sg-grey-5",
            "body-style": "body-medium",
            "body-position": "text-center"
          }
        },
        "body_text_VfDpxa": {
          "type": "body-text",
          "settings": {
            "body-copy": "<p>Every one of our <a href=\"https:\/\/www.fairfaxandfavor.com\/pages\/our-stores\">Fairfax & Favor stores<\/a> has something unique about it. Our dedicated customers will already know what they are, but here is a glimpse of the magic<\/p>",
            "body-wrap": false,
            "body-color": "text-sg-grey-5",
            "body-style": "body-medium",
            "body-position": "text-center"
          }
        },
        "body_text_cgVDWg": {
          "type": "body-text",
          "settings": {
            "body-copy": "<p><a href=\"https:\/\/www.fairfaxandfavor.com\/pages\/holt-store\">Holt<\/a>: Our first-ever store is a glimpse into the mad minds of Felix and Marcus and a nod to our beginnings since they designed it themselves. Fortunately, Irene and Daniella are in the midst of a redesign, so if you want to see a piece of Fairfax & Favor history, you will need to visit before March!<\/p>",
            "body-wrap": true,
            "body-color": "text-sg-grey-5",
            "body-style": "body-medium",
            "body-position": "text-center"
          }
        },
        "body_text_VW4K98": {
          "type": "body-text",
          "settings": {
            "body-copy": "<p><a href=\"https:\/\/www.fairfaxandfavor.com\/pages\/stamford-store\">Stamford<\/a>: Stamford boasts a gorgeous secret garden, as well as the ever-popular ‘wall of suede’.<\/p>",
            "body-wrap": true,
            "body-color": "text-sg-grey-5",
            "body-style": "body-medium",
            "body-position": "text-center"
          }
        },
        "body_text_tr7n7L": {
          "type": "body-text",
          "settings": {
            "body-copy": "<p><a href=\"https:\/\/www.fairfaxandfavor.com\/pages\/stow-store\">Stow-on-the-Wold<\/a>: Our ‘arch trees’ are reminiscent of Tolkien’s Doors of Durin for a reason – the next-door St Edward’s Church inspired them, as it did Tolkien, apparently. <\/p>",
            "body-wrap": true,
            "body-color": "text-sg-grey-5",
            "body-style": "body-medium",
            "body-position": "text-center"
          }
        },
        "body_text_ebqLHx": {
          "type": "body-text",
          "settings": {
            "body-copy": "<p><a href=\"https:\/\/www.fairfaxandfavor.com\/pages\/helmsley-store\">Helmsley<\/a><strong>: <\/strong>As if secret library doors weren’t enough, our stock  downstairs is kept in a monstrously massive safe from when the building was a bank!<\/p>",
            "body-wrap": true,
            "body-color": "text-sg-grey-5",
            "body-style": "body-medium",
            "body-position": "text-center"
          }
        },
        "body_text_ekmFwg": {
          "type": "body-text",
          "settings": {
            "body-copy": "<p><a href=\"https:\/\/www.fairfaxandfavor.com\/pages\/marlow-store\">Marlow<\/a>: Our port-hole windows are in honour of the Henley Regatta, and invite shoppers to feel as though they are moving through the water themselves. Meanwhile, private shoppers are invited into the Captain’s Cabin for their personalised Fairfax & Favor experience. <\/p>",
            "body-wrap": true,
            "body-color": "text-sg-grey-5",
            "body-style": "body-medium",
            "body-position": "text-center"
          }
        },
        "body_text_q9Xydh": {
          "type": "body-text",
          "settings": {
            "body-copy": "<p>So why not see them for yourself? Our stores are not only worth visiting in their own right; they are also based in the most beautiful parts of England. Our private shopping experiences are the most popular way to visit our stores, as they guarantee the undivided attention of one of our stylists, as well as a private room and VIP treatment, with no pressure to buy any of our carefully crafted designs, just the opportunity to try them all on in utter luxury.<\/p>",
            "body-wrap": false,
            "body-color": "text-sg-grey-5",
            "body-style": "body-medium",
            "body-position": "text-center"
          }
        },
        "body_text_YqDcEA": {
          "type": "body-text",
          "settings": {
            "body-copy": "<p>Whether you come for the shoes or  the views, we can promise a wonderful experience:<\/p><p><a href=\"\/pages\/our-stores\" target=\"_blank\" title=\"Our Stores\">Visit our Stores<\/a><\/p>",
            "body-wrap": false,
            "body-color": "text-sg-grey-5",
            "body-style": "body-medium",
            "body-position": "text-center"
          }
        }
      },
      "block_order": [
        "6b4b0d31-f48b-4952-b66d-f1b8c2998e0c",
        "1da1042d-d916-473b-87df-37fc710e11c7",
        "2ad4e692-3d6c-4c4a-ac35-6924326f5be5",
        "bda06cda-b208-4af0-9a14-af3ca6bf8e42",
        "53e9c809-99d8-4d84-ab0a-080340e3fd14",
        "mid_title_JPELyB",
        "body_text_qwfm3B",
        "body_text_G3VgMT",
        "body_text_Y49gVP",
        "body_text_4ikC3r",
        "mid_title_RtPmbp",
        "body_text_Ncd7Tg",
        "body_text_EMk3XR",
        "body_text_6eL9Yj",
        "body_text_Fmeigx",
        "body_text_jNktMq",
        "body_text_YPPEHT",
        "mid_title_jbjpY9",
        "body_text_9649Hr",
        "body_text_NzQTyw",
        "body_text_GFjmY3",
        "body_text_VfDpxa",
        "body_text_cgVDWg",
        "body_text_VW4K98",
        "body_text_tr7n7L",
        "body_text_ebqLHx",
        "body_text_ekmFwg",
        "body_text_q9Xydh",
        "body_text_YqDcEA"
      ],
      "custom_css": [
        "h4 {color: #AE8A6B; padding: 0 0 1rem 0; text-decoration: underline;}",
        "h5 {color: #AE8A6B; padding: 1rem 0; text-decoration: underline;}",
        "a {color: #AE8A6B; text-decoration: underline;}",
        "h6 {padding-bottom: 0.5rem;}",
        "li {list-style-type: circle; list-style-position: inside;}"
      ],
      "settings": {}
    },
    "main": {
      "type": "main-article",
      "disabled": true,
      "custom_css": [
        "h3 {padding-top: 1rem;}"
      ],
      "settings": {}
    },
    "featured-collection": {
      "type": "filterable-collection",
      "disabled": true,
      "settings": {
        "title": "Featured Products",
        "quick_add": false,
        "collection": "",
        "limit": 12
      }
    },
    "related-articles": {
      "type": "related-articles",
      "disabled": true,
      "settings": {}
    }
  },
  "order": [
    "b6c868ee-bd8b-439d-a02e-505fa82d99d1",
    "0ca16edf-c6da-4626-bd81-73180c075b20",
    "8342365c-05c5-4b6a-a68f-8cd68d02fff6",
    "main",
    "featured-collection",
    "related-articles"
  ]
}