{
  "sections": {
    "b6c868ee-bd8b-439d-a02e-505fa82d99d1": {
      "type": "stylised-header",
      "blocks": {
        "d7070ee9-070e-4753-a84f-25bcea1a325c": {
          "type": "title",
          "settings": {
            "title": "These are the world’s most fashionable travel cities to visit",
            "color-from": "#AE8A6B",
            "color-to": "#ffffff",
            "custom_css": ""
          }
        },
        "5b1743e1-1fcf-40ee-b012-deff41331bb0": {
          "type": "text",
          "settings": {
            "line-one": "As we settle into the year 2024 the opportunity of new places to visit presents itself.\n<br><br>\nTo help you decide upon the ideal location for your next trip, we've gathered data to reveal what the top city breaks across the world are in 2024 for fashion enthusiasts",
            "body_style": "",
            "copy-color": "#ffffff"
          }
        }
      },
      "block_order": [
        "d7070ee9-070e-4753-a84f-25bcea1a325c",
        "5b1743e1-1fcf-40ee-b012-deff41331bb0"
      ],
      "settings": {
        "hero_image": "shopify:\/\/shop_images\/Header2.jpg",
        "gradient-mobile": "linear-gradient(360deg, rgba(27, 35, 54, 1) 9%, rgba(31, 42, 68, 0) 68%)",
        "gradient-height": 8,
        "gradient-width": 16,
        "gradient-desktop": "linear-gradient(89deg, rgba(33, 37, 68, 0) 0.719%, rgba(31, 42, 68, 0) 32%, rgba(27, 35, 54, 1) 79%)",
        "bg-color": "#1b2336"
      }
    },
    "0ca16edf-c6da-4626-bd81-73180c075b20": {
      "type": "custom-liquid",
      "settings": {
        "custom_liquid": "",
        "color_scheme": "background-1",
        "padding_top": 12,
        "padding_bottom": 24
      }
    },
    "8342365c-05c5-4b6a-a68f-8cd68d02fff6": {
      "type": "article-main",
      "blocks": {
        "6b4b0d31-f48b-4952-b66d-f1b8c2998e0c": {
          "type": "body-text",
          "settings": {
            "body-copy": "<p>As we settle into the year 2024 the opportunity of new places to visit presents itself. Already city breaks are proving to be a popular choice, 158,200 people worldwide have searched for city breaks in the past month alone.<\/p>",
            "body-wrap": false,
            "body-color": "text-sg-grey-5",
            "body-style": "body-medium",
            "body-position": "text-center"
          }
        },
        "1da1042d-d916-473b-87df-37fc710e11c7": {
          "type": "body-text",
          "settings": {
            "body-copy": "<p>Visiting major cities has the benefit of combining a history of culture and arts, with most destinations offering plenty of shopping choices. If you are a lover of fashion you may take pleasure in exploring cities which are steeped in fashion history, you may also be looking for a city break which promises style inspiration from its residents and picturesque places for your travel look photos. <\/p>",
            "body-wrap": false,
            "body-color": "text-sg-grey-5",
            "body-style": "body-medium",
            "body-position": "text-center"
          }
        },
        "bda06cda-b208-4af0-9a14-af3ca6bf8e42": {
          "type": "body-text",
          "settings": {
            "body-copy": "<p>To help you decide upon the ideal location for your next trip, we've gathered data to reveal what the top city breaks across the world are in 2024 for fashion enthusiasts. We reviewed the most popular fashion cities in the UK, USA and globally based on search interest for transport links (flights and trains), hotel searches, online fashion articles mentioning the cities, Pinterest and Instagram data. Take a look at which cities scored highly below.<\/p>",
            "body-wrap": false,
            "body-color": "text-sg-grey-5",
            "body-style": "body-medium",
            "body-position": "text-center"
          }
        },
        "2ad4e692-3d6c-4c4a-ac35-6924326f5be5": {
          "type": "mid-title",
          "settings": {
            "mid-title": "Top Global Cities for Fashion Travel",
            "title-style": "headline-1",
            "title-position": "text-center",
            "title-color": "#1E293A"
          }
        },
        "d81ebdef-ad3f-4ce9-b266-226607e1e15a": {
          "type": "body-image",
          "settings": {
            "body-image": "shopify:\/\/shop_images\/1-1_e2503442-ac89-4137-9b49-f5ecbfeffd85.jpg"
          }
        },
        "53e9c809-99d8-4d84-ab0a-080340e3fd14": {
          "type": "body-text",
          "settings": {
            "body-copy": "<p>London scored highest in our travel index, with a score of 62 out of 100 points for its fashion travel credentials. The birthplace of many fashion trends and a location which is an ever evolving muse to fashion designers, the UK capital proved a popular destination. London scored highly for searches for flights, Pinterest and Instagram engagement and its volume of mentions across fashion media articles online. A trip to London promises lots to see and do so it's recommended to allocate several days to tick everything off your list. Popular areas for fashion enthusiasts include Carnaby Street in Soho, Oxford Street, Camden, Notting Hill, Knightsbridge and Chelsea. Spend a few hours exploring and you’ll find a broad spectrum of style inspiration by perusing the stores and taking note of locals street style.<\/p>",
            "body-wrap": false,
            "body-color": "text-sg-grey-5",
            "body-style": "body-medium",
            "body-position": "text-center"
          }
        },
        "f019fce5-17b0-4773-9fa0-b7a624945b7b": {
          "type": "body-text",
          "settings": {
            "body-copy": "<p>In second place was Paris, which scored 52 out of 100 and is another renowned destination for historic fashion with one of the world’s most notable fashion weeks. The French capital  is respected for its historic fashion houses and more recently has become a hotspot for street style inspiration, sparking millions of hashtags on Instagram and searches on Pinterest each month. Paris boasts a mixture of exclusive and accessible clothing stores, the area around Champs-Elysées hosts a range of stores from high street to high end and is a perfect spot to add to your list.<\/p>",
            "body-wrap": false,
            "body-color": "text-sg-grey-5",
            "body-style": "body-medium",
            "body-position": "text-center"
          }
        },
        "c6f53181-f217-4aea-b23f-37fa2f355531": {
          "type": "body-text",
          "settings": {
            "body-copy": "<p>New York ranked third in our global index with a score of 53 out of 100, listing top out of cities in the US. The city tied with Paris but received fewer social media engagement and holiday searches worldwide versus the French capital. Of all cities compared, New York receives the most fashion media press by far, with nearly 10 million articles mentioning the city online. New York city hosts the most celebrated fashion week in America and has long established respect within the fashion community. The city offers a diverse range of locations for stylish sightseers to visit, the island of Manhattan being most notable for housing The Metropolitan Museum of Art, which hosts The Met Gala each year, amongst many other fashion tourist spots. More casually adorned street style can be found in fashionable district Brooklyn, head to Dumbo to check the iconic skyline photograph off of your list. Be sure to wear some comfortable <a href=\"https:\/\/www.fairfaxandfavor.com\/collections\/womens-boots\" target=\"_blank\" title=\"Womens' Boots\">boots<\/a> if you visit as you will surely be covering a lot of ground walking.<\/p>",
            "body-wrap": false,
            "body-color": "text-sg-grey-5",
            "body-style": "body-medium",
            "body-position": "text-center"
          }
        },
        "8074f00b-9c52-457d-8c50-68a32f39262d": {
          "type": "body-text",
          "settings": {
            "body-copy": "<p>US cities Las Vegas and Miami also made the top list, alongside Dubai to complete the top five destinations. Each has its own ties to fashion, whether that is a large variety of shopping malls and stores or high engagement online to provide style inspiration to others. The US proved popular in general as several states made the top 10, with Chicago and Los Angeles additionally making the list. <\/p>",
            "body-wrap": false,
            "body-color": "text-sg-grey-5",
            "body-style": "body-medium",
            "body-position": "text-center"
          }
        },
        "5c67e843-e284-43e4-a272-cd4006cd1420": {
          "type": "mid-title",
          "settings": {
            "mid-title": "Top UK Cities for Fashion Travel",
            "title-style": "headline-1",
            "title-position": "text-center",
            "title-color": "#1E293A"
          }
        },
        "f7ae7acb-03d8-4c85-9946-77e5541e5c51": {
          "type": "body-image",
          "settings": {
            "body-image": "shopify:\/\/shop_images\/2-1_672c7673-a80c-4273-a84b-2daf3d647fdc.jpg"
          }
        },
        "cdee6162-d7b2-4fed-b203-dccd3bbb8e47": {
          "type": "body-text",
          "settings": {
            "body-copy": "<p>London scored best for fashion travel in the UK as well as globally. This is hardly surprising given the city's history of fashion influence, but some of the other top cities which made the rankings proved how diverse and far reaching fashion inspiration across the UK can travel.<\/p>",
            "body-wrap": false,
            "body-color": "text-sg-grey-5",
            "body-style": "body-medium",
            "body-position": "text-center"
          }
        },
        "b443daa1-a057-4be5-bb96-401dcfdbdcc2": {
          "type": "body-text",
          "settings": {
            "body-copy": "<p>Manchester came in second place and is a city renowned for its industrial heritage. Famous for its textile and cotton manufacturing, the city has evolved over decades and remains as relevant for its fashion inspiration today as ever before. Manchester received the most online fashion articles mentioning the city and the most monthly searches for hotels outside of London. From the tailored attire of Spinningfields dwellers to the youthful attire of the Northern Quarter creatives, there is much fashion influence to be taken from residents of the northern city. Manchester is also perfect for shoppers, boasting a range of luxury stores in the city centre and further afield, such as the Trafford Centre.<\/p>",
            "body-wrap": false,
            "body-color": "text-sg-grey-5",
            "body-style": "body-medium",
            "body-position": "text-center"
          }
        },
        "24fd5baa-a514-4900-a6f8-ce170e7948af": {
          "type": "body-text",
          "settings": {
            "body-copy": "<p>In third place is Bristol, a city well known for its creative industries with styles to suit. The city is a popular place for students and young professionals alike, promising some modern and expressionist street style looks to take inspiration from if you visit. Cardiff was the top Welsh destination to visit for fashion enthusiasts and both Glasgow and Edinburgh topped list rankings for Scotland.<\/p>",
            "body-wrap": false,
            "body-color": "text-sg-grey-5",
            "body-style": "body-medium",
            "body-position": "text-center"
          }
        },
        "a2336e2c-b0c3-42a5-b16f-cb2abe604ef3": {
          "type": "mid-title",
          "settings": {
            "mid-title": "Top US Cities for Fashion Travel",
            "title-style": "headline-1",
            "title-position": "text-center",
            "title-color": "#1E293A"
          }
        },
        "10d0768a-e9fd-453f-9cf8-5aa9e6ed22b4": {
          "type": "body-image",
          "settings": {
            "body-image": "shopify:\/\/shop_images\/3-1_36b6c373-2ad5-4ca7-a93e-450c5d736f5a.jpg"
          }
        },
        "59564d38-3f40-430c-a342-95bf6d19d17e": {
          "type": "body-text",
          "settings": {
            "body-copy": "<p>Across the US, New York scored highest for its fashion credentials. As already cited, the city generates a huge volume of interest across the internet with almost 10 million articles online.<\/p>",
            "body-wrap": false,
            "body-color": "text-sg-grey-5",
            "body-style": "body-medium",
            "body-position": "text-center"
          }
        },
        "606b2c7a-ad7b-41d6-a3ea-563ea270a5ec": {
          "type": "body-text",
          "settings": {
            "body-copy": "<p>Miami ranked second, with a score of 61 out of 100. Miami did beat New York for its Instagram influence, scoring highest of all US cities for fashion posts on the social media platform. Not only a great destination for shopping and luxury purchases, but the city also promises sunny skies and warm temperatures as an added bonus.<\/p>",
            "body-wrap": false,
            "body-color": "text-sg-grey-5",
            "body-style": "body-medium",
            "body-position": "text-center"
          }
        },
        "9dbd1b50-173b-444c-8671-a36a2ae9d93d": {
          "type": "body-text",
          "settings": {
            "body-copy": "<p>Las Vegas came third in the list and whilst perhaps surprising to some it beat Los Angeles, the city scored highly for its large volume of online fashion media mentions, flight searches and pinterest searches. The Vegas strip is a destination like no other, allowing holidaymakers to explore the unique hotels which all have different themes. The large hotels offer a range of entertainment, dining and shopping experiences to guests, with many housing luxury clothing and accessory brands as a standard feature for guests.<\/p>",
            "body-wrap": false,
            "body-color": "text-sg-grey-5",
            "body-style": "body-medium",
            "body-position": "text-center"
          }
        },
        "e3bd3f33-154b-4b83-aec0-79c152f6c4af": {
          "type": "body-text",
          "settings": {
            "body-copy": "<p>Some other cities included in the top 10 were Nashville, Chicago and Atlanta, proving the broad range of US destinations that can provide style inspiration.<\/p>",
            "body-wrap": false,
            "body-color": "text-sg-grey-5",
            "body-style": "body-medium",
            "body-position": "text-center"
          }
        },
        "cd271459-69a3-4e70-aaf7-0446a90439e4": {
          "type": "body-text",
          "settings": {
            "body-copy": "<p>For timeless pieces that are perfect for your next travel destination, take a look at our <a href=\"https:\/\/www.fairfaxandfavor.com\/collections\/womens-bags\" target=\"_blank\" title=\"Classic Women's Bags\"><span style=\"text-decoration:underline\">Classic Women's Bags <\/span><\/a>and <a href=\"https:\/\/www.fairfaxandfavor.com\/collections\/mens-bags\" target=\"_blank\" title=\"Men's Bags\"><span style=\"text-decoration:underline\">Men's Bags<\/span><\/a><\/p>",
            "body-wrap": false,
            "body-color": "text-sg-grey-5",
            "body-style": "body-medium",
            "body-position": "text-center"
          }
        },
        "76d296ec-d3d5-4217-b22d-8fab20d9b0d1": {
          "type": "body-text",
          "settings": {
            "body-copy": "<p><em>How did we get this information?:<\/em><\/p><p><em>List of major cities across the three location categories were sourced from Wikipedia - UK, USA, Worldwide. Five ranking categories were used to determine the popularity of each city as a travel destination for fashion interest. The categories were Instagram posts(data from Instagram using each city plus ‘style’ or ‘fashion’ hashtags to gather volume), Pinterest average monthly searches(data from Pinterest searches worldwide), Google average monthly searches for flights\/trains and hotels(data from Semrush), number of online fashion articles mentioning each city (data from Ahrefs monitoring each city mentioned + ‘fashion’ worldwide across all indexed media news sites online). From the scores across each category, an index was created to score each category out of 20, leading to each city receiving a combined score out of 100.<\/em><\/p>",
            "body-wrap": false,
            "body-color": "text-sg-grey-5",
            "body-style": "body-medium-serif",
            "body-position": "text-center"
          }
        }
      },
      "block_order": [
        "6b4b0d31-f48b-4952-b66d-f1b8c2998e0c",
        "1da1042d-d916-473b-87df-37fc710e11c7",
        "bda06cda-b208-4af0-9a14-af3ca6bf8e42",
        "2ad4e692-3d6c-4c4a-ac35-6924326f5be5",
        "d81ebdef-ad3f-4ce9-b266-226607e1e15a",
        "53e9c809-99d8-4d84-ab0a-080340e3fd14",
        "f019fce5-17b0-4773-9fa0-b7a624945b7b",
        "c6f53181-f217-4aea-b23f-37fa2f355531",
        "8074f00b-9c52-457d-8c50-68a32f39262d",
        "5c67e843-e284-43e4-a272-cd4006cd1420",
        "f7ae7acb-03d8-4c85-9946-77e5541e5c51",
        "cdee6162-d7b2-4fed-b203-dccd3bbb8e47",
        "b443daa1-a057-4be5-bb96-401dcfdbdcc2",
        "24fd5baa-a514-4900-a6f8-ce170e7948af",
        "a2336e2c-b0c3-42a5-b16f-cb2abe604ef3",
        "10d0768a-e9fd-453f-9cf8-5aa9e6ed22b4",
        "59564d38-3f40-430c-a342-95bf6d19d17e",
        "606b2c7a-ad7b-41d6-a3ea-563ea270a5ec",
        "9dbd1b50-173b-444c-8671-a36a2ae9d93d",
        "e3bd3f33-154b-4b83-aec0-79c152f6c4af",
        "cd271459-69a3-4e70-aaf7-0446a90439e4",
        "76d296ec-d3d5-4217-b22d-8fab20d9b0d1"
      ],
      "custom_css": [
        "h4 {color: #AE8A6B; padding: 0 0 1rem 0; text-decoration: underline;}",
        "h5 {color: #AE8A6B; padding: 1rem 0; text-decoration: underline;}",
        "a {color: #AE8A6B; text-decoration: underline;}",
        "h6 {padding-bottom: 0.5rem;}"
      ],
      "settings": {}
    },
    "main": {
      "type": "main-article",
      "disabled": true,
      "custom_css": [
        "h3 {padding-top: 1rem;}"
      ],
      "settings": {}
    },
    "featured-collection": {
      "type": "filterable-collection",
      "disabled": true,
      "settings": {
        "title": "Featured Products",
        "quick_add": false,
        "collection": "",
        "limit": 12
      }
    },
    "related-articles": {
      "type": "related-articles",
      "disabled": true,
      "settings": {}
    }
  },
  "order": [
    "b6c868ee-bd8b-439d-a02e-505fa82d99d1",
    "0ca16edf-c6da-4626-bd81-73180c075b20",
    "8342365c-05c5-4b6a-a68f-8cd68d02fff6",
    "main",
    "featured-collection",
    "related-articles"
  ]
}