{
  "sections": {
    "stylised_header_dYp3HW": {
      "type": "stylised-header",
      "blocks": {
        "title_MWgiaJ": {
          "type": "title",
          "settings": {
            "title": "Taking Style Inspiration from Zara Tindall",
            "color-from": "#AE8A6B",
            "color-to": "#AE8A6B",
            "custom_css": ""
          }
        },
        "text_3DQRmC": {
          "type": "text",
          "settings": {
            "line-one": "Known as a fan of the Fairfax & Favor brand, today we’re delighted to be dedicating our style inspiration guide to Zara Tindall with hopes that you can feel royally enlightened to make updated fashionable choices with your own wardrobe.",
            "body_style": "",
            "copy-color": "#ffffff"
          }
        }
      },
      "block_order": [
        "title_MWgiaJ",
        "text_3DQRmC"
      ],
      "settings": {
        "hero_image": "shopify:\/\/shop_images\/Placeholder_a19ed04a-7b6e-49fe-957b-66a4815ee331.jpg",
        "gradient-mobile": "linear-gradient(360deg, rgba(31, 42, 68, 1) 9%, rgba(31, 42, 68, 0) 68%)",
        "gradient-height": 16,
        "gradient-width": 16,
        "gradient-desktop": "linear-gradient(89deg, rgba(33, 37, 68, 0) 0.719%, rgba(31, 42, 68, 0) 32%, rgba(31, 42, 68, 1) 79%)",
        "bg-color": "#1E293A"
      }
    },
    "main": {
      "type": "main-article",
      "disabled": true,
      "settings": {}
    },
    "article_main_4ikYLC": {
      "type": "article-main",
      "blocks": {
        "body_text_pxfJBt": {
          "type": "body-text",
          "settings": {
            "body-copy": "",
            "body-wrap": false,
            "body-color": "text-sg-grey-5",
            "body-style": "body-medium",
            "body-position": "text-center"
          }
        },
        "body_text_wFxb7L": {
          "type": "body-text",
          "settings": {
            "body-copy": "<p>As a popular member of the British Royal family, the late Queen Elizabeth’s granddaughter Zara Tindall has become a style inspiration. Taking direct cues from countryside fashion and riding elements courtesy of her career as an Olympic equestrian, her fashion choices have undoubtedly evolved in recent times – and she’s certainly caught our attention. <\/p>",
            "body-wrap": false,
            "body-color": "text-sg-grey-5",
            "body-style": "body-medium",
            "body-position": "text-center"
          }
        },
        "body_text_WeWiJQ": {
          "type": "body-text",
          "settings": {
            "body-copy": "<p>Known as a fan of the Fairfax & Favor brand, today we’re delighted to be dedicating our style inspiration guide to Zara Tindall with hopes that you can feel royally enlightened to make updated fashionable choices with your own wardrobe. <\/p>",
            "body-wrap": false,
            "body-color": "text-sg-grey-5",
            "body-style": "body-medium",
            "body-position": "text-center"
          }
        },
        "mid_title_kkKrak": {
          "type": "mid-title",
          "settings": {
            "mid-title": "Regal Wardrobe Updates",
            "title-style": "headline-5",
            "title-position": "text-center",
            "title-color": "#1E293A"
          }
        },
        "body_text_QhJbwK": {
          "type": "body-text",
          "settings": {
            "body-copy": "<p>The Princess Royal’s daughter Zara is no stranger to fashion clothing design principles. In 2010, she even designed and launched her own range of equestrian clothing for the brand Musto Outdoor Clothing called ZP176. The royal often gets her best style moments covered in publications such as Town & Country Magazine, The Telegraph and Tatler, with spotlights on her style makeover. Departing from her typical sporty style more suited to the fields, to exuding class and portraying timeless looks, Zara is certainly one to watch!<\/p>",
            "body-wrap": false,
            "body-color": "text-sg-grey-5",
            "body-style": "body-medium",
            "body-position": "text-center"
          }
        },
        "body_text_GAiVYL": {
          "type": "body-text",
          "settings": {
            "body-copy": "<p>Often selecting chic structured pieces, favouriting classic checks and an unmistakable countryside aesthetic, Zara Tindall also knows how to have fun with her outfits, with pops of vibrant colour and feminine touches such as floral patterns and figure-flattering pieces. <\/p><p><\/p><p><\/p><p><\/p><p><\/p><p><\/p><p><\/p><p><\/p><p><\/p>",
            "body-wrap": false,
            "body-color": "text-sg-grey-5",
            "body-style": "body-medium",
            "body-position": "text-center"
          }
        }
      },
      "block_order": [
        "body_text_pxfJBt",
        "body_text_wFxb7L",
        "body_text_WeWiJQ",
        "mid_title_kkKrak",
        "body_text_QhJbwK",
        "body_text_GAiVYL"
      ],
      "custom_css": [
        "a {color: #AE8A6B; text-decoration: underline;}"
      ],
      "settings": {
        "width": "max-w-[873px]"
      }
    },
    "article_main_LeHBNk": {
      "type": "article-main",
      "blocks": {
        "mid_title_8pB8V3": {
          "type": "mid-title",
          "settings": {
            "mid-title": "A wardrobe fit for a princess",
            "title-style": "headline-5",
            "title-position": "text-center",
            "title-color": "#1E293A"
          }
        },
        "body_text_rjWb9R": {
          "type": "body-text",
          "settings": {
            "body-copy": "<p>Though she doesn’t officially carry the title of princess, Zara Tindall is one of the most visible members of the Royal Family and she is often spotted attending various outdoor sporting events such as Cheltenham races, Wimbledon and F1 Grand Prix in Monaco with her husband Mike Tindall. Her sophisticated style at these events has become a focus for many ladies keen to mimic her classy looks and modernise their wardrobes.<\/p>",
            "body-wrap": false,
            "body-color": "text-sg-grey-5",
            "body-style": "body-medium",
            "body-position": "text-center"
          }
        },
        "body_text_xrBCfU": {
          "type": "body-text",
          "settings": {
            "body-copy": "<p>There are a few staples in Zara’s wardrobe that suit her wonderfully and she knows how to play up to these pieces that suit her the most. The first is a patterned midi dress with long or ¾ length sleeves, pulled in at the waist with a belt for a figure-flattering silhouette. An outerwear style we often see her wearing is a beautifully tailored long coat in rich hues of navy, plum or dark red that she layers over dresses.<\/p>",
            "body-wrap": false,
            "body-color": "text-sg-grey-5",
            "body-style": "body-medium",
            "body-position": "text-center"
          }
        },
        "body_text_VQJbtr": {
          "type": "body-text",
          "settings": {
            "body-copy": "<p>At Wimbledon 2023, Zara Tindall wore a refined summer outfit of a navy and white striped long sleeve midi-dress cinched in at the waist, with heeled tan espadrilles and a white fedora hat. Simple yet stylish, she completed the look with a tan and cream coloured raffia cross body bag. The matching tan footwear and bag pulled the look together perfectly and can be easily replicated with your own fashion choices. <\/p>",
            "body-wrap": false,
            "body-color": "text-sg-grey-5",
            "body-style": "body-medium",
            "body-position": "text-center"
          }
        },
        "body_text_8NTjhi": {
          "type": "body-text",
          "settings": {
            "body-copy": "<p>It’s this relaxed style of a structured yet lightweight cotton midi-dress that works well for ladies looking to update their wardrobe with classic pieces that they can rely on all season and simply update with various accessories, such as bags and hats, to suit the occasion. <\/p>",
            "body-wrap": false,
            "body-color": "text-sg-grey-5",
            "body-style": "body-medium",
            "body-position": "text-center"
          }
        }
      },
      "block_order": [
        "mid_title_8pB8V3",
        "body_text_rjWb9R",
        "body_text_xrBCfU",
        "body_text_VQJbtr",
        "body_text_8NTjhi"
      ],
      "custom_css": [
        "a {color: #AE8A6B; text-decoration: underline;}"
      ],
      "settings": {
        "width": "max-w-[873px]"
      }
    },
    "image_block_iyxnNj": {
      "type": "image-block",
      "settings": {
        "image_block": "shopify:\/\/shop_images\/Collage.jpg",
        "custom_class": ""
      }
    },
    "article_main_9UCgFF": {
      "type": "article-main",
      "blocks": {
        "mid_title_3trgLw": {
          "type": "mid-title",
          "settings": {
            "mid-title": " A Fairfax & Favor favourite",
            "title-style": "headline-5",
            "title-position": "text-center",
            "title-color": "#1E293A"
          }
        },
        "body_text_Cgdgxy": {
          "type": "body-text",
          "settings": {
            "body-copy": "<p>Zara’s most coveted accessory from our brand which she has been pictured with on numerous occasions is the stunning <a href=\"https:\/\/www.fairfaxandfavor.com\/products\/the-mini-windsor-handbag-navy?variant=12156818063432\"><span style=\"text-decoration:underline\">Fairfax & Favor Mini Windsor bag<\/span><\/a>. Opting for a suede navy, the Mini Windsor bag favoured by Zara Tindall is a terrific cross body handbag option that complements a variety of different outfits due to its versatile design and material. Take inspiration from Zara by teaming yours with a button up midi-dress or linen jumpsuit with heeled <a href=\"https:\/\/www.fairfaxandfavor.com\/collections\/womens-espadrilles\"><span style=\"text-decoration:underline\">espadrilles<\/span><\/a> or sandals for the perfect spring-to-summer ensemble.<\/p>",
            "body-wrap": false,
            "body-color": "text-sg-grey-5",
            "body-style": "body-medium",
            "body-position": "text-center"
          }
        }
      },
      "block_order": [
        "mid_title_3trgLw",
        "body_text_Cgdgxy"
      ],
      "custom_css": [
        "a {color: #AE8A6B; text-decoration: underline;}"
      ],
      "settings": {
        "width": "max-w-[873px]"
      }
    },
    "article_main_jKaBRt": {
      "type": "article-main",
      "blocks": {
        "mid_title_XEzUHE": {
          "type": "mid-title",
          "settings": {
            "mid-title": "Royally stylish footwear",
            "title-style": "headline-5",
            "title-position": "text-center",
            "title-color": "#1E293A"
          }
        },
        "body_text_XJEdzn": {
          "type": "body-text",
          "settings": {
            "body-copy": "<p>In all likelihood taking inspiration from her illustrious riding career, it is no surprise that Zara is a big advocate of wearing high knee length boots with a sophisticated heel for that additional feminine element. She has been spotted wearing the Fairfax & Favor <a href=\"https:\/\/www.fairfaxandfavor.com\/products\/the-high-heeled-regina-black-suede\"><span style=\"text-decoration:underline\">Regina boots<\/span><\/a> in black suede and our <a href=\"https:\/\/www.fairfaxandfavor.com\/products\/the-soho-black\"><span style=\"text-decoration:underline\">Soho boots<\/span><\/a>, also in an easy to style black. Do as the fashionable royal does and style your premium knee high boots with skinny black or grey denim jeans and a blouse with a <a href=\"https:\/\/www.fairfaxandfavor.com\/collections\/trench-coats\"><span style=\"text-decoration:underline\">trench coat<\/span><\/a> as the perfect finishing touch. <\/p>",
            "body-wrap": false,
            "body-color": "text-sg-grey-5",
            "body-style": "body-medium",
            "body-position": "text-center"
          }
        },
        "body_text_T76gtj": {
          "type": "body-text",
          "settings": {
            "body-copy": "<p>If you’re a lover of colour like Zara but want to keep it tasteful, take a leaf out of her book and dress up an outfit with a colourful pair of heels. Attending the Ladies Day of Royal Ascot in 2022, Zara Tindall got people talking by showcasing bright fuschia coloured heels that perfectly matched the pink flower in her hat and buttons on her white dress. These unexpected details kept her outfit looking fun yet modern, and much more in-tune with her personal style. <\/p>",
            "body-wrap": false,
            "body-color": "text-sg-grey-5",
            "body-style": "body-medium",
            "body-position": "text-center"
          }
        }
      },
      "block_order": [
        "mid_title_XEzUHE",
        "body_text_XJEdzn",
        "body_text_T76gtj"
      ],
      "custom_css": [
        "a {color: #AE8A6B; text-decoration: underline;}"
      ],
      "settings": {
        "width": "max-w-[873px]"
      }
    },
    "image_block_BmtK87": {
      "type": "image-block",
      "settings": {
        "image_block": "shopify:\/\/shop_images\/Collage3.jpg",
        "custom_class": ""
      }
    },
    "custom_liquid_y4HEHc": {
      "type": "custom-liquid",
      "settings": {
        "custom_liquid": "<div class=\"w-full max-w-[873px] mx-auto\">\n<div class=\"border border-sg-grey-6 mx-auto w-1\/2\"><\/div>\n<p class=\"faf-container py-4 text-sg-grey-5 text-center\">If you’re looking to update your wardrobe this season à la Zara Tindall, Fairfax & Favor have got you covered with an impressive array of exceptionally majestic pieces. Discover our expertly designed collections of designer women’s shoes and bags to elevate your everyday outfits.  <\/p>\n<div class=\"border border-sg-grey-6 mx-auto w-1\/2\"><\/div>\n\n<\/div>",
        "color_scheme": "background-1",
        "padding_top": 12,
        "padding_bottom": 12
      }
    },
    "limited_collection_product_grid_gqPTa8": {
      "type": "limited-collection-product-grid",
      "settings": {
        "title": "Get The Look",
        "subtitle": "",
        "link_id": "",
        "filter": false,
        "list_products": [
          "the-mini-windsor-handbag-navy",
          "the-high-heeled-regina-regular-fit-mahogany",
          "the-mini-loxley-crossbody-high-shine-navy-croc-print-leather",
          "the-epsom-heel-navy"
        ],
        "show_add_to_bag": false,
        "products_per_page": 20,
        "check_size_available": false
      }
    },
    "about_us_rwHWga": {
      "type": "about-us",
      "disabled": true,
      "settings": {
        "image": "shopify:\/\/shop_images\/collection-box-octavia-boot-heeled.jpg",
        "geo_location": "GBP, USD, EUR, AUD, CAD",
        "title": "THE CHELTENHAM COLLECTION",
        "description": "Our winning wardrobe heroes are sure to turn heads around the track. Gorgeous gilets, sophisticated capes and premium footwear - behold your new race style favourites.",
        "button_text": "SHOP NOW",
        "button_link": "shopify:\/\/collections\/cheltenham-races-outfits",
        "margin_top": "mt-5"
      }
    },
    "related-articles": {
      "type": "related-articles",
      "disabled": true,
      "settings": {}
    }
  },
  "order": [
    "stylised_header_dYp3HW",
    "main",
    "article_main_4ikYLC",
    "article_main_LeHBNk",
    "image_block_iyxnNj",
    "article_main_9UCgFF",
    "article_main_jKaBRt",
    "image_block_BmtK87",
    "custom_liquid_y4HEHc",
    "limited_collection_product_grid_gqPTa8",
    "about_us_rwHWga",
    "related-articles"
  ]
}