{
  "sections": {
    "b6c868ee-bd8b-439d-a02e-505fa82d99d1": {
      "type": "stylised-header",
      "blocks": {
        "d7070ee9-070e-4753-a84f-25bcea1a325c": {
          "type": "title",
          "settings": {
            "title": "Boot Pairing Perfection: Matching Your Ankle Boots with Different Bottoms",
            "color-from": "#AE8A6B",
            "color-to": "#AE8A6B",
            "custom_css": ""
          }
        },
        "5b1743e1-1fcf-40ee-b012-deff41331bb0": {
          "type": "text",
          "settings": {
            "line-one": "No matter your personal style, everyone should have a pair or two of reliable ankle boots in their footwear collection. Not only does this style of shoe never go out of fashion, they are versatile enough to be worn all year round and for so many different occasions. Ankle boots are the all-round hero footwear item!",
            "body_style": "",
            "copy-color": "#ffffff"
          }
        }
      },
      "block_order": [
        "d7070ee9-070e-4753-a84f-25bcea1a325c",
        "5b1743e1-1fcf-40ee-b012-deff41331bb0"
      ],
      "settings": {
        "hero_image": "shopify:\/\/shop_images\/rockingham-collection.jpg",
        "gradient-mobile": "linear-gradient(360deg, rgba(27, 35, 54, 1) 9%, rgba(31, 42, 68, 0) 68%)",
        "gradient-height": 8,
        "gradient-width": 16,
        "gradient-desktop": "linear-gradient(89deg, rgba(33, 37, 68, 0) 0.719%, rgba(31, 42, 68, 0) 32%, rgba(27, 35, 54, 1) 79%)",
        "bg-color": "#1b2336"
      }
    },
    "0ca16edf-c6da-4626-bd81-73180c075b20": {
      "type": "custom-liquid",
      "settings": {
        "custom_liquid": "",
        "color_scheme": "background-1",
        "padding_top": 12,
        "padding_bottom": 24
      }
    },
    "8342365c-05c5-4b6a-a68f-8cd68d02fff6": {
      "type": "article-main",
      "blocks": {
        "body_text_9t8GyE": {
          "type": "body-text",
          "settings": {
            "body-copy": "<p>If you’re feeling like you’re stuck in a fashion rut right now with how to style women’s ankle boots during the transitional months from winter to spring, then we’re here to offer our contemporary style advice the traditional Fairfax & Favor way. <\/p>",
            "body-wrap": false,
            "body-color": "text-sg-grey-5",
            "body-style": "body-medium",
            "body-position": "text-center"
          }
        },
        "mid_title_a6FCBP": {
          "type": "mid-title",
          "settings": {
            "mid-title": "To heel or not to heel",
            "title-style": "headline-1",
            "title-position": "text-center",
            "title-color": "#1E293A"
          }
        },
        "body_text_BDBWTY": {
          "type": "body-text",
          "settings": {
            "body-copy": "<p>Heeled ankle boots are a fabulous option for elongating the legs effortlessly and when you want to dress up a more casual outfit. They are also an excellent, edgy alternative to other types of heeled footwear that will suit those looking for an instant modern update. <\/p>",
            "body-wrap": false,
            "body-color": "text-sg-grey-5",
            "body-style": "body-medium",
            "body-position": "text-center"
          }
        },
        "body_text_37wEpC": {
          "type": "body-text",
          "settings": {
            "body-copy": "<p>Flat ankle boots are highly functional and comfortable whilst also providing that much coveted cool style. Master how to wear ankle boots with any type of bottoms, from skirts, jeans and even dresses and you’ll truly expand your wardrobe horizons with minimal effort and maximum finesse. <\/p>",
            "body-wrap": false,
            "body-color": "text-sg-grey-5",
            "body-style": "body-medium",
            "body-position": "text-center"
          }
        },
        "mid_title_ziybR9": {
          "type": "mid-title",
          "settings": {
            "mid-title": "All dressed up",
            "title-style": "headline-1",
            "title-position": "text-center",
            "title-color": "#1E293A"
          }
        },
        "body_text_LBCmKK": {
          "type": "body-text",
          "settings": {
            "body-copy": "<p>Firstly, don’t be afraid to pair your ankle boots with a dress – they can be just the finishing touch you need! From floaty maxi and mini dresses in the summer to midi length dresses in the autumn and winter months, a slick pair of boots can set off a feminine outfit wonderfully by adding an unexpected edge. <\/p>",
            "body-wrap": false,
            "body-color": "text-sg-grey-5",
            "body-style": "body-medium",
            "body-position": "text-center"
          }
        },
        "body_image_mnC6zK": {
          "type": "body-image",
          "settings": {
            "body-image": "shopify:\/\/shop_images\/Chiswick.webp"
          }
        },
        "body_text_dyrEHT": {
          "type": "body-text",
          "settings": {
            "body-copy": "<p>Team a pair of tan coloured suede ankle boots, such as <a href=\"https:\/\/www.fairfaxandfavor.com\/products\/the-quilted-chiswick-ankle-boot-tan-suede\"><span style=\"text-decoration:underline\">The Chiswick<\/span><\/a>, with a patterned maxi dress and tailored jacket for impeccable seasonal styling suitable for countryside weddings in the summer or last minute date nights. Going with tan or cream coloured ankle boots over darker shades during the warmer months will work well with the naturally lighter colour palette of your wardrobe.  <\/p>",
            "body-wrap": false,
            "body-color": "text-sg-grey-5",
            "body-style": "body-medium",
            "body-position": "text-center"
          }
        },
        "body_text_wPEteE": {
          "type": "body-text",
          "settings": {
            "body-copy": "<p>For when there’s still a chill in the air, another outfit option is a ribbed knitted mid-length jumper dress cinched in at the waist with a belt and luxe leather ankle boots. <a href=\"https:\/\/www.fairfaxandfavor.com\/products\/the-sheepskin-boudica-black\"><span style=\"text-decoration:underline\">The Boudica<\/span><\/a> boots in black waxed leather is a sensational design that would coordinate nicely with a jumper dress. Throw on a chic <a href=\"https:\/\/www.fairfaxandfavor.com\/collections\/trench-coats\"><span style=\"text-decoration:underline\">trench coat<\/span><\/a> if needed, and enjoy the added snuggly shearling lining of the boots that will certainly keep your toes warm during those colder evenings enjoying drinks around a fire pit or Sunday afternoon walks.<\/p>",
            "body-wrap": false,
            "body-color": "text-sg-grey-5",
            "body-style": "body-medium",
            "body-position": "text-center"
          }
        },
        "body_image_yaWMmP": {
          "type": "body-image",
          "settings": {
            "body-image": "shopify:\/\/shop_images\/Ankle_Top.webp"
          }
        },
        "mid_title_TgwUWD": {
          "type": "mid-title",
          "settings": {
            "mid-title": "Skirt and boots = perfect match",
            "title-style": "headline-1",
            "title-position": "text-center",
            "title-color": "#1E293A"
          }
        },
        "body_text_Gb9VnV": {
          "type": "body-text",
          "settings": {
            "body-copy": "<p>A tartan or herringbone pattern mini skirt worn with a blouse and tights is a transeasonal outfit that is just crying out for a pair of black suede ankle boots. With this look you can choose from heeled boots or flat ankle boots to suit the occasion, but we love a sassy heeled ankle boot for a relaxed dinner date outfit. <a href=\"https:\/\/www.fairfaxandfavor.com\/products\/the-belgravia-ankle-black\"><span style=\"text-decoration:underline\">The Belgravia<\/span><\/a> is a flawless example of the type of heeled ankle boot that promises timeless style with its iconic design and its sultry block heel provides extra height to help you rise to the occasion. <\/p>",
            "body-wrap": false,
            "body-color": "text-sg-grey-5",
            "body-style": "body-medium",
            "body-position": "text-center"
          }
        },
        "body_image_LPyMnJ": {
          "type": "body-image",
          "settings": {
            "body-image": "shopify:\/\/shop_images\/Regina_Ankle.webp"
          }
        },
        "body_text_mnHAcX": {
          "type": "body-text",
          "settings": {
            "body-copy": "<p>If you’re looking for a way to incorporate your new favourite ankle boots with your everyday workwear, the good news is that this shoe design can also work surprisingly well with formal ensembles. Office-ready pencil skirts are a sophisticated skirt style to pair with heeled ankle boots, such as <a href=\"https:\/\/www.fairfaxandfavor.com\/products\/the-regina-ankle-boot-blush\"><span style=\"text-decoration:underline\">The Regina Ankle<\/span><\/a> suede boots. The lift of a heeled boot is the perfect accompaniment here and will stop the longer skirt length from looking frumpy. Remaining smart and refined, embracing ankle boots in the office could be the modern twist to your work wardrobe that you’ve been searching for! <\/p>",
            "body-wrap": false,
            "body-color": "text-sg-grey-5",
            "body-style": "body-medium",
            "body-position": "text-center"
          }
        },
        "mid_title_mhrjPb": {
          "type": "mid-title",
          "settings": {
            "mid-title": "Cool and casual: jeans and ankle boots",
            "title-style": "headline-1",
            "title-position": "text-center",
            "title-color": "#1E293A"
          }
        },
        "body_text_qwhWmf": {
          "type": "body-text",
          "settings": {
            "body-copy": "<p>For a quintessential countryside aesthetic, flat ankle boots in the popular Chelsea boot design is an absolute must-have for a cool and casual weekend ensemble. Worn with skinny jeans, a crisp cotton shirt and a quilted gilet, you can so easily fit the brief for relaxed yet refined attire perfect for pub lunches in the Cotswolds or doing a spot of shopping with friends. We love <a href=\"https:\/\/www.fairfaxandfavor.com\/products\/the-brogued-chelsea-mahogany\"><span style=\"text-decoration:underline\">the Brogued Chelsea boots<\/span><\/a> in rich mahogany leather as an unrivalled option which will work beautifully well with indigo blue skinny jeans tucked in or cuffed jeans that sit nicely on the edge of the boot. <\/p>",
            "body-wrap": false,
            "body-color": "text-sg-grey-5",
            "body-style": "body-medium",
            "body-position": "text-center"
          }
        },
        "body_image_jJyhen": {
          "type": "body-image",
          "settings": {
            "body-image": "shopify:\/\/shop_images\/Brogued.webp"
          }
        },
        "body_text_FVQhDV": {
          "type": "body-text",
          "settings": {
            "body-copy": "<p>Alternatively, you can rely on your designer heeled ankle boots to elevate an even more relaxed outfit of black jeans and a t-shirt. Tap into the Western trend with our <a href=\"https:\/\/www.fairfaxandfavor.com\/products\/the-rockingham-ankle-boot-ink-suede\"><span style=\"text-decoration:underline\">Rockingham heeled ankle boots<\/span><\/a> in ink suede and contrasting wooden block heels for something a little different when the dress code calls for informal and easy-going attire.   <\/p>",
            "body-wrap": false,
            "body-color": "text-sg-grey-5",
            "body-style": "body-medium",
            "body-position": "text-center"
          }
        },
        "body_text_Ti4Jdy": {
          "type": "body-text",
          "settings": {
            "body-copy": "<p>From sophisticated heeled boots to definitive flat ankle boot designs, we’ve got an exceptional collection of Fairfax & Favor <a href=\"https:\/\/www.fairfaxandfavor.com\/collections\/womens-ankle-boots\"><span style=\"text-decoration:underline\">women’s boots<\/span><\/a> that exude pure style for you to explore and find your next pair of favourite footwear. <\/p>",
            "body-wrap": false,
            "body-color": "text-sg-grey-5",
            "body-style": "body-medium",
            "body-position": "text-center"
          }
        }
      },
      "block_order": [
        "body_text_9t8GyE",
        "mid_title_a6FCBP",
        "body_text_BDBWTY",
        "body_text_37wEpC",
        "mid_title_ziybR9",
        "body_text_LBCmKK",
        "body_image_mnC6zK",
        "body_text_dyrEHT",
        "body_text_wPEteE",
        "body_image_yaWMmP",
        "mid_title_TgwUWD",
        "body_text_Gb9VnV",
        "body_image_LPyMnJ",
        "body_text_mnHAcX",
        "mid_title_mhrjPb",
        "body_text_qwhWmf",
        "body_image_jJyhen",
        "body_text_FVQhDV",
        "body_text_Ti4Jdy"
      ],
      "custom_css": [
        "h4 {color: #AE8A6B; padding: 0 0 1rem 0; text-decoration: underline;}",
        "h5 {color: #AE8A6B; padding: 1rem 0; text-decoration: underline;}",
        "a {color: #AE8A6B; text-decoration: underline;}",
        "h6 {padding-bottom: 0.5rem;}"
      ],
      "settings": {
        "width": "max-w-[873px]"
      }
    },
    "main": {
      "type": "main-article",
      "disabled": true,
      "custom_css": [
        "h3 {padding-top: 1rem;}"
      ],
      "settings": {}
    },
    "related-articles": {
      "type": "related-articles",
      "disabled": true,
      "settings": {}
    },
    "discover_style_collection_PNB3UM": {
      "type": "discover-style-collection",
      "disabled": true,
      "settings": {
        "title": "Discover",
        "collection_title": "Ankle Boots",
        "description": "Guaranteed to elevate every outfit while giving you lovely long legs, this luxurious collection of everyday\/everywhere boots genuinely goes with everything.",
        "button_text": "Shop the collection",
        "quick_add": false,
        "collection": "womens-ankle-boots",
        "font": "headline-2",
        "margin_top": "mt-0"
      }
    },
    "filterable_collection_multiple_TzCeJd": {
      "type": "filterable-collection-multiple",
      "blocks": {
        "tag_list_xeEex3": {
          "type": "tag_list",
          "settings": {
            "anchor": "Ankle Boots",
            "collection": "womens-ankle-boots",
            "tag": "",
            "limit": 30
          }
        }
      },
      "block_order": [
        "tag_list_xeEex3"
      ],
      "settings": {
        "title": "Ankle Boots",
        "quick_add": false
      }
    }
  },
  "order": [
    "b6c868ee-bd8b-439d-a02e-505fa82d99d1",
    "0ca16edf-c6da-4626-bd81-73180c075b20",
    "8342365c-05c5-4b6a-a68f-8cd68d02fff6",
    "main",
    "related-articles",
    "discover_style_collection_PNB3UM",
    "filterable_collection_multiple_TzCeJd"
  ]
}