{
  "sections": {
    "b6c868ee-bd8b-439d-a02e-505fa82d99d1": {
      "type": "stylised-header",
      "blocks": {
        "d7070ee9-070e-4753-a84f-25bcea1a325c": {
          "type": "title",
          "settings": {
            "title": "What to Wear to the Kentucky Derby in 2024",
            "color-from": "#ae8a6b",
            "color-to": "#ae8a6b",
            "custom_css": ""
          }
        },
        "5b1743e1-1fcf-40ee-b012-deff41331bb0": {
          "type": "text",
          "settings": {
            "line-one": "As one of the most attended and watched horse races in the United States, the Kentucky Derby is a sporting event that fascinates millions. Similar to our very own Grand National horse racing meetings here in the UK, the Louisville-based Kentucky Derby is also the ideal event in which to socialise with other guests and perfect your race day outfit.",
            "body_style": "",
            "copy-color": "#ffffff"
          }
        }
      },
      "block_order": [
        "d7070ee9-070e-4753-a84f-25bcea1a325c",
        "5b1743e1-1fcf-40ee-b012-deff41331bb0"
      ],
      "settings": {
        "hero_image": "shopify:\/\/shop_images\/Collection-Hero_87593c1f-8788-4acd-ae22-0a187cf0f5dc.jpg",
        "gradient-mobile": "linear-gradient(360deg, rgba(27, 35, 54, 1) 9%, rgba(31, 42, 68, 0) 68%)",
        "gradient-height": 8,
        "gradient-width": 16,
        "gradient-desktop": "linear-gradient(89deg, rgba(33, 37, 68, 0) 0.719%, rgba(31, 42, 68, 0) 32%, rgba(27, 35, 54, 1) 79%)",
        "bg-color": "#1b2336"
      }
    },
    "0ca16edf-c6da-4626-bd81-73180c075b20": {
      "type": "custom-liquid",
      "settings": {
        "custom_liquid": "",
        "color_scheme": "background-1",
        "padding_top": 12,
        "padding_bottom": 24
      }
    },
    "8342365c-05c5-4b6a-a68f-8cd68d02fff6": {
      "type": "article-main",
      "blocks": {
        "6b4b0d31-f48b-4952-b66d-f1b8c2998e0c": {
          "type": "body-text",
          "settings": {
            "body-copy": "<p>To assist you in looking your finest, here at Fairfax & Favor we’ve put together a lookbook on what to wear to the Kentucky Derby at the historic Churchill Downs. Whether you’re attending the event in person or heading to a streaming event closer to home, we’ve got you covered with the latest fashion inspiration.<\/p>",
            "body-wrap": false,
            "body-color": "text-sg-grey-5",
            "body-style": "body-medium",
            "body-position": "text-center"
          }
        },
        "mid_title_j4UPME": {
          "type": "mid-title",
          "settings": {
            "mid-title": "Kentucky Derby dress code",
            "title-style": "headline-4",
            "title-position": "text-center",
            "title-color": "#1e293a"
          }
        },
        "body_text_hU3wMf": {
          "type": "body-text",
          "settings": {
            "body-copy": "<p>It’s worth noting that whilst there is no strict dress code, certain areas at the Churchill Downs venue will require you to be in ‘business casual dress’. Those gentlemen with tickets to the Turf Club, Trophy Room and Millionaires Row should wear smart jackets and shirts with collars, and ‘inappropriate attire’ such as athleisure, denim and midriff showing tops are not permitted for either sex. If you’ve got tickets for the general areas, such as the clubhouse and grandstand seats, then casual attire is permitted – though you’re unlikely to find any attendees sporting casual outfits at this Derby!<\/p>",
            "body-wrap": false,
            "body-color": "text-sg-grey-5",
            "body-style": "body-medium",
            "body-position": "text-center"
          }
        },
        "body_text_HkVzbE": {
          "type": "body-text",
          "settings": {
            "body-copy": "<p>With celebrities such as actor Chris Pine to musicians Smokey Robinson and Macy Gray, and popular TV chef Bobby Flay, you’ll find a whole host of fashionable well-known people attending the Kentucky Derby in their finest race outfits. So let’s dive in.<\/p>",
            "body-wrap": false,
            "body-color": "text-sg-grey-5",
            "body-style": "body-medium",
            "body-position": "text-center"
          }
        },
        "mid_title_N8xLXj": {
          "type": "mid-title",
          "settings": {
            "mid-title": "Go bold with bright colours & prints",
            "title-style": "headline-4",
            "title-position": "text-center",
            "title-color": "#1e293a"
          }
        },
        "body_text_GFei3B": {
          "type": "body-text",
          "settings": {
            "body-copy": "<p>The Kentucky Derby is definitely not the place to be a shrinking violet when it comes to planning your race day outfit. Think bright, bold colours to really make a big statement and you’ll fit right into the Southern-belle aesthetic of the prestigious event itself. You’ll want to choose a springtime inspired colour that will put a pep in your step, such as fuschia, yellow, lilac, light pink or peach to match the equally colourful crowd of guests.  <\/p>",
            "body-wrap": false,
            "body-color": "text-sg-grey-5",
            "body-style": "body-medium",
            "body-position": "text-center"
          }
        },
        "body_text_E7iiVT": {
          "type": "body-text",
          "settings": {
            "body-copy": "<p>Ladies who love a figure-skimming knee length dress will be right on-trend at this year's Derby event. An understated off the shoulder dress or a sophisticated dress with ruffle detailing in one of the spring colours above are both chic race day ladies outfit options that can beautifully off-set an extravagant headpiece or handbag. Team your silhouette enhancing dress with a pair of <a href=\"\/collections\/heeled-espadrilles-and-sandals\" title=\"Women's Heeled Espadrilles & Sandals\"><span style=\"text-decoration:underline\">heeled sandals<\/span><\/a> and you’re onto a winner!<\/p>",
            "body-wrap": false,
            "body-color": "text-sg-grey-5",
            "body-style": "body-medium",
            "body-position": "text-center"
          }
        },
        "body_text_cFP48F": {
          "type": "body-text",
          "settings": {
            "body-copy": "<p>Another fashion forward Kentucky Derby outfit option is to go for a comfortable yet stylish jumpsuit in a striking print. From pretty florals to graphic prints, a patterned jumpsuit is a statement look that is so simple to style and can take you from daytime to evening wear seamlessly. The outfit can be pulled together with key accessories such as <a href=\"\/collections\/womens-bags\" title=\"Women's Bags\"><span style=\"text-decoration:underline\">handbags<\/span><\/a>, hats and <a href=\"https:\/\/www.fairfaxandfavor.com\/collections\/espadrilles-and-sandals\"><span style=\"text-decoration:underline\">espadrille wedges<\/span><\/a> in matching or even contrasting colour tones if you want to make your look standout even more. <\/p>",
            "body-wrap": false,
            "body-color": "text-sg-grey-5",
            "body-style": "body-medium",
            "body-position": "text-center"
          }
        },
        "mid_title_QMDVqG": {
          "type": "mid-title",
          "settings": {
            "mid-title": "Hats on for the derby",
            "title-style": "headline-4",
            "title-position": "text-center",
            "title-color": "#1e293a"
          }
        },
        "body_text_UiRgRD": {
          "type": "body-text",
          "settings": {
            "body-copy": "<p>If you’re going to make a statement with your accessories, you need to do it with a sensational hat that will turn heads and spark up conversation in the stands. From large floral inspired headpieces to smaller structured, sculptural pieces, the decision is all yours but we love the idea of having fun with an eye-catching hat. Peacock feathers, artificial flowers, ribbons - these are all design elements that can bring some flair to a hat that will act as the perfect finishing touch to your Kentucky Derby outfit. <\/p>",
            "body-wrap": false,
            "body-color": "text-sg-grey-5",
            "body-style": "body-medium",
            "body-position": "text-center"
          }
        },
        "body_text_LQkqHw": {
          "type": "body-text",
          "settings": {
            "body-copy": "<p>For a more cohesive look, we recommend choosing a fascinator or an elaborate headpiece in similar shades that feature in your ensemble. If your hat has plenty of intricate features, give it the attention it deserves by teaming it with a simple block coloured dress in the same shade without a busy pattern to avoid the risk of overdoing it! This works to keep all-eyes firmly on your statement-making hat.<\/p>",
            "body-wrap": false,
            "body-color": "text-sg-grey-5",
            "body-style": "body-medium",
            "body-position": "text-center"
          }
        },
        "mid_title_UJ48Ca": {
          "type": "mid-title",
          "settings": {
            "mid-title": "Southern gentlemen style",
            "title-style": "headline-4",
            "title-position": "text-center",
            "title-color": "#1e293a"
          }
        },
        "body_text_H4Vph8": {
          "type": "body-text",
          "settings": {
            "body-copy": "<p>Gentlemen, don’t be afraid to also go big with colour when it comes to your Kentucky Derby fashion choices. Whilst a polished look with a classic navy suit and white shirt may do the trick for the Cheltenham Festival dress code, at this event you’ll want to incorporate a pop of colour or two into your race day look. You can do this by going for a brightly coloured or patterned silk tie, or a quaint gingham shirt in light pink or yellow with a cream coloured suit to keep things looking dapper but still in tune with the spring season fashion.  <\/p>",
            "body-wrap": false,
            "body-color": "text-sg-grey-5",
            "body-style": "body-medium",
            "body-position": "text-center"
          }
        },
        "body_text_99CYXy": {
          "type": "body-text",
          "settings": {
            "body-copy": "<p>You’ll also find that many Kentucky Derby men’s outfits will have a rather charming corresponding element to their lady’s outfit as a playful way to match up their attire for this special event. For example, your silk bow tie and pocket square could be in the same colour or pattern as your partner's dress.<\/p>",
            "body-wrap": false,
            "body-color": "text-sg-grey-5",
            "body-style": "body-medium",
            "body-position": "text-center"
          }
        },
        "body_text_HigKqr": {
          "type": "body-text",
          "settings": {
            "body-copy": "<p>Feeling inspired by our Kentucky Derby lookbook, or looking for further outfit ideas for <a href=\"\/collections\/cheltenham-races-outfits\" title=\"What to Wear at Cheltenham Races\"><span style=\"text-decoration:underline\">what to wear to Cheltenham races<\/span><\/a> this year? We have an exemplary range of Fairfax & Favor <a href=\"\/collections\/heels-and-wedges\" title=\"Women's Heels & Wedges\"><span style=\"text-decoration:underline\">women’s heels<\/span><\/a> to elevate your race wardrobe with elegant footwear. For gentlemen, we guarantee smooth style with our men’s footwear collection, including an array of attractive <a href=\"\/collections\/mens-shoes\" title=\"Men's Shoes\"><span style=\"text-decoration:underline\">men’s loafers<\/span><\/a> as the perfect finishing touch to your race day outfit. <\/p>",
            "body-wrap": false,
            "body-color": "text-sg-grey-5",
            "body-style": "body-medium",
            "body-position": "text-center"
          }
        }
      },
      "block_order": [
        "6b4b0d31-f48b-4952-b66d-f1b8c2998e0c",
        "mid_title_j4UPME",
        "body_text_hU3wMf",
        "body_text_HkVzbE",
        "mid_title_N8xLXj",
        "body_text_GFei3B",
        "body_text_E7iiVT",
        "body_text_cFP48F",
        "mid_title_QMDVqG",
        "body_text_UiRgRD",
        "body_text_LQkqHw",
        "mid_title_UJ48Ca",
        "body_text_H4Vph8",
        "body_text_99CYXy",
        "body_text_HigKqr"
      ],
      "custom_css": [
        "h4 {color: #ae8a6b; padding: 0 0 1rem 0; text-decoration: underline;}",
        "h5 {color: #ae8a6b; padding: 1rem 0; text-decoration: underline;}",
        "a {color: #ae8a6b; text-decoration: underline;}",
        "h6 {padding-bottom: 0.5rem;}"
      ],
      "settings": {
        "width": "max-w-[873px]"
      }
    },
    "main": {
      "type": "main-article",
      "disabled": true,
      "custom_css": [
        "h3 {padding-top: 1rem;}"
      ],
      "settings": {}
    },
    "related-articles": {
      "type": "related-articles",
      "disabled": true,
      "settings": {}
    },
    "discover_style_collection_PNB3UM": {
      "type": "discover-style-collection",
      "disabled": true,
      "settings": {
        "title": "Discover",
        "collection_title": "Ankle Boots",
        "description": "Guaranteed to elevate every outfit while giving you lovely long legs, this luxurious collection of everyday\/everywhere boots genuinely goes with everything.",
        "button_text": "Shop the collection",
        "quick_add": false,
        "collection": "womens-ankle-boots",
        "font": "headline-2",
        "margin_top": "mt-0"
      }
    },
    "filterable_collection_multiple_TzCeJd": {
      "type": "filterable-collection-multiple",
      "blocks": {
        "tag_list_xeEex3": {
          "type": "tag_list",
          "settings": {
            "anchor": "Ankle Boots",
            "collection": "womens-ankle-boots",
            "tag": "",
            "limit": 30
          }
        }
      },
      "block_order": [
        "tag_list_xeEex3"
      ],
      "disabled": true,
      "settings": {
        "title": "Ankle Boots",
        "quick_add": false
      }
    },
    "blog_section_gRarW8": {
      "type": "blog-section",
      "settings": {
        "block_image": "shopify:\/\/shop_images\/collection-box-clarence-bag-navy-sienna.webp",
        "order": false,
        "block_title": "What to Wear to Kentucky",
        "block_content": "Lorem ipsum dolor sit amet, consectetur adipiscing elit, sed do eiusmod tempor incididunt ut labore et dolore magna aliqua. Ut enim ad minim veniam, quis nostrud exercitation ullamco laboris nisi ut aliquip ex ea commodo consequat.",
        "block_link": "shopify:\/\/blogs\/journal\/what-to-wear-to-the-races",
        "button_text": "Read the guide"
      }
    }
  },
  "order": [
    "b6c868ee-bd8b-439d-a02e-505fa82d99d1",
    "0ca16edf-c6da-4626-bd81-73180c075b20",
    "8342365c-05c5-4b6a-a68f-8cd68d02fff6",
    "main",
    "related-articles",
    "discover_style_collection_PNB3UM",
    "filterable_collection_multiple_TzCeJd",
    "blog_section_gRarW8"
  ]
}