{
  "sections": {
    "b6c868ee-bd8b-439d-a02e-505fa82d99d1": {
      "type": "stylised-header",
      "blocks": {
        "d7070ee9-070e-4753-a84f-25bcea1a325c": {
          "type": "title",
          "settings": {
            "title": "These are the best rated castles and palaces in the UK",
            "color-from": "#ae8a6b",
            "color-to": "#ae8a6b",
            "custom_css": ""
          }
        }
      },
      "block_order": [
        "d7070ee9-070e-4753-a84f-25bcea1a325c"
      ],
      "settings": {
        "hero_image": "shopify:\/\/shop_images\/hero-frances-windsor-black-gloves_c5d513b2-5a31-47f7-be53-286034cd1fb7.jpg",
        "gradient-mobile": "linear-gradient(360deg, rgba(27, 35, 54, 1) 9%, rgba(31, 42, 68, 0) 68%)",
        "gradient-height": 8,
        "gradient-width": 16,
        "gradient-desktop": "linear-gradient(89deg, rgba(33, 37, 68, 0) 0.719%, rgba(31, 42, 68, 0) 32%, rgba(27, 35, 54, 1) 79%)",
        "bg-color": "#1b2336"
      }
    },
    "0ca16edf-c6da-4626-bd81-73180c075b20": {
      "type": "custom-liquid",
      "settings": {
        "custom_liquid": "",
        "color_scheme": "background-1",
        "padding_top": 12,
        "padding_bottom": 24
      }
    },
    "8342365c-05c5-4b6a-a68f-8cd68d02fff6": {
      "type": "article-main",
      "blocks": {
        "6b4b0d31-f48b-4952-b66d-f1b8c2998e0c": {
          "type": "body-text",
          "settings": {
            "body-copy": "<p>At Fairfax & Favor we are naturally fans of the outdoors and love to partake in a visit to a National Heritage Site or local landmark. In the UK, we are fortunate to be home to over 4,000 castles and palaces, making it  a great idea to list the top castles to go to next time you fancy a UK break.<\/p>",
            "body-wrap": false,
            "body-color": "text-sg-grey-5",
            "body-style": "body-medium",
            "body-position": "text-center"
          }
        },
        "body_text_gVyaef": {
          "type": "body-text",
          "settings": {
            "body-copy": "<p>We have done the research, analysing the popularity, weather and average customer review of all major UK castles and palaces across the four nations to see which ranked highest. Our method was to use Met weather data to note the average days of rain and average temperature, comparing this against the average star rating from Google reviews and average monthly searches from Brits looking to visit each. Each of the four categories was scored to give a total out of 100. Take a look at the top 10 destinations below:<\/p>",
            "body-wrap": false,
            "body-color": "text-sg-grey-5",
            "body-style": "body-medium",
            "body-position": "text-center"
          }
        },
        "mid_title_GDhGtN": {
          "type": "mid-title",
          "settings": {
            "mid-title": "Windsor Castle, Windsor, Berkshire (91\/100)",
            "title-style": "headline-4",
            "title-position": "text-center",
            "title-color": "#1e293a"
          }
        },
        "body_image_kJyaTi": {
          "type": "body-image",
          "settings": {
            "body-image": "shopify:\/\/shop_images\/1.webp"
          }
        },
        "body_text_wkMWpd": {
          "type": "body-text",
          "settings": {
            "body-copy": "<p>It makes complete sense that an active royal residence ranks as the number one castle to visit within the UK, as the Royal family is known to draw a crowd. Located in Berkshire in the South East, Windsor Castle is a popular tourist destination and was home to Queen Elizabeth II before her passing in 2022, it has also notably been the location of several Royal weddings. It has been said the Prince and Princess of Wales sometimes occupy the residence. Visitors can book tickets for admission for part of the castle, in the region of £15.00 to £33.00. If you want to take in the castle from afar, the park is open to all visitors and makes an idyllic spot to stop for a picnic or to people-watch. Windsor Castle has one of the highest average temperatures and lowest rainfall of all UK castle and palaces.<\/p>",
            "body-wrap": false,
            "body-color": "text-sg-grey-5",
            "body-style": "body-medium",
            "body-position": "text-center"
          }
        },
        "body_text_TegUqE": {
          "type": "body-text",
          "settings": {
            "body-copy": "<p>Average monthly searches: 112,000<\/p><p>Average visitor rating (out of 5): 4.7<\/p><p>Average days of rainfall per year: 111.66<\/p><p>Average temperature (degrees celsius): 12 <\/p>",
            "body-wrap": true,
            "body-color": "text-sg-gold",
            "body-style": "body-medium",
            "body-position": "text-center"
          }
        },
        "mid_title_J4n8HT": {
          "type": "mid-title",
          "settings": {
            "mid-title": "Buckingham Palace, London (86\/100)",
            "title-style": "headline-4",
            "title-position": "text-center",
            "title-color": "#1e293a"
          }
        },
        "body_image_qQ49DA": {
          "type": "body-image",
          "settings": {
            "body-image": "shopify:\/\/shop_images\/2.webp"
          }
        },
        "body_text_gwAJhR": {
          "type": "body-text",
          "settings": {
            "body-copy": "<p>The second top castle for visiting was Buckingham Palace. Arguably the most famous Royal residence in the world, Buckingham Palace is the official headquarters of King Charles. The building hosts all manner of events from State banquets to royal Garden parties. Built in 1703, the large palace is a sight to behold and has long been a must-see destination for London tourists. The building holds generations of royal history and is open to the public to visit during Winter and Spring. Tickets range from £16.00 to £32.00.<\/p>",
            "body-wrap": false,
            "body-color": "text-sg-grey-5",
            "body-style": "body-medium",
            "body-position": "text-center"
          }
        },
        "body_text_eYqVbn": {
          "type": "body-text",
          "settings": {
            "body-copy": "<p>Average monthly searches: 131,000<\/p><p>Average visitor rating (out of 5): 4.5<\/p><p>Average days of rainfall per year: 119.6<\/p><p>Average temperature (degrees celsius): 11<\/p>",
            "body-wrap": true,
            "body-color": "text-sg-gold",
            "body-style": "body-medium",
            "body-position": "text-center"
          }
        },
        "mid_title_8yBtAB": {
          "type": "mid-title",
          "settings": {
            "mid-title": "Tower of London, London (82\/100)",
            "title-style": "headline-4",
            "title-position": "text-center",
            "title-color": "#1e293a"
          }
        },
        "body_image_t68yjA": {
          "type": "body-image",
          "settings": {
            "body-image": "shopify:\/\/shop_images\/3.webp"
          }
        },
        "body_text_FqEpz8": {
          "type": "body-text",
          "settings": {
            "body-copy": "<p>The Tower of London is a listed World Heritage Site and is home to the Crown Jewels, giving you more than enough reason to visit. Purchasing a ticket will give you up close access to the Crown Jewels, as part of an impressive exhibition for guests to behold. There are also tours depicting the deep history of the tower, including treachery and torture for those who are into their history and want to learn more about the tower’s history as a prison from the 1100s. The tower also has its own ravens, who are known to be guardians of the tower. Tickets range from free (for members) up to £34.80.<\/p>",
            "body-wrap": false,
            "body-color": "text-sg-grey-5",
            "body-style": "body-medium",
            "body-position": "text-center"
          }
        },
        "body_text_NiDqEc": {
          "type": "body-text",
          "settings": {
            "body-copy": "<p>Average monthly searches: 95,000<\/p><p>Average visitor rating (out of 5): 4.6<\/p><p>Average days of rainfall per year: 119.6<\/p><p>Average temperature (degrees celsius): 11 <\/p>",
            "body-wrap": true,
            "body-color": "text-sg-gold",
            "body-style": "body-medium",
            "body-position": "text-center"
          }
        },
        "mid_title_UQ4qye": {
          "type": "mid-title",
          "settings": {
            "mid-title": "Blenheim Palace, Woodstock, Oxfordshire (82\/100)",
            "title-style": "headline-4",
            "title-position": "text-center",
            "title-color": "#1e293a"
          }
        },
        "body_image_w6N9jJ": {
          "type": "body-image",
          "settings": {
            "body-image": "shopify:\/\/shop_images\/4.webp"
          }
        },
        "body_text_Jjbzkj": {
          "type": "body-text",
          "settings": {
            "body-copy": "<p>Blenheim Palace describes itself online as ‘Britain’s Greatest Palace’ and it’s clear to see why when you take a look at the impressive grounds and construction of this famous landmark. Located in Woodstock, Oxfordshire, it is the only non-royal, non-episcopal country house in England to hold the title of palace. Named after the 1704 Battle of Blenheim, the palace was intended as a gift for John Churchill, after triumphs against the french. In World War 2 Blenheim Palace was used by MI5 and the British Council. Today it is a UNESCO World Heritage Site. Tickets are tiered based on access and range from £7.00 for children to £48.00 for the adult Privilege Pass.<\/p>",
            "body-wrap": false,
            "body-color": "text-sg-grey-5",
            "body-style": "body-medium",
            "body-position": "text-center"
          }
        },
        "body_text_abGNNR": {
          "type": "body-text",
          "settings": {
            "body-copy": "<p>Average monthly searches: 93,000<\/p><p>Average visitor rating (out of 5): 4.7<\/p><p>Average days of rainfall per year: 117.67<\/p><p>Average temperature (degrees celsius): 11<\/p>",
            "body-wrap": true,
            "body-color": "text-sg-gold",
            "body-style": "body-medium",
            "body-position": "text-center"
          }
        },
        "mid_title_3Yrmnm": {
          "type": "mid-title",
          "settings": {
            "mid-title": "Warwick Castle, Warwick, Warwickshire (76\/100)",
            "title-style": "headline-4",
            "title-position": "text-center",
            "title-color": "#1e293a"
          }
        },
        "body_image_tB4fWb": {
          "type": "body-image",
          "settings": {
            "body-image": "shopify:\/\/shop_images\/5.webp"
          }
        },
        "body_text_RPtrTc": {
          "type": "body-text",
          "settings": {
            "body-copy": "<p>The top ranked castle for the midlands and fifth overall, Warwick Castle was built in 1068 by William the Conqueror. Located in Warwickshire, in the West Midlands, the castle offers a range of fun and educational activities for families, including a historical maze. Take a walk around the grounds or enjoy the impressive state rooms and great hall. Standard entry tickets range from £22.00 to £39.00.<\/p>",
            "body-wrap": false,
            "body-color": "text-sg-grey-5",
            "body-style": "body-medium",
            "body-position": "text-center"
          }
        },
        "body_text_Gn9FtC": {
          "type": "body-text",
          "settings": {
            "body-copy": "<p>Average monthly searches: 82,000<\/p><p>Average visitor rating (out of 5): 4.6<\/p><p>Average days of rainfall per year: 117.6<\/p><p>Average temperature (degrees celsius): 10.5<\/p>",
            "body-wrap": true,
            "body-color": "text-sg-gold",
            "body-style": "body-medium",
            "body-position": "text-center"
          }
        },
        "mid_title_pabpdp": {
          "type": "mid-title",
          "settings": {
            "mid-title": "Hampton Court Palace, Molesey, Herefordshire (76\/100)",
            "title-style": "headline-4",
            "title-position": "text-center",
            "title-color": "#1e293a"
          }
        },
        "body_image_jjiNVW": {
          "type": "body-image",
          "settings": {
            "body-image": "shopify:\/\/shop_images\/6.webp"
          }
        },
        "body_text_B4TKtH": {
          "type": "body-text",
          "settings": {
            "body-copy": "<p>This palace is a grade 1 listed royal palace, located in Herefordshire in the West Midlands. It is most renowned as the residence of King Henry VIII, known as the ‘most sophisticated and magnificent palace in England’ once he had finished construction. Henry VIII resided here in the 1530s and today the palace offers Tudor-inspired activities and tours to teach you all about the famous king. Tickets range from free (for members) to £27.20 for adults.<\/p>",
            "body-wrap": false,
            "body-color": "text-sg-grey-5",
            "body-style": "body-medium",
            "body-position": "text-center"
          }
        },
        "body_text_kBhUit": {
          "type": "body-text",
          "settings": {
            "body-copy": "<p>Average monthly searches: 42,000<\/p><p>Average visitor rating (out of 5): 4.7<\/p><p>Average days of rainfall per year: 113.79<\/p><p>Average temperature (degrees celsius): 11.5<\/p>",
            "body-wrap": true,
            "body-color": "text-sg-gold",
            "body-style": "body-medium",
            "body-position": "text-center"
          }
        },
        "mid_title_KA9Ui4": {
          "type": "mid-title",
          "settings": {
            "mid-title": "Eltham Palace, London (75\/100)",
            "title-style": "headline-4",
            "title-position": "text-center",
            "title-color": "#1e293a"
          }
        },
        "body_image_cqYqyT": {
          "type": "body-image",
          "settings": {
            "body-image": "shopify:\/\/shop_images\/7.webp"
          }
        },
        "body_text_6atfVk": {
          "type": "body-text",
          "settings": {
            "body-copy": "<p>Eltham Palace is another Tudor royal residence which made the top ten ranked list, in fact it has been said to be one of the largest and most frequented royal residences in the country. This palace is located in southeast London and spans 19 acres, it features an intriguing art deco interior to tour. The palace is one of just six residences large enough to accommodate the entire Tudor court, catering to 800+ people in its time as a royal household. In 2024 the palace hosts regular events for visitors and costs from free (for members) up to £19.00 for adults.<\/p>",
            "body-wrap": false,
            "body-color": "text-sg-grey-5",
            "body-style": "body-medium",
            "body-position": "text-center"
          }
        },
        "body_text_wYUBe8": {
          "type": "body-text",
          "settings": {
            "body-copy": "<p>Average monthly searches: 21,000<\/p><p>Average visitor rating (out of 5): 4.6<\/p><p>Average days of rainfall per year: 105.99<\/p><p>Average temperature (degrees celsius): 12<\/p>",
            "body-wrap": true,
            "body-color": "text-sg-gold",
            "body-style": "body-medium",
            "body-position": "text-center"
          }
        },
        "mid_title_GVVxgH": {
          "type": "mid-title",
          "settings": {
            "mid-title": "Leeds Castle, Maidstone, Kent (74\/100)",
            "title-style": "headline-4",
            "title-position": "text-center",
            "title-color": "#1e293a"
          }
        },
        "body_image_ycbVGt": {
          "type": "body-image",
          "settings": {
            "body-image": "shopify:\/\/shop_images\/8.webp"
          }
        },
        "body_text_FDnXUQ": {
          "type": "body-text",
          "settings": {
            "body-copy": "<p>Leeds Castle is located in Leeds in Kent, not Yorkshire. The castle is built on islands in a lake formed by the River Len to the east of the village of Leeds and is a historic Grade I listed estate. Leeds Castle features an impressive lake surrounding the entire structure, making for idyllic pictures on your visit. The castle dates back to 857 and was home to Henry VIII’s first wife Catherine of Aragon. Today the castle is open to visitors from across the world and costs anywhere from £25 for children to £35 for adults.<\/p>",
            "body-wrap": false,
            "body-color": "text-sg-grey-5",
            "body-style": "body-medium",
            "body-position": "text-center"
          }
        },
        "body_text_iQpcjq": {
          "type": "body-text",
          "settings": {
            "body-copy": "<p>Average monthly searches: 42,000<\/p><p>Average visitor rating (out of 5): 4.7<\/p><p>Average days of rainfall per year: 115.06<\/p><p>Average temperature (degrees celsius): 11<\/p>",
            "body-wrap": true,
            "body-color": "text-sg-gold",
            "body-style": "body-medium",
            "body-position": "text-center"
          }
        }
      },
      "block_order": [
        "6b4b0d31-f48b-4952-b66d-f1b8c2998e0c",
        "body_text_gVyaef",
        "mid_title_GDhGtN",
        "body_image_kJyaTi",
        "body_text_wkMWpd",
        "body_text_TegUqE",
        "mid_title_J4n8HT",
        "body_image_qQ49DA",
        "body_text_gwAJhR",
        "body_text_eYqVbn",
        "mid_title_8yBtAB",
        "body_image_t68yjA",
        "body_text_FqEpz8",
        "body_text_NiDqEc",
        "mid_title_UQ4qye",
        "body_image_w6N9jJ",
        "body_text_Jjbzkj",
        "body_text_abGNNR",
        "mid_title_3Yrmnm",
        "body_image_tB4fWb",
        "body_text_RPtrTc",
        "body_text_Gn9FtC",
        "mid_title_pabpdp",
        "body_image_jjiNVW",
        "body_text_B4TKtH",
        "body_text_kBhUit",
        "mid_title_KA9Ui4",
        "body_image_cqYqyT",
        "body_text_6atfVk",
        "body_text_wYUBe8",
        "mid_title_GVVxgH",
        "body_image_ycbVGt",
        "body_text_FDnXUQ",
        "body_text_iQpcjq"
      ],
      "custom_css": [
        "h4 {color: #ae8a6b; padding: 0 0 1rem 0; text-decoration: underline;}",
        "h5 {color: #ae8a6b; padding: 1rem 0; text-decoration: underline;}",
        "a {color: #ae8a6b; text-decoration: underline;}",
        "h6 {padding-bottom: 0.5rem;}"
      ],
      "settings": {
        "width": "max-w-[873px]"
      }
    },
    "article_main_gM4H63": {
      "type": "article-main",
      "blocks": {
        "mid_title_VfFYcj": {
          "type": "mid-title",
          "settings": {
            "mid-title": "Arundel Castle, Arundel West Sussex (73\/100)",
            "title-style": "headline-4",
            "title-position": "text-center",
            "title-color": "#1e293a"
          }
        },
        "body_image_zdJfji": {
          "type": "body-image",
          "settings": {
            "body-image": "shopify:\/\/shop_images\/9.webp"
          }
        },
        "body_text_niYetf": {
          "type": "body-text",
          "settings": {
            "body-copy": "<p>Located in West Sussex, in the South East of England, Arundel Castle was established by Roger de Montgomery in the 11th century. De Montgomery was declared as the first Earl of Arundel by William the Conqueror after the Battle of Hastings in 1066. The castle still has hallmarks of Norman architectural influence, such as the Norman keep. Its well-preserved tapestries and furniture make it great to visit for a day out to take in some history first-hand. Arundal is also a historic town in its own right, making the location well worth a visit. Castle entrance tickets range from £12.00 for basic children tickets to £31.00 for the full jousting package for adults.<\/p>",
            "body-wrap": false,
            "body-color": "text-sg-grey-5",
            "body-style": "body-medium",
            "body-position": "text-center"
          }
        },
        "body_text_Lh4Nbg": {
          "type": "body-text",
          "settings": {
            "body-copy": "<p>Average monthly searches: 26,000<\/p><p>Average visitor rating (out of 5): 4.7<\/p><p>Average days of rainfall per year: 113.64<\/p><p>Average temperature (degrees celsius): 11.5<\/p>",
            "body-wrap": true,
            "body-color": "text-sg-gold",
            "body-style": "body-medium",
            "body-position": "text-center"
          }
        },
        "mid_title_hLdEdW": {
          "type": "mid-title",
          "settings": {
            "mid-title": "Dover Castle, Dover (72\/100)",
            "title-style": "headline-4",
            "title-position": "text-center",
            "title-color": "#1e293a"
          }
        },
        "body_image_eXDhDP": {
          "type": "body-image",
          "settings": {
            "body-image": "shopify:\/\/shop_images\/10.webp"
          }
        },
        "body_text_nePYyx": {
          "type": "body-text",
          "settings": {
            "body-copy": "<p>Ranking 10th overall, Dover Castle is located in Kent and provides stunning views of the famous white cliffs of Dover. The castle is a Grade 1 listed building and was founded in the 11th century, just after 1066. It is said to be one of the biggest castles in Britain, a title making it worthy of a visit with no further detail required. The site features two of Dover’s Roman lighthouses, one of just three surviving lighthouses in the world. 2024 Tours feature a lot of history to take in, promising the ‘colourful history of Henry II’. Ticket prices start from free (for members) up to £23.00 for adults.<\/p>",
            "body-wrap": false,
            "body-color": "text-sg-grey-5",
            "body-style": "body-medium",
            "body-position": "text-center"
          }
        },
        "body_text_bqrjdJ": {
          "type": "body-text",
          "settings": {
            "body-copy": "<p>Average monthly searches: 24,000<\/p><p>Average visitor rating (out of 5): 4.7<\/p><p>Average days of rainfall per year: 115.06<\/p><p>Average temperature (degrees celsius): 11.5<\/p>",
            "body-wrap": true,
            "body-color": "text-sg-gold",
            "body-style": "body-medium",
            "body-position": "text-center"
          }
        },
        "mid_title_fjXcr6": {
          "type": "mid-title",
          "settings": {
            "mid-title": "The best castle across the UK",
            "title-style": "headline-1",
            "title-position": "text-center",
            "title-color": "#1e293a"
          }
        },
        "mid_title_tHTd6F": {
          "type": "mid-title",
          "settings": {
            "mid-title": "Scotland - Edinburgh Castle (70\/100)",
            "title-style": "headline-4",
            "title-position": "text-center",
            "title-color": "#1e293a"
          }
        },
        "body_image_LD6U3a": {
          "type": "body-image",
          "settings": {
            "body-image": "shopify:\/\/shop_images\/11.webp"
          }
        },
        "body_text_HDdeqC": {
          "type": "body-text",
          "settings": {
            "body-copy": "<p>Ranked as Scotland’s number one castle in our list, Edinburgh Castle stands on Castle Rock and was a royal residence until 1633. It was home to Queen Margaret and was the place of her death in 1093. In 2024, the castle is known for its picturesque view, cobbled streets and historic architecture. Members get free entry to the castle and tickets for general admission range up to £19.50 for adults.<\/p>",
            "body-wrap": false,
            "body-color": "text-sg-grey-5",
            "body-style": "body-medium",
            "body-position": "text-center"
          }
        },
        "body_text_m3JWWr": {
          "type": "body-text",
          "settings": {
            "body-copy": "<p>Average monthly searches: 84,000<\/p><p>Average visitor rating (out of 5): 4.6<\/p><p>Average days of rainfall per year: 128.25<\/p><p>Average temperature (degrees celsius): 9.5<\/p>",
            "body-wrap": true,
            "body-color": "text-sg-gold",
            "body-style": "body-medium",
            "body-position": "text-center"
          }
        },
        "mid_title_9UJDXk": {
          "type": "mid-title",
          "settings": {
            "mid-title": "Wales - Castell Coch (55\/100)",
            "title-style": "headline-4",
            "title-position": "text-center",
            "title-color": "#1e293a"
          }
        },
        "body_image_wxQL3V": {
          "type": "body-image",
          "settings": {
            "body-image": "shopify:\/\/shop_images\/12.webp"
          }
        },
        "body_text_kULmFL": {
          "type": "body-text",
          "settings": {
            "body-copy": "<p>Known as the ‘Red Castle’, this structure is stunning to see first-hand and boasts traditional architecture from the 19th century. It truly depicts what you imagine a fairytale castle to look like and is perfect for photography. As Wales’ top rated castle, it is located above the village of Tongwynlais, just north of Cardiff. Current prices state entry is free for members or up to £9.50 for adults.<\/p>",
            "body-wrap": false,
            "body-color": "text-sg-grey-5",
            "body-style": "body-medium",
            "body-position": "text-center"
          }
        },
        "body_text_jfcxMK": {
          "type": "body-text",
          "settings": {
            "body-copy": "<p>Average monthly searches: 47,000<\/p><p>Average visitor rating (out of 5): 4.5<\/p><p>Average days of rainfall per year: 153.39<\/p><p>Average temperature (degrees celsius): 11<\/p>",
            "body-wrap": true,
            "body-color": "text-sg-gold",
            "body-style": "body-medium",
            "body-position": "text-center"
          }
        },
        "mid_title_mTUYEB": {
          "type": "mid-title",
          "settings": {
            "mid-title": "Northern Ireland - Audley’s Castle (56\/100)",
            "title-style": "headline-4",
            "title-position": "text-center",
            "title-color": "#1e293a"
          }
        },
        "body_image_AiVYqn": {
          "type": "body-image",
          "settings": {
            "body-image": "shopify:\/\/shop_images\/13.webp"
          }
        },
        "body_text_fpDTzQ": {
          "type": "body-text",
          "settings": {
            "body-copy": "<p>Named after an Anglo-Saxon family who owned the property from the 16th century, Audley Castle has a unique stature and boasts idyllic views. Set in County Down in Northern Ireland, the castle has grown additional notoriety due to being used as a filming location for HBO’s Game of Thrones series for the infamous ‘Red Wedding’ scene. Currently tickets to visit are free, making this a perfectly cost-effective day out for families.<\/p>",
            "body-wrap": false,
            "body-color": "text-sg-grey-5",
            "body-style": "body-medium",
            "body-position": "text-center"
          }
        },
        "body_text_4tRY9t": {
          "type": "body-text",
          "settings": {
            "body-copy": "<p>Average monthly searches: 100<\/p><p>Average visitor rating (out of 5): 4.6<\/p><p>Average days of rainfall per year: 142.97<\/p><p>Average temperature (degrees celsius): 10.5<\/p>",
            "body-wrap": true,
            "body-color": "text-sg-gold",
            "body-style": "body-medium",
            "body-position": "text-center"
          }
        }
      },
      "block_order": [
        "mid_title_VfFYcj",
        "body_image_zdJfji",
        "body_text_niYetf",
        "body_text_Lh4Nbg",
        "mid_title_hLdEdW",
        "body_image_eXDhDP",
        "body_text_nePYyx",
        "body_text_bqrjdJ",
        "mid_title_fjXcr6",
        "mid_title_tHTd6F",
        "body_image_LD6U3a",
        "body_text_HDdeqC",
        "body_text_m3JWWr",
        "mid_title_9UJDXk",
        "body_image_wxQL3V",
        "body_text_kULmFL",
        "body_text_jfcxMK",
        "mid_title_mTUYEB",
        "body_image_AiVYqn",
        "body_text_fpDTzQ",
        "body_text_4tRY9t"
      ],
      "settings": {
        "width": "max-w-[873px]"
      }
    },
    "custom_liquid_QwfBf4": {
      "type": "custom-liquid",
      "settings": {
        "custom_liquid": "<div class=\"max-w-[873px] mx-auto\">\n<div class=\"border-t w-1\/2 border-sg-grey-5 mx-auto\"><\/div>\n<\/div>",
        "color_scheme": "background-1",
        "padding_top": 40,
        "padding_bottom": 40
      }
    },
    "article_main_U7mrbw": {
      "type": "article-main",
      "blocks": {
        "body_text_FQKGCM": {
          "type": "body-text",
          "settings": {
            "body-copy": "<p>Looking for some classic pieces for your next day out? Take a look at our quintessentially British <a href=\"https:\/\/www.fairfaxandfavor.com\/collections\/mens-clothing\"><span style=\"text-decoration:underline\">men’s clothing<\/span><\/a> and <a href=\"https:\/\/www.fairfaxandfavor.com\/collections\/womens-clothing\"><span style=\"text-decoration:underline\">women’s clothing.<\/span><\/a><\/p>",
            "body-wrap": false,
            "body-color": "text-sg-grey-5",
            "body-style": "body-medium",
            "body-position": "text-center"
          }
        }
      },
      "block_order": [
        "body_text_FQKGCM"
      ],
      "custom_css": [
        "a {color: #ae8a6b; text-decoration: underline;}"
      ],
      "settings": {
        "width": "max-w-[873px]"
      }
    },
    "filterable_collection_multiple_cqtGdN": {
      "type": "filterable-collection-multiple",
      "blocks": {
        "tag_list_RBTeFJ": {
          "type": "tag_list",
          "settings": {
            "anchor": "",
            "collection": "mens-ankle-boots",
            "tag": "",
            "limit": 30
          }
        }
      },
      "block_order": [
        "tag_list_RBTeFJ"
      ],
      "settings": {
        "title": "Men's Ankle Boots",
        "quick_add": false
      }
    },
    "main": {
      "type": "main-article",
      "disabled": true,
      "custom_css": [
        "h3 {padding-top: 1rem;}"
      ],
      "settings": {}
    },
    "related-articles": {
      "type": "related-articles",
      "disabled": true,
      "settings": {}
    }
  },
  "order": [
    "b6c868ee-bd8b-439d-a02e-505fa82d99d1",
    "0ca16edf-c6da-4626-bd81-73180c075b20",
    "8342365c-05c5-4b6a-a68f-8cd68d02fff6",
    "article_main_gM4H63",
    "custom_liquid_QwfBf4",
    "article_main_U7mrbw",
    "filterable_collection_multiple_cqtGdN",
    "main",
    "related-articles"
  ]
}