{
  "sections": {
    "b6c868ee-bd8b-439d-a02e-505fa82d99d1": {
      "type": "stylised-header",
      "blocks": {
        "d7070ee9-070e-4753-a84f-25bcea1a325c": {
          "type": "title",
          "settings": {
            "title": "ELLA AND LAURA, ON POSING IN PINK, WITH FAIRFAX & FAVOR",
            "color-from": "#f73778",
            "color-to": "#f1a8c0"
          }
        },
        "5b1743e1-1fcf-40ee-b012-deff41331bb0": {
          "type": "text",
          "settings": {
            "line-one": "When they were 23 and 25, Ella and Laura heard the news they had breast cancer.They modelled for Fairfax & Favor's pink breast cancer collection, to show breast cancer can happen to anyone, and get people checking.",
            "copy-color": "#1E293A"
          }
        },
        "21fafe3d-9c03-4cd3-9300-9e36b5b21d96": {
          "type": "logo",
          "settings": {
            "racing-logo": "shopify:\/\/shop_images\/10319_BCN_Core_Logo_Pink_RGB.png"
          }
        }
      },
      "block_order": [
        "d7070ee9-070e-4753-a84f-25bcea1a325c",
        "5b1743e1-1fcf-40ee-b012-deff41331bb0",
        "21fafe3d-9c03-4cd3-9300-9e36b5b21d96"
      ],
      "settings": {
        "hero_image": "shopify:\/\/shop_images\/BCN-Header2.jpg",
        "gradient-mobile": "linear-gradient(360deg, rgba(253, 232, 233, 1) 9%, rgba(31, 42, 68, 0) 68%)",
        "gradient-height": 8,
        "gradient-width": 16,
        "gradient-desktop": "linear-gradient(89deg, rgba(33, 37, 68, 0) 0.719%, rgba(31, 42, 68, 0) 32%, rgba(253, 232, 233, 1) 79%)",
        "bg-color": "#fde8e9"
      }
    },
    "0ca16edf-c6da-4626-bd81-73180c075b20": {
      "type": "custom-liquid",
      "settings": {
        "custom_liquid": "<div class=\"max-w-[873px] mx-auto text-sg-grey-5 pb-8\">\n<p class=\"pb-4\">We are honoured that Fairfax & Favor have chosen to support Breast Cancer Now for our ninth year in partnership together through their beautiful, limited-edition pink products raising awareness of the disease, and vital funds to support people affected by breast cancer. We are truly grateful for their continued support.<\/p>\n \n<p class=\"pb-4\">Every 10 minutes one woman is diagnosed with breast cancer in the UK. Breast Cancer Now is on a mission to make sure that by 2050, everyone diagnosed with breast cancer lives, and is supported to live well.<\/p>\n \n<p class=\"\">Anyone looking for support or information can visit the Breast Cancer Now website or call our free Helpline on <a href=\"tel:0808 800 6000\" class=\"underline text-sg-gold\">0808 800 6000<\/a>. \n<\/p>\n\n<\/div>\n\n<div class=\"hidden max-w-[871px] mx-auto\">\n<div class=\"border-b mx-4 py-4\" style=\"border-color: #f73778;\">\n<\/div>\n<\/div>",
        "color_scheme": "background-1",
        "padding_top": 0,
        "padding_bottom": 0
      }
    },
    "main": {
      "type": "main-article",
      "custom_css": [
        "h3 {padding-top: 1rem;}"
      ],
      "settings": {}
    },
    "5bce5255-b23c-4ee4-9b8c-ce88c01138ac": {
      "type": "lazy-carousel",
      "custom_css": [
        "h3 {padding-top: 25px;}"
      ],
      "settings": {
        "title": "THE BCN COLLECTION",
        "collection": "the-breast-cancer-now-collection"
      }
    },
    "featured-collection": {
      "type": "filterable-collection",
      "disabled": true,
      "settings": {
        "title": "Featured Products",
        "collection": "",
        "limit": 12
      }
    },
    "related-articles": {
      "type": "related-articles",
      "settings": {}
    }
  },
  "order": [
    "b6c868ee-bd8b-439d-a02e-505fa82d99d1",
    "0ca16edf-c6da-4626-bd81-73180c075b20",
    "main",
    "5bce5255-b23c-4ee4-9b8c-ce88c01138ac",
    "featured-collection",
    "related-articles"
  ]
}