{
  "sections": {
    "b6c868ee-bd8b-439d-a02e-505fa82d99d1": {
      "type": "stylised-header",
      "blocks": {
        "d7070ee9-070e-4753-a84f-25bcea1a325c": {
          "type": "title",
          "settings": {
            "title": "The Perfect Pair: Matching Your Driving Shoes with Fairfax & Favor Accessories",
            "color-from": "#ae8a6b",
            "color-to": "#ffffff",
            "custom_css": ""
          }
        },
        "5b1743e1-1fcf-40ee-b012-deff41331bb0": {
          "type": "text",
          "settings": {
            "line-one": "Today we’re sharing with you how to style driving shoes in order to create a cohesive and stylish ensemble ready for any occasion this season. We’ll also be exploring how to style your shoes harmoniously with the superb range of premium Fairfax & Favor accessories for a tasteful finish to any existing outfit in your wardrobe.",
            "body_style": "",
            "copy-color": "#ffffff"
          }
        }
      },
      "block_order": [
        "d7070ee9-070e-4753-a84f-25bcea1a325c",
        "5b1743e1-1fcf-40ee-b012-deff41331bb0"
      ],
      "settings": {
        "hero_image": "shopify:\/\/shop_images\/Men-header-1.jpg",
        "gradient-mobile": "linear-gradient(360deg, rgba(27, 35, 54, 1) 9%, rgba(31, 42, 68, 0) 68%)",
        "gradient-height": 8,
        "gradient-width": 16,
        "gradient-desktop": "linear-gradient(89deg, rgba(33, 37, 68, 0) 0.719%, rgba(31, 42, 68, 0) 32%, rgba(27, 35, 54, 1) 79%)",
        "bg-color": "#1b2336"
      }
    },
    "0ca16edf-c6da-4626-bd81-73180c075b20": {
      "type": "custom-liquid",
      "settings": {
        "custom_liquid": "",
        "color_scheme": "background-1",
        "padding_top": 12,
        "padding_bottom": 24
      }
    },
    "article_main_fMqpJn": {
      "type": "article-main",
      "blocks": {
        "mid_title_Un8nCh": {
          "type": "mid-title",
          "settings": {
            "mid-title": "What are driving shoes?",
            "title-style": "headline-2",
            "title-position": "text-center",
            "title-color": "#1E293A"
          }
        },
        "body_text_7YNkKa": {
          "type": "body-text",
          "settings": {
            "body-copy": "<p>The much loved driving shoe is an easy-to-wear, slip-on style shoe design that is an ultra smart moccasin and loafer hybrid. An unexpected design factor of small rubber pebbles on the sole of the shoe which extends to the back of the heel provides additional grip and are essentially what made them a popular footwear choice for driving. The flexible rubber nubs offer good pedal control and comfort during longer drives, serving an entirely functional purpose. Nowadays, the driving shoe has transcended its original practical function and is now a popular footwear choice among many due to its chic appearance and satisfying fit.<\/p>",
            "body-wrap": false,
            "body-color": "text-sg-grey-5",
            "body-style": "body-medium",
            "body-position": "text-center"
          }
        },
        "body_text_iajJbL": {
          "type": "body-text",
          "settings": {
            "body-copy": "<p>The structured yet comfortable fit and slip-on element of this type of shoe make driving shoes a quintessential relaxed footwear option for those ladies and gentlemen seeking an informally smart look. <\/p>",
            "body-wrap": false,
            "body-color": "text-sg-grey-5",
            "body-style": "body-medium",
            "body-position": "text-center"
          }
        },
        "mid_title_WpXeXt": {
          "type": "mid-title",
          "settings": {
            "mid-title": "How to style driving shoes",
            "title-style": "headline-2",
            "title-position": "text-center",
            "title-color": "#1E293A"
          }
        },
        "body_text_NK9XdE": {
          "type": "body-text",
          "settings": {
            "body-copy": "<p>When it comes to styling driving shoes, think of your usual leisure attire as your main starting point. For men, slim jeans or light coloured chinos are ideal for pairing with driving shoes as they allow for just a small break at the hem above the shoes and promise an excellent style well suited to outdoor events, which may call for a cool yet sleek dress code. In summer when the sun is shining and the occasion calls for it, you can even team a pair of suede driving shoes with plain cotton shorts and a crew neck t-shirt for a relaxed, well put-together outfit. <\/p>",
            "body-wrap": false,
            "body-color": "text-sg-grey-5",
            "body-style": "body-medium",
            "body-position": "text-center"
          }
        },
        "body_text_eMRX6e": {
          "type": "body-text",
          "settings": {
            "body-copy": "<p>Ladies can enjoy styling their versatile <a href=\"https:\/\/www.fairfaxandfavor.com\/collections\/womens-driving-shoes\"><span style=\"text-decoration:underline\">driving shoes<\/span><\/a> with midi skirts or shirt dresses as a way of pairing down their outfit with a flat shoe. Alternatively, team with white skinny jeans or culottes and a floral button-down blouse for an easy summery look. Brought together with an on-trend, beige lightweight trench coat or jacket, and you’ve got an effortless look that oozes elegance. <\/p>",
            "body-wrap": false,
            "body-color": "text-sg-grey-5",
            "body-style": "body-medium",
            "body-position": "text-center"
          }
        },
        "mid_title_6FepBJ": {
          "type": "mid-title",
          "settings": {
            "mid-title": "Skip the socks and keep it casual",
            "title-style": "headline-2",
            "title-position": "text-center",
            "title-color": "#1E293A"
          }
        },
        "body_text_qPFhTA": {
          "type": "body-text",
          "settings": {
            "body-copy": "<p>The main thing to remember when you’re planning on adding a pair of driving shoes to your outfit is to skip the socks. It’s not a hard and fast rule, but we would recommend either going without socks entirely, or wearing invisible shoe liners for extra comfort to truly embrace the driving shoe look without looking too dated. This will show a flash of ankle and add to the laidback spirit of your sunshine-ready ensemble, especially if you’re attending a garden party or another outdoor event this summer. <\/p>",
            "body-wrap": false,
            "body-color": "text-sg-grey-5",
            "body-style": "body-medium",
            "body-position": "text-center"
          }
        },
        "body_text_cQQaAd": {
          "type": "body-text",
          "settings": {
            "body-copy": "<p>In terms of accessories, less is more. Match the colour of your driving shoes to your belt as a simple way to create a cohesive finish to your outfit. For example, by styling brown suede driving shoes with a mahogany leather <a href=\"https:\/\/www.fairfaxandfavor.com\/collections\/mens-belts\"><span style=\"text-decoration:underline\">belt<\/span><\/a> you can pull your look together without overdoing it. A matching belt worn with jeans, trousers or shorts can ensure that your driving shoes are perfectly complemented with a stylish accessory whatever the dress code or occasion, work or play.<\/p>",
            "body-wrap": false,
            "body-color": "text-sg-grey-5",
            "body-style": "body-medium",
            "body-position": "text-center"
          }
        },
        "body_text_PTpn6i": {
          "type": "body-text",
          "settings": {
            "body-copy": "<p>Another way to bring in an element of coordination that ladies can embrace is to select a handbag in leather or suede in a corresponding colour to match their driving shoes. We love the classic appearance of tan shoes styled with a tan <a href=\"https:\/\/www.fairfaxandfavor.com\/collections\/womens-clutch\"><span style=\"text-decoration:underline\">clutch bag<\/span><\/a> or <a href=\"https:\/\/www.fairfaxandfavor.com\/collections\/womens-tote-bags\"><span style=\"text-decoration:underline\">tote bag<\/span><\/a> to complete a warm weather outfit that’s perfect for a lazy summer picnic in the park or drinks with friends on the terrace. Team suede driving shoes with suede accessories, and likewise with leather, in order to create a balanced finished outfit that shows careful attention to detail. <\/p>",
            "body-wrap": false,
            "body-color": "text-sg-grey-5",
            "body-style": "body-medium",
            "body-position": "text-center"
          }
        },
        "mid_title_bQacEF": {
          "type": "mid-title",
          "settings": {
            "mid-title": "Store your shoes correctly",
            "title-style": "headline-2",
            "title-position": "text-center",
            "title-color": "#1E293A"
          }
        },
        "body_text_GgCHNd": {
          "type": "body-text",
          "settings": {
            "body-copy": "<p>You’ll want your favourite shoes ready to go at a moment’s notice if you have last minute plans this summer, so always remember to store your driving shoes correctly after every use to maintain their flawless appearance. Keep your footwear in tip top condition by making sure to store them out of direct sunlight to avoid damaging the leather or suede materials, and box them up when not in use. You can also follow the guidelines for cleaning leather or suede if you require any spot cleaning to spruce your driving shoes up for a special occasion.<\/p>",
            "body-wrap": false,
            "body-color": "text-sg-grey-5",
            "body-style": "body-medium",
            "body-position": "text-center"
          }
        },
        "body_text_RWYD8c": {
          "type": "body-text",
          "settings": {
            "body-copy": "<p>Finally, if you’re feeling inspired to try out a new style of footwear this summer, why not browse the modern collection of Fairfax & Favor <a href=\"https:\/\/www.fairfaxandfavor.com\/collections\/mens-driving-shoes\"><span style=\"text-decoration:underline\">driving shoes and deck shoes<\/span><\/a> for an injection of sophisticated style. Our ranges of <a href=\"https:\/\/www.fairfaxandfavor.com\/collections\/womens-accessories\"><span style=\"text-decoration:underline\">accessories<\/span><\/a> for men and women, including belts and handbags, are on hand to deliver a luxurious finishing touch to any outfit. <\/p>",
            "body-wrap": false,
            "body-color": "text-sg-grey-5",
            "body-style": "body-medium",
            "body-position": "text-center"
          }
        }
      },
      "block_order": [
        "mid_title_Un8nCh",
        "body_text_7YNkKa",
        "body_text_iajJbL",
        "mid_title_WpXeXt",
        "body_text_NK9XdE",
        "body_text_eMRX6e",
        "mid_title_6FepBJ",
        "body_text_qPFhTA",
        "body_text_cQQaAd",
        "body_text_PTpn6i",
        "mid_title_bQacEF",
        "body_text_GgCHNd",
        "body_text_RWYD8c"
      ],
      "settings": {
        "width": "max-w-[873px]"
      }
    },
    "filterable_collection_multiple_cqtGdN": {
      "type": "filterable-collection-multiple",
      "blocks": {
        "tag_list_RBTeFJ": {
          "type": "tag_list",
          "settings": {
            "anchor": "",
            "collection": "mens-ankle-boots",
            "tag": "",
            "limit": 30
          }
        }
      },
      "block_order": [
        "tag_list_RBTeFJ"
      ],
      "settings": {
        "title": "Men's Ankle Boots",
        "quick_add": false
      }
    },
    "main": {
      "type": "main-article",
      "disabled": true,
      "custom_css": [
        "h3 {padding-top: 1rem;}"
      ],
      "settings": {}
    },
    "related-articles": {
      "type": "related-articles",
      "disabled": true,
      "settings": {}
    }
  },
  "order": [
    "b6c868ee-bd8b-439d-a02e-505fa82d99d1",
    "0ca16edf-c6da-4626-bd81-73180c075b20",
    "article_main_fMqpJn",
    "filterable_collection_multiple_cqtGdN",
    "main",
    "related-articles"
  ]
}