{
  "sections": {
    "b6c868ee-bd8b-439d-a02e-505fa82d99d1": {
      "type": "stylised-header",
      "blocks": {
        "d7070ee9-070e-4753-a84f-25bcea1a325c": {
          "type": "title",
          "settings": {
            "title": "Business Casual Redefined: Incorporating Chelsea Boots into Professional Attire ",
            "color-from": "#AE8A6B",
            "color-to": "#ffffff",
            "custom_css": ""
          }
        },
        "5b1743e1-1fcf-40ee-b012-deff41331bb0": {
          "type": "text",
          "settings": {
            "line-one": "The high-end craftsmanship and refined nature of the Chelsea boot make them a highly attractive footwear option for the work environment.",
            "body_style": "",
            "copy-color": "#ffffff"
          }
        }
      },
      "block_order": [
        "d7070ee9-070e-4753-a84f-25bcea1a325c",
        "5b1743e1-1fcf-40ee-b012-deff41331bb0"
      ],
      "settings": {
        "hero_image": "shopify:\/\/shop_images\/Men-Header-2.jpg",
        "gradient-mobile": "linear-gradient(360deg, rgba(27, 35, 54, 1) 9%, rgba(31, 42, 68, 0) 68%)",
        "gradient-height": 8,
        "gradient-width": 16,
        "gradient-desktop": "linear-gradient(89deg, rgba(33, 37, 68, 0) 0.719%, rgba(31, 42, 68, 0) 32%, rgba(27, 35, 54, 1) 79%)",
        "bg-color": "#1b2336"
      }
    },
    "0ca16edf-c6da-4626-bd81-73180c075b20": {
      "type": "custom-liquid",
      "settings": {
        "custom_liquid": "",
        "color_scheme": "background-1",
        "padding_top": 12,
        "padding_bottom": 24
      }
    },
    "8342365c-05c5-4b6a-a68f-8cd68d02fff6": {
      "type": "article-main",
      "blocks": {
        "6b4b0d31-f48b-4952-b66d-f1b8c2998e0c": {
          "type": "body-text",
          "settings": {
            "body-copy": "<p>The high-end craftsmanship and refined nature of the Chelsea boot make them a highly attractive footwear option for the work environment. Such versatile boots can deliver an unrivalled finish to your chosen business wear, but with so many styles out there, it can be difficult to know where to begin.<\/p>",
            "body-wrap": false,
            "body-color": "text-sg-grey-5",
            "body-style": "body-medium",
            "body-position": "text-center"
          }
        },
        "body_text_mDJMdp": {
          "type": "body-text",
          "settings": {
            "body-copy": "<p>Today at Fairfax & Favor we’re exploring how best to incorporate the classic pair of Chelsea boots into your professional attire, focusing on redefining the business-casual wardrobe through sophisticated footwear. <\/p>",
            "body-wrap": false,
            "body-color": "text-sg-grey-5",
            "body-style": "body-medium",
            "body-position": "text-center"
          }
        },
        "body_text_bgyWn9": {
          "type": "body-text",
          "settings": {
            "body-copy": "<p>Wearing Chelsea boots for work can be a tasteful way to add an extra element of polished style. Not only that but this type of footwear simply never goes out of fashion, so you’re always sure to be looking on trend, inside and outside of the office. However, it’s worth being aware that the heavier, more cumbersome Chelsea boot styles are best left for weekend walks outdoors as this type of design may go against your more tailored work looks. So, with this in mind, stick to a less chunky sole to keep things looking sleek.<\/p>",
            "body-wrap": false,
            "body-color": "text-sg-grey-5",
            "body-style": "body-medium",
            "body-position": "text-center"
          }
        },
        "body_image_EUGwFf": {
          "type": "body-image",
          "settings": {
            "body-image": "shopify:\/\/shop_images\/Men-4-Ankle_312f7c6b-1cdc-4eff-ba59-0b1696f15254.jpg"
          }
        },
        "mid_title_8cd7eK": {
          "type": "mid-title",
          "settings": {
            "mid-title": "Business casual redefined with Chelsea boots",
            "title-style": "headline-6",
            "title-position": "text-center",
            "title-color": "#1E293A"
          }
        },
        "body_text_PNizwh": {
          "type": "body-text",
          "settings": {
            "body-copy": "<p>An expertly polished pair of Chelsea boots promises a gleaming finish to impress both colleagues and clients whilst maintaining that all important professional image. Team a pair of mahogany <a href=\"\/products\/the-nelson\" title=\"The Nelson\">brown leather Chelsea<\/a> boots with a slim-fitting navy suit for a colour palette that compliment each other well in a formal setting. The navy coloured suit provides a welcome modern update whilst the rich brown boots promises a tonal colour that is ideal for your transitional workwear options. You can dial down the look by swapping your usual shirt with a cotton or fine knit turtleneck, which is laid back yet still smart enough for your business wardrobe. <\/p>",
            "body-wrap": false,
            "body-color": "text-sg-grey-5",
            "body-style": "body-medium",
            "body-position": "text-center"
          }
        },
        "body_image_kMxgYn": {
          "type": "body-image",
          "settings": {
            "body-image": "shopify:\/\/shop_images\/Men-8-Nelson.jpg"
          }
        },
        "body_text_8Xc4YY": {
          "type": "body-text",
          "settings": {
            "body-copy": "<p>If you prefer a more classic approach to suiting, a light grey suit can work wonderfully with chic black premium leather Chelsea boots – the literal definition of suited and booted. Opt for a light pinstripe or a subtle Prince of Wales check pattern in the suit to add further depth to the outfit, and don’t forget to keep the leather boots polished. Chelsea boots with suits can bring an unexpected edge that traditionally smart shoes, such as brogues and loafers, can lack, making them an exceptional alternative.<\/p>",
            "body-wrap": false,
            "body-color": "text-sg-grey-5",
            "body-style": "body-medium",
            "body-position": "text-center"
          }
        },
        "body_text_ccxaEn": {
          "type": "body-text",
          "settings": {
            "body-copy": "<p>A key point to remember when wearing a suit with a pair of dress shoes like the Chelsea design, the suit legs should be wide enough to fit comfortably over the upper without stretching. This saves any readjustments throughout the day and ensures that the suit sits nicely on your footwear. <\/p>",
            "body-wrap": false,
            "body-color": "text-sg-grey-5",
            "body-style": "body-medium",
            "body-position": "text-center"
          }
        },
        "mid_title_eWUqdV": {
          "type": "mid-title",
          "settings": {
            "mid-title": "Workwear outfit ideas to impress",
            "title-style": "headline-6",
            "title-position": "text-center",
            "title-color": "#1E293A"
          }
        },
        "body_text_ifMRqB": {
          "type": "body-text",
          "settings": {
            "body-copy": "<p>For those long work days when the temperature is warmer, opt for a suede Chelsea boot with your usual suit, or mix it up with a pair of lightweight beige chinos and a fresh white shirt with a blazer. The ultimate business-casual attire, tan or <a href=\"\/products\/the-chelsea-taupe-suede\" title=\"The Chelsea - Taupe\">taupe suede boots<\/a> can work brilliantly with neutral coloured tapered chinos and a shirt for a lighter-toned finish. So when after-work drinks come calling, your Chelsea boots can take you straight from the boardroom to the bar effortlessly.<\/p>",
            "body-wrap": false,
            "body-color": "text-sg-grey-5",
            "body-style": "body-medium",
            "body-position": "text-center"
          }
        },
        "body_image_zYqh4n": {
          "type": "body-image",
          "settings": {
            "body-image": "shopify:\/\/shop_images\/Men-10-Chelsea.jpg"
          }
        },
        "body_text_ntgErt": {
          "type": "body-text",
          "settings": {
            "body-copy": "<p>Another business-casual outfit idea perhaps more suitable for later in the year is to select your favourite pair of black jeans and wear with a long sleeved dark coloured shirt and layer with a tailored overcoat. Finish with a pair of black suede or leather Chelsea boots and you’ve got an achingly cool outfit that can take you seamlessly from late afternoon meetings straight to a dinner date.<\/p>",
            "body-wrap": false,
            "body-color": "text-sg-grey-5",
            "body-style": "body-medium",
            "body-position": "text-center"
          }
        },
        "mid_title_yWhyhk": {
          "type": "mid-title",
          "settings": {
            "mid-title": "Coordinating timeless accessories with footwear",
            "title-style": "headline-6",
            "title-position": "text-center",
            "title-color": "#1E293A"
          }
        },
        "body_text_kPLfzR": {
          "type": "body-text",
          "settings": {
            "body-copy": "<p>Fans of uncomplicated accessorising will love how easy it is to work in coordinating pieces that work beautifully with your chosen boots for work. To show attention to detail, you may wish to match your briefcase or laptop case with your Chelsea boots by getting them in the same colour and material. This combination of matching footwear and accessories creates the appearance of a carefully curated ensemble and provides an excellent dress-to-impress workwear aesthetic that will work day after day.  <\/p>",
            "body-wrap": false,
            "body-color": "text-sg-grey-5",
            "body-style": "body-medium",
            "body-position": "text-center"
          }
        },
        "body_text_DxwLF6": {
          "type": "body-text",
          "settings": {
            "body-copy": "<p>You may feel like you’re moving outside of your comfort zone when it comes to styling a pair of Chelsea boots with pieces from your existing professional wardrobe, but they will soon take a deserving place in your work footwear line-up! So why not elevate your reliable workwear carousel with the addition of luxury leather Chelsea boots for a dressier footwear option suitable for lunch meetings, office days and networking events alike. No matter the season, this type of designer boot will bring undeniable class and flair to your professional attire.<\/p>",
            "body-wrap": false,
            "body-color": "text-sg-grey-5",
            "body-style": "body-medium",
            "body-position": "text-center"
          }
        },
        "body_image_RBaPXc": {
          "type": "body-image",
          "settings": {
            "body-image": "shopify:\/\/shop_images\/Men-6-Chelsea_f2cb0c04-2d76-4f0c-b112-2e3cc97afec4.jpg"
          }
        },
        "body_text_dPQn3f": {
          "type": "body-text",
          "settings": {
            "body-copy": "<p>If you’re seeking a pair of new boots for your professional wardrobe to mark those seasonal transitions with minimal effort, browse the <a href=\"https:\/\/www.fairfaxandfavor.com\/collections\/mens-ankle-boots\"><span style=\"text-decoration:underline\">men’s Chelsea boots and ankle boots<\/span><\/a> here at Fairfax & Favor for inspiration. You’ll find a contemporary range of men’s footwear options in a variety of luxury materials to suit all styles. <\/p>",
            "body-wrap": false,
            "body-color": "text-sg-grey-5",
            "body-style": "body-medium",
            "body-position": "text-center"
          }
        }
      },
      "block_order": [
        "6b4b0d31-f48b-4952-b66d-f1b8c2998e0c",
        "body_text_mDJMdp",
        "body_text_bgyWn9",
        "body_image_EUGwFf",
        "mid_title_8cd7eK",
        "body_text_PNizwh",
        "body_image_kMxgYn",
        "body_text_8Xc4YY",
        "body_text_ccxaEn",
        "mid_title_eWUqdV",
        "body_text_ifMRqB",
        "body_image_zYqh4n",
        "body_text_ntgErt",
        "mid_title_yWhyhk",
        "body_text_kPLfzR",
        "body_text_DxwLF6",
        "body_image_RBaPXc",
        "body_text_dPQn3f"
      ],
      "custom_css": [
        "h4 {color: #AE8A6B; padding: 0 0 1rem 0; text-decoration: underline;}",
        "h5 {color: #AE8A6B; padding: 1rem 0; text-decoration: underline;}",
        "a {color: #AE8A6B; text-decoration: underline;}",
        "h6 {padding-bottom: 0.5rem;}"
      ],
      "settings": {}
    },
    "filterable_collection_multiple_cqtGdN": {
      "type": "filterable-collection-multiple",
      "blocks": {
        "tag_list_RBTeFJ": {
          "type": "tag_list",
          "settings": {
            "anchor": "",
            "collection": "mens-ankle-boots",
            "tag": "",
            "limit": 30
          }
        }
      },
      "block_order": [
        "tag_list_RBTeFJ"
      ],
      "settings": {
        "title": "Men's Chelsea Boots",
        "quick_add": false
      }
    },
    "main": {
      "type": "main-article",
      "disabled": true,
      "custom_css": [
        "h3 {padding-top: 1rem;}"
      ],
      "settings": {}
    },
    "related-articles": {
      "type": "related-articles",
      "disabled": true,
      "settings": {}
    }
  },
  "order": [
    "b6c868ee-bd8b-439d-a02e-505fa82d99d1",
    "0ca16edf-c6da-4626-bd81-73180c075b20",
    "8342365c-05c5-4b6a-a68f-8cd68d02fff6",
    "filterable_collection_multiple_cqtGdN",
    "main",
    "related-articles"
  ]
}