{
  "sections": {
    "22a6aea5-c199-4cdd-8e05-45dd3da19020": {
      "type": "main-article-header",
      "settings": {}
    },
    "main": {
      "type": "main-article",
      "settings": {}
    },
    "featured-collection": {
      "type": "filterable-collection",
      "disabled": true,
      "settings": {
        "title": "Featured Products",
        "collection": "",
        "limit": 12
      }
    },
    "related-articles": {
      "type": "related-articles",
      "settings": {}
    }
  },
  "order": [
    "22a6aea5-c199-4cdd-8e05-45dd3da19020",
    "main",
    "featured-collection",
    "related-articles"
  ]
}