{
  "sections": {
    "b6c868ee-bd8b-439d-a02e-505fa82d99d1": {
      "type": "stylised-header",
      "blocks": {
        "d7070ee9-070e-4753-a84f-25bcea1a325c": {
          "type": "title",
          "settings": {
            "title": "Spring Cleaning Tips for Shoe Lovers: Organising Your Footwear Collection",
            "color-from": "#ae8a6b",
            "color-to": "#ffffff",
            "custom_css": ""
          }
        },
        "5b1743e1-1fcf-40ee-b012-deff41331bb0": {
          "type": "text",
          "settings": {
            "line-one": "Dedicated shoe lovers will know the importance of maintenance when it comes to conserving the beauty and functionality of their much loved footwear.",
            "body_style": "",
            "copy-color": "#ffffff"
          }
        }
      },
      "block_order": [
        "d7070ee9-070e-4753-a84f-25bcea1a325c",
        "5b1743e1-1fcf-40ee-b012-deff41331bb0"
      ],
      "settings": {
        "hero_image": "shopify:\/\/shop_images\/Men-header-1.jpg",
        "gradient-mobile": "linear-gradient(360deg, rgba(27, 35, 54, 1) 9%, rgba(31, 42, 68, 0) 68%)",
        "gradient-height": 8,
        "gradient-width": 16,
        "gradient-desktop": "linear-gradient(89deg, rgba(33, 37, 68, 0) 0.719%, rgba(31, 42, 68, 0) 32%, rgba(27, 35, 54, 1) 79%)",
        "bg-color": "#1b2336"
      }
    },
    "0ca16edf-c6da-4626-bd81-73180c075b20": {
      "type": "custom-liquid",
      "settings": {
        "custom_liquid": "",
        "color_scheme": "background-1",
        "padding_top": 12,
        "padding_bottom": 24
      }
    },
    "8342365c-05c5-4b6a-a68f-8cd68d02fff6": {
      "type": "article-main",
      "blocks": {
        "body_text_8ECKNF": {
          "type": "body-text",
          "settings": {
            "body-copy": "<p>To elongate the life of your favourite pair of designer shoes and keep them in top condition, it is crucial that you take good care of them. Giving your shoes some TLC as part of your wardrobe spring cleaning routine this season will not only maintain their appearance, but also help to prolong their lifespan, preserving your investment for years to come. <\/p>",
            "body-wrap": false,
            "body-color": "text-sg-grey-5",
            "body-style": "body-medium",
            "body-position": "text-center"
          }
        },
        "body_text_KHNhFW": {
          "type": "body-text",
          "settings": {
            "body-copy": "<p>Today at Fairfax & Favor we’re bringing you our best tips on how to clean leather and suede shoes, plus the best ways to store your footwear to keep them protected and looking their very best - just in time for the new season!<\/p>",
            "body-wrap": false,
            "body-color": "text-sg-grey-5",
            "body-style": "body-medium",
            "body-position": "text-center"
          }
        },
        "mid_title_AFpnGh": {
          "type": "mid-title",
          "settings": {
            "mid-title": "Time for footwear TLC",
            "title-style": "headline-1",
            "title-position": "text-center",
            "title-color": "#1E293A"
          }
        },
        "body_text_AThjkH": {
          "type": "body-text",
          "settings": {
            "body-copy": "<p>There’s nothing quite like a pair of dirty shoes to detract from a great outfit. If you don’t regularly take care to remove accumulated dirt and debris, this will not only detract from the appearance of the shoes, but it can also damage the material itself and even risks causing unsightly scratches. <\/p>",
            "body-wrap": false,
            "body-color": "text-sg-grey-5",
            "body-style": "body-medium",
            "body-position": "text-center"
          }
        },
        "body_text_9khXDC": {
          "type": "body-text",
          "settings": {
            "body-copy": "<p>Good maintenance of your footwear can also enhance hygiene by preventing a build-up of odors and improve comfort. Taking the time to give your footwear some love will result in being able to enjoy your shoes for longer, protecting your initial investment and reflecting the attention to detail in your overall attire.<\/p>",
            "body-wrap": false,
            "body-color": "text-sg-grey-5",
            "body-style": "body-medium",
            "body-position": "text-center"
          }
        },
        "mid_title_T9cq4f": {
          "type": "mid-title",
          "settings": {
            "mid-title": "How to clean leather shoes",
            "title-style": "headline-1",
            "title-position": "text-center",
            "title-color": "#1E293A"
          }
        },
        "body_text_t9UBKy": {
          "type": "body-text",
          "settings": {
            "body-copy": "<p>After the inclement weather of the autumn and winter seasons, your leather shoes will no doubt be overdue for some special attention. You may be seeing water stains, grit and general dirt that has built-up on your most treasured leather <a href=\"https:\/\/www.fairfaxandfavor.com\/collections\/womens-ankle-boots\"><span style=\"text-decoration:underline\">ankle boots<\/span><\/a>, and it’s now time for a freshen up before you start pairing them with your spring wardrobe. Start by gently brushing off any debris in a circular motion using a soft brush, before applying a small amount of leather cleaner on a damp cloth. If there are any stubborn stains or marks, you can spot clean using a leather stain remover.<\/p>",
            "body-wrap": false,
            "body-color": "text-sg-grey-5",
            "body-style": "body-medium",
            "body-position": "text-center"
          }
        },
        "body_text_RKtCfC": {
          "type": "body-text",
          "settings": {
            "body-copy": "<p>Next, it’s beneficial to condition the leather to keep it soft, so apply a specialised leather conditioner which will absorb into the upper parts of the shoes to keep the leather supple. Finally, there’s nothing like a good shine on a pair of leather shoes, so buff and polish them using a shoe polish in a matching colour to restore them to their original impressive shine. You can also finish by using a protective spray on your leather shoes which works to repel water and stains.<\/p>",
            "body-wrap": false,
            "body-color": "text-sg-grey-5",
            "body-style": "body-medium",
            "body-position": "text-center"
          }
        },
        "mid_title_RFqHAz": {
          "type": "mid-title",
          "settings": {
            "mid-title": "How to clean suede shoes",
            "title-style": "headline-1",
            "title-position": "text-center",
            "title-color": "#1E293A"
          }
        },
        "body_text_hGkinb": {
          "type": "body-text",
          "settings": {
            "body-copy": "<p>Similar to leather shoes, suede shoes can also attract the same water stains and dirt issues over the winter months. <a href=\"https:\/\/www.fairfaxandfavor.com\/pages\/the-definitive-guide-to-leather-suede-care\" title=\"https:\/\/www.fairfaxandfavor.com\/pages\/the-definitive-guide-to-leather-suede-care\">Cleaning suede footwear<\/a> requires special care to avoid damaging the delicate material and keep them looking their very best. Again, start by brushing off any surface debris before utilising a suede cleaner in gentle circular motions to spot clean any light marks. If you’re dealing with any oily stains, sprinkle a small amount of talcum powder onto the stain and leave overnight for the powder to absorb the oil. In the morning, simply brush off the powder with a soft brush and the mark should be gone! <\/p>",
            "body-wrap": false,
            "body-color": "text-sg-grey-5",
            "body-style": "body-medium",
            "body-position": "text-center"
          }
        },
        "body_text_NA39gb": {
          "type": "body-text",
          "settings": {
            "body-copy": "<p>We would recommend that for the maintenance and cleaning of suede shoes that you use a protective spray to prevent future water damage and potential stains from occurring. Always follow the manufacturer's instructions before using and try to remember to apply this product regularly every few months for continued protection all year round.<\/p>",
            "body-wrap": false,
            "body-color": "text-sg-grey-5",
            "body-style": "body-medium",
            "body-position": "text-center"
          }
        },
        "body_text_8ymyfF": {
          "type": "body-text",
          "settings": {
            "body-copy": "<p>It’s important to note that when cleaning leather shoes or suede shoes that neither type of footwear is to be submerged in water as this can damage the material and ruin the appearance of your shoes. We want gentle and light cleaning only!<\/p>",
            "body-wrap": false,
            "body-color": "text-sg-grey-5",
            "body-style": "body-medium",
            "body-position": "text-center"
          }
        },
        "mid_title_EBjmDc": {
          "type": "mid-title",
          "settings": {
            "mid-title": "Shoe storage suggestions",
            "title-style": "headline-1",
            "title-position": "text-center",
            "title-color": "#1E293A"
          }
        },
        "body_text_KrV3FN": {
          "type": "body-text",
          "settings": {
            "body-copy": "<p>The way that you store your footwear can have a big impact on their overall appearance and even functionality over time. It goes without saying that leaving shoes lying around in high traffic areas of the home instead of putting them away may result in them being spoiled! <\/p>",
            "body-wrap": false,
            "body-color": "text-sg-grey-5",
            "body-style": "body-medium",
            "body-position": "text-center"
          }
        },
        "body_text_n77WMq": {
          "type": "body-text",
          "settings": {
            "body-copy": "<p>If you regularly leave your favourite shoes in pride of place in direct sunlight, you may actually be contributing to fading and deterioration of the material, especially with leather shoes. When not in use, we would suggest investing in storing your footwear in a dedicated shoe storage cabinet or keeping pairs of shoes in individual boxes in a cool, dark space to prevent light and heat from damaging the material. Storing footwear this way also ensures you can select your shoes with ease every time.<\/p>",
            "body-wrap": false,
            "body-color": "text-sg-grey-5",
            "body-style": "body-medium",
            "body-position": "text-center"
          }
        },
        "body_text_DNN8mG": {
          "type": "body-text",
          "settings": {
            "body-copy": "<p>To keep the shape and structure of your shoes, and avoid creasing of knee high boot styles, you can use specially designed shoe trees or tuck soft tissue paper or newspaper into the toes after wearing. Aim to avoid overstuffing the toes though, as this can inadvertently stretch the material overtime and even affect the fit. <\/p>",
            "body-wrap": false,
            "body-color": "text-sg-grey-5",
            "body-style": "body-medium",
            "body-position": "text-center"
          }
        },
        "body_text_mbGcxM": {
          "type": "body-text",
          "settings": {
            "body-copy": "<p>Organise your footwear collection with confidence thanks to our storage tips and engage in some light shoe cleaning maintenance as part of your wardrobe update. We recommend cleaning your leather and suede shoes using the appropriate material protecting methods to ensure they are ready to go whenever you need them. <\/p>",
            "body-wrap": false,
            "body-color": "text-sg-grey-5",
            "body-style": "body-medium",
            "body-position": "text-center"
          }
        },
        "body_text_93hHK3": {
          "type": "body-text",
          "settings": {
            "body-copy": "<p>If you’re interested in getting to know the latest premium shoe trends, browse the Fairfax & Favor collections of <a href=\"https:\/\/www.fairfaxandfavor.com\/collections\/womens-driving-shoes\"><span style=\"text-decoration:underline\">women’s driving shoes<\/span><\/a> and <a href=\"https:\/\/www.fairfaxandfavor.com\/collections\/mens-ankle-boots\"><span style=\"text-decoration:underline\">men’s ankle boots<\/span><\/a> to get some sophisticated footwear design inspiration. <\/p>",
            "body-wrap": false,
            "body-color": "text-sg-grey-5",
            "body-style": "body-medium",
            "body-position": "text-center"
          }
        }
      },
      "block_order": [
        "body_text_8ECKNF",
        "body_text_KHNhFW",
        "mid_title_AFpnGh",
        "body_text_AThjkH",
        "body_text_9khXDC",
        "mid_title_T9cq4f",
        "body_text_t9UBKy",
        "body_text_RKtCfC",
        "mid_title_RFqHAz",
        "body_text_hGkinb",
        "body_text_NA39gb",
        "body_text_8ymyfF",
        "mid_title_EBjmDc",
        "body_text_KrV3FN",
        "body_text_n77WMq",
        "body_text_DNN8mG",
        "body_text_mbGcxM",
        "body_text_93hHK3"
      ],
      "settings": {
        "width": "max-w-[873px]"
      }
    },
    "filterable_collection_multiple_cqtGdN": {
      "type": "filterable-collection-multiple",
      "blocks": {
        "tag_list_RBTeFJ": {
          "type": "tag_list",
          "settings": {
            "anchor": "",
            "collection": "mens-ankle-boots",
            "tag": "",
            "limit": 30
          }
        }
      },
      "block_order": [
        "tag_list_RBTeFJ"
      ],
      "settings": {
        "title": "Men's Ankle Boots",
        "quick_add": false
      }
    },
    "main": {
      "type": "main-article",
      "disabled": true,
      "custom_css": [
        "h3 {padding-top: 1rem;}"
      ],
      "settings": {}
    },
    "related-articles": {
      "type": "related-articles",
      "disabled": true,
      "settings": {}
    }
  },
  "order": [
    "b6c868ee-bd8b-439d-a02e-505fa82d99d1",
    "0ca16edf-c6da-4626-bd81-73180c075b20",
    "8342365c-05c5-4b6a-a68f-8cd68d02fff6",
    "filterable_collection_multiple_cqtGdN",
    "main",
    "related-articles"
  ]
}