{
  "sections": {
    "main": {
      "type": "main-article",
      "disabled": true,
      "settings": {}
    },
    "featured-collection": {
      "type": "filterable-collection",
      "disabled": true,
      "settings": {
        "title": "Featured Products",
        "quick_add": false,
        "collection": "",
        "limit": 12
      }
    },
    "related-articles": {
      "type": "related-articles",
      "disabled": true,
      "settings": {}
    },
    "stylised_header_eQm6iD": {
      "type": "stylised-header",
      "blocks": {
        "title_nwkPXm": {
          "type": "title",
          "settings": {
            "title": "Closet Detox: How to Streamline Your Wardrobe For Spring",
            "color-from": "#ae8a6b",
            "color-to": "#ae8a6b",
            "custom_css": ""
          }
        },
        "text_dVhmUw": {
          "type": "text",
          "settings": {
            "line-one": "If you’re feeling overwhelmed with the latest trends for spring, Fairfax & Favor can show you how to perform a closet detox and the best steps to take in order to streamline your wardrobe for the new season ahead.",
            "body_style": "",
            "copy-color": "#ffffff"
          }
        }
      },
      "block_order": [
        "title_nwkPXm",
        "text_dVhmUw"
      ],
      "settings": {
        "hero_image": "shopify:\/\/shop_images\/hero-sandals-leather-brancaster.webp",
        "gradient-mobile": "linear-gradient(360deg, rgba(31, 42, 68, 1) 9%, rgba(31, 42, 68, 0) 68%)",
        "gradient-height": 16,
        "gradient-width": 16,
        "gradient-desktop": "linear-gradient(89deg, rgba(33, 37, 68, 0) 0.719%, rgba(31, 42, 68, 0) 32%, rgba(31, 42, 68, 1) 79%)",
        "bg-color": "#1e293a"
      }
    },
    "article_main_pK87gf": {
      "type": "article-main",
      "blocks": {
        "body_text_jfwqNE": {
          "type": "body-text",
          "settings": {
            "body-copy": "",
            "body-wrap": false,
            "body-color": "text-sg-grey-5",
            "body-style": "body-medium",
            "body-position": "text-center"
          }
        },
        "mid_title_pNLL9z": {
          "type": "mid-title",
          "settings": {
            "mid-title": "Create space to bring in the new",
            "title-style": "headline-4",
            "title-position": "text-center",
            "title-color": "#1e293a"
          }
        },
        "body_text_Pzad44": {
          "type": "body-text",
          "settings": {
            "body-copy": "<p>Over time, our wardrobes can naturally become cluttered with barely worn or forgotten about pieces. Despite having a packed wardrobe with beautiful things, you may often despair at having ‘nothing to wear’! Regularly performing a thorough wardrobe detox can help to reduce this overwhelming clutter, simplify your daily routine and ensure that you have fashionable clothing to hand that you can treasure and wear frequently. <\/p>",
            "body-wrap": false,
            "body-color": "text-sg-grey-5",
            "body-style": "body-medium",
            "body-position": "text-center"
          }
        },
        "body_text_Mi4qyV": {
          "type": "body-text",
          "settings": {
            "body-copy": "<p>So, where should you begin? Though we may still be experiencing the odd chilly day here and there, a great place to start when detoxing your wardrobe is to put autumn and winter clothing into storage. Heavy coats, capes, chunky knits and accessories such as hats and knitted scarves can be relegated elsewhere until later in the year to save on space and provide initial visual clarity. Once they are put away, you can see what you’ve got to work with for the upcoming spring and summer seasons.<\/p>",
            "body-wrap": false,
            "body-color": "text-sg-grey-5",
            "body-style": "body-medium",
            "body-position": "text-center"
          }
        },
        "mid_title_DEAkGd": {
          "type": "mid-title",
          "settings": {
            "mid-title": "Find what suits your style",
            "title-style": "headline-4",
            "title-position": "text-center",
            "title-color": "#1e293a"
          }
        },
        "body_text_TEfbg3": {
          "type": "body-text",
          "settings": {
            "body-copy": "<p>This is an ideal time to go through each category of clothing (bottoms, tops, dresses) to remove any items that no longer fit or reflect your current style. Identifying your personal style preferences and knowing what suits you is half the battle in creating an appealing wardrobe full of outfits that you know will look amazing on you every time. This could involve sticking to a certain colour palette to help create a cohesive, refined look or focusing on only keeping certain designs that flatter your body shape best. <\/p>",
            "body-wrap": false,
            "body-color": "text-sg-grey-5",
            "body-style": "body-medium",
            "body-position": "text-center"
          }
        },
        "body_text_b4eaAJ": {
          "type": "body-text",
          "settings": {
            "body-copy": "<p>If you’re feeling particularly ruthless whilst conducting your wardrobe reset, you could implement a ‘one-in, one-out’ rule when you next find yourself looking to buy new clothes. For every new piece of clothing you invest in, another piece will need to find a new home. This is a good mindset to have to avoid going back to that cluttered, untidy space of forgotten about clothes.<\/p>",
            "body-wrap": false,
            "body-color": "text-sg-grey-5",
            "body-style": "body-medium",
            "body-position": "text-center"
          }
        },
        "mid_title_cxkqDk": {
          "type": "mid-title",
          "settings": {
            "mid-title": "Focus on a springtime capsule wardrobe",
            "title-style": "headline-4",
            "title-position": "text-center",
            "title-color": "#1e293a"
          }
        },
        "body_text_XEQxPk": {
          "type": "body-text",
          "settings": {
            "body-copy": "<p>For those who love the idea of simplicity in choosing from a few staple pieces from their wardrobe and creating various ensembles from those pieces alone, a spring inspired capsule wardrobe may just be what you’re looking for. Investing in key pieces that can be easily styled together can take the guesswork out of putting together attractive, on-trend looks - and it can be done incredibly well if you know how.<\/p>",
            "body-wrap": false,
            "body-color": "text-sg-grey-5",
            "body-style": "body-medium",
            "body-position": "text-center"
          }
        },
        "body_text_6fwGmM": {
          "type": "body-text",
          "settings": {
            "body-copy": "<p>This approach to styling links perfectly to the slow living lifestyle movement by focusing on consciously investing in footwear and clothing that you can wear time and again, taking care of each item to bring the most joy out of them. <\/p>",
            "body-wrap": false,
            "body-color": "text-sg-grey-5",
            "body-style": "body-medium",
            "body-position": "text-center"
          }
        },
        "body_text_4yXrMK": {
          "type": "body-text",
          "settings": {
            "body-copy": "<p>Bring your capsule wardrobe to life with a pair of denim jeans which can be styled with blouses, t-shirts and fine knit cardigans alike. Opt for a light wash blue or indigo denim that will suit more spring-summer top styles and explore how many different ways they can be styled together. A suede tan coloured jacket can also be the perfect versatile finishing touch for many ensembles, from feminine date night dresses to casual weekend adventure outfits of jeans and a plain white t-shirt. A classic white blouse may also be on your capsule wardrobe hitlist as it can be worn for work or leisure and teamed with different bottoms to suit various occasions. <\/p>",
            "body-wrap": false,
            "body-color": "text-sg-grey-5",
            "body-style": "body-medium",
            "body-position": "text-center"
          }
        },
        "mid_title_TpLRFe": {
          "type": "mid-title",
          "settings": {
            "mid-title": "Create an easy to style colour palette",
            "title-style": "headline-4",
            "title-position": "text-center",
            "title-color": "#1e293a"
          }
        },
        "body_text_zGDzna": {
          "type": "body-text",
          "settings": {
            "body-copy": "<p>Embracing a cohesive colour palette across your wardrobe is an excellent way to introduce a more consistent feel with your style. This will assist in the easy mixing and matching of clothing pieces as you know that the complimentary colours will work well together, and take out the guesswork on what looks good. You could adopt a neutral colour palette here, with blacks, whites, beiges and creams as the main base of your outfits, before adding pops of colour or prints with accessories and footwear for a touch of variety. <\/p>",
            "body-wrap": false,
            "body-color": "text-sg-grey-5",
            "body-style": "body-medium",
            "body-position": "text-center"
          }
        },
        "mid_title_78TL7m": {
          "type": "mid-title",
          "settings": {
            "mid-title": "Less is more",
            "title-style": "headline-4",
            "title-position": "text-center",
            "title-color": "#1E293A"
          }
        },
        "body_text_DT7grV": {
          "type": "body-text",
          "settings": {
            "body-copy": "<p>Having too much choice can sometimes be a bad thing when it comes to fashion. With footwear, why not cut down on the choices of styles available at your fingertips by sticking to a rule of just having one or two same styles in your collection. This will encourage you to choose designs that promise the versatility to be styled in many different ways. For example, a pair of tan coloured <a href=\"https:\/\/www.fairfaxandfavor.com\/collections\/womens-ankle-boots\"><span style=\"text-decoration:underline\">ankle boots<\/span><\/a> can be dressed up or down with jeans or a midi-dress depending on the occasion. A reliable pair of stylish ankle boots can take you effortlessly from cocktails in the city to countryside walks - the world is your oyster!<\/p>",
            "body-wrap": false,
            "body-color": "text-sg-grey-5",
            "body-style": "body-medium",
            "body-position": "text-center"
          }
        },
        "body_text_7RaNGV": {
          "type": "body-text",
          "settings": {
            "body-copy": "<p>Looking to refresh your wardrobe for spring? Peruse the exceptional collections at Fairfax & Favor to find your next favourite pair of shoes, jacket or accessory to suit your individual style.<\/p>",
            "body-wrap": false,
            "body-color": "text-sg-grey-5",
            "body-style": "body-medium",
            "body-position": "text-center"
          }
        }
      },
      "block_order": [
        "body_text_jfwqNE",
        "mid_title_pNLL9z",
        "body_text_Pzad44",
        "body_text_Mi4qyV",
        "mid_title_DEAkGd",
        "body_text_TEfbg3",
        "body_text_b4eaAJ",
        "mid_title_cxkqDk",
        "body_text_XEQxPk",
        "body_text_6fwGmM",
        "body_text_4yXrMK",
        "mid_title_TpLRFe",
        "body_text_zGDzna",
        "mid_title_78TL7m",
        "body_text_DT7grV",
        "body_text_7RaNGV"
      ],
      "custom_css": [
        "a {color: #ae8a6b; text-decoration: underline;}"
      ],
      "settings": {
        "width": "max-w-[873px]"
      }
    },
    "custom_liquid_P3VkCP": {
      "type": "custom-liquid",
      "settings": {
        "custom_liquid": "<div class=\"mx-auto max-w-[873px] py-4\">\n<div class=\"border-t border-sg-grey-4 mx-auto\">\n\n<\/div>\n<\/div>",
        "color_scheme": "background-1",
        "padding_top": 8,
        "padding_bottom": 8
      }
    },
    "filterable_collection_multiple_DzxgwE": {
      "type": "filterable-collection-multiple",
      "blocks": {
        "tag_list_iDREe7": {
          "type": "tag_list",
          "settings": {
            "anchor": "Driving Shoes",
            "collection": "womens-driving-shoes",
            "tag": "",
            "limit": 30
          }
        },
        "tag_list_ewCNy9": {
          "type": "tag_list",
          "settings": {
            "anchor": "Ankle boots",
            "collection": "mens-ankle-boots",
            "tag": "",
            "limit": 30
          }
        }
      },
      "block_order": [
        "tag_list_iDREe7",
        "tag_list_ewCNy9"
      ],
      "settings": {
        "title": "Featured Styles",
        "quick_add": false
      }
    }
  },
  "order": [
    "main",
    "featured-collection",
    "related-articles",
    "stylised_header_eQm6iD",
    "article_main_pK87gf",
    "custom_liquid_P3VkCP",
    "filterable_collection_multiple_DzxgwE"
  ]
}