{
  "sections": {
    "stylised_header_dYp3HW": {
      "type": "stylised-header",
      "blocks": {
        "title_MWgiaJ": {
          "type": "title",
          "settings": {
            "title": "Comeback Cowboy: How to style the fringe collection.",
            "color-from": "#AE8A6B",
            "color-to": "#AE8A6B",
            "custom_css": ""
          }
        },
        "text_3DQRmC": {
          "type": "text",
          "settings": {
            "line-one": "There’s nothing we love more at Fairfax & Favor than a refreshed take on a classic style to fall in love with.",
            "body_style": "",
            "copy-color": "#ffffff"
          }
        }
      },
      "block_order": [
        "title_MWgiaJ",
        "text_3DQRmC"
      ],
      "settings": {
        "hero_image": "shopify:\/\/shop_images\/Collection-Hero_eb865933-2365-43c7-b0b1-1d9808b0227c.jpg",
        "gradient-mobile": "linear-gradient(360deg, rgba(31, 42, 68, 1) 9%, rgba(31, 42, 68, 0) 68%)",
        "gradient-height": 16,
        "gradient-width": 16,
        "gradient-desktop": "linear-gradient(89deg, rgba(33, 37, 68, 0) 0.719%, rgba(31, 42, 68, 0) 32%, rgba(31, 42, 68, 1) 79%)",
        "bg-color": "#1E293A"
      }
    },
    "main": {
      "type": "main-article",
      "disabled": true,
      "settings": {}
    },
    "article_main_4ikYLC": {
      "type": "article-main",
      "blocks": {
        "body_text_LkLmyd": {
          "type": "body-text",
          "settings": {
            "body-copy": "",
            "body-wrap": false,
            "body-color": "text-sg-grey-5",
            "body-style": "body-medium",
            "body-position": "text-center"
          }
        },
        "body_text_WeWiJQ": {
          "type": "body-text",
          "settings": {
            "body-copy": "<p>Whilst we’re in this transitional period between seasons, today we’re focusing our lookbook on how to style cowboy-inspired fringing and the best ways to introduce the iconic Western style to your wardrobe. <\/p>",
            "body-wrap": false,
            "body-color": "text-sg-grey-5",
            "body-style": "body-medium",
            "body-position": "text-center"
          }
        },
        "body_text_GAiVYL": {
          "type": "body-text",
          "settings": {
            "body-copy": "<p>So let’s say howdy to your brand new wardrobe heroes!<\/p><p><\/p><p><\/p><p><\/p><p><\/p><p><\/p><p><\/p><p><\/p><p><\/p>",
            "body-wrap": false,
            "body-color": "text-sg-grey-5",
            "body-style": "body-medium",
            "body-position": "text-center"
          }
        }
      },
      "block_order": [
        "body_text_LkLmyd",
        "body_text_WeWiJQ",
        "body_text_GAiVYL"
      ],
      "settings": {
        "width": "max-w-[873px]"
      }
    },
    "article_main_LeBbCM": {
      "type": "article-main",
      "blocks": {
        "mid_title_jCHMq7": {
          "type": "mid-title",
          "settings": {
            "mid-title": "Making a Western comeback",
            "title-style": "headline-4",
            "title-position": "text-center",
            "title-color": "#1E293A"
          }
        },
        "body_text_MVMwx7": {
          "type": "body-text",
          "settings": {
            "body-copy": "<p>The Western cowboy-inspired trend is making a serious comeback this year and it’s a surprisingly easy aesthetic that can be embraced by both men and women into their everyday attire, for work and play. From iconic rustic denim ensembles with a rugged flair, to a more structured and tailored approach, we’ve got some superb pieces influenced by this outdoors-inspired trend that will tick all of the right boxes. <\/p>",
            "body-wrap": false,
            "body-color": "text-sg-grey-5",
            "body-style": "body-medium",
            "body-position": "text-center"
          }
        }
      },
      "block_order": [
        "mid_title_jCHMq7",
        "body_text_MVMwx7"
      ],
      "custom_css": [
        "h4 {color: #AE8A6B; padding: 0 0 1rem 0; text-decoration: underline;}",
        "h5 {color: #AE8A6B; padding: 1rem 0; text-decoration: underline;}",
        "a {color: #AE8A6B; text-decoration: underline;}",
        "h6 {padding-bottom: 0.5rem;}"
      ],
      "settings": {
        "width": "max-w-[873px]"
      }
    },
    "article_main_KxATJ8": {
      "type": "article-main",
      "blocks": {
        "mid_title_6tBDAG": {
          "type": "mid-title",
          "settings": {
            "mid-title": "Think tan, checks, fringing and leather",
            "title-style": "headline-4",
            "title-position": "text-center",
            "title-color": "#1E293A"
          }
        },
        "body_image_pzmjfU": {
          "type": "body-image",
          "settings": {
            "body-image": "shopify:\/\/shop_images\/New-1.jpg"
          }
        },
        "body_text_3X833T": {
          "type": "body-text",
          "settings": {
            "body-copy": "<p>The well-known fashion staples synonymous with the rodeo cowboy trend start with a warm neutral colour palette as a base, with complementary rich chocolate brown, tan, cream tones. Think check pattern shirts and plenty of denim for a laidback look, and stick to accessories crafted from premium leather and suede materials, to be well on your way to championing the classic cowboy (and cowgirl!) look. Throw in some tasteful fringing details here and there and you can easily blend this trend into your wardrobe for the upcoming season.<\/p>",
            "body-wrap": false,
            "body-color": "text-sg-grey-5",
            "body-style": "body-medium",
            "body-position": "text-center"
          }
        }
      },
      "block_order": [
        "mid_title_6tBDAG",
        "body_image_pzmjfU",
        "body_text_3X833T"
      ],
      "custom_css": [
        "h4 {color: #AE8A6B; padding: 0 0 1rem 0; text-decoration: underline;}",
        "h5 {color: #AE8A6B; padding: 1rem 0; text-decoration: underline;}",
        "a {color: #AE8A6B; text-decoration: underline;}",
        "h6 {padding-bottom: 0.5rem;}"
      ],
      "settings": {
        "width": "max-w-[873px]"
      }
    },
    "article_main_U34fK8": {
      "type": "article-main",
      "blocks": {
        "mid_title_9iaEnW": {
          "type": "mid-title",
          "settings": {
            "mid-title": "Embroidery detailing and contrast stitching",
            "title-style": "headline-4",
            "title-position": "text-center",
            "title-color": "#1E293A"
          }
        },
        "body_text_nUMbWm": {
          "type": "body-text",
          "settings": {
            "body-copy": "<p>Another aspect of the Western style aesthetic is the heavy focus on beautiful embroidery and contrast stitching. With stunning artistry, embroidery on shirts, leather handbags and belts can really make an outfit pop and bring an extra element of interest to a look. Our attractive <a href=\"\/products\/the-ohio-belt-tan-leather\" title=\"The Ohio - Tan Leather\"><span style=\"text-decoration:underline\">Ohio belt<\/span><\/a> in tan leather and suede expertly delivers this exact vibe with attractive diamond-shaped cutout details and that all important contrast stitching. Wear this cowboy style belt with a pair of black jeans or to cinch in a dress at the waist as a simple yet effective way to take on the popular trend. <\/p>",
            "body-wrap": false,
            "body-color": "text-sg-grey-5",
            "body-style": "body-medium",
            "body-position": "text-center"
          }
        },
        "body_image_eLfWEp": {
          "type": "body-image",
          "settings": {
            "body-image": "shopify:\/\/shop_images\/1_2c4299e7-1cd9-4773-aa46-4e5f36bddc70.jpg"
          }
        },
        "body_text_rr9L3a": {
          "type": "body-text",
          "settings": {
            "body-copy": "<p>Embroidery designs, such as the chevron design, appear quite frequently with rodeo style clothing and footwear. <a href=\"https:\/\/www.fairfaxandfavor.com\/products\/georgia-ankle-boot-tan-suede\"><span style=\"text-decoration:underline\">The Georgia<\/span><\/a> kitten heeled ankle boots display this look in such an elegant way with chevron hand-stitched detailing to the front of the boot. Pulling on a pair of these boots is a great way to add understated boho chic to any outfit, whether you’re heading out for a light lunch with friends or attending an outdoor event. <\/p>",
            "body-wrap": false,
            "body-color": "text-sg-grey-5",
            "body-style": "body-medium",
            "body-position": "text-center"
          }
        },
        "body_text_VKF7JA": {
          "type": "body-text",
          "settings": {
            "body-copy": "<p>Likewise, our festival favourite knee high <a href=\"https:\/\/www.fairfaxandfavor.com\/products\/knee-high-arizona-tan\"><span style=\"text-decoration:underline\">Arizona tan boots<\/span><\/a> will have you planning your next roadtrip wardrobe early this year thanks to the intricate contrast stitching on the upper and both sides of the boot. When the warmer weather strikes, pair your knee high tan boots with cut-off denim shorts for a quintessential Daisy Duke look that will get heads turning.<\/p>",
            "body-wrap": false,
            "body-color": "text-sg-grey-5",
            "body-style": "body-medium",
            "body-position": "text-center"
          }
        },
        "body_image_4aFqNL": {
          "type": "body-image",
          "settings": {
            "body-image": "shopify:\/\/shop_images\/5_a0c8d1a3-9a34-4740-890b-63dbd90dfa9e.jpg"
          }
        }
      },
      "block_order": [
        "mid_title_9iaEnW",
        "body_text_nUMbWm",
        "body_image_eLfWEp",
        "body_text_rr9L3a",
        "body_text_VKF7JA",
        "body_image_4aFqNL"
      ],
      "custom_css": [
        "h4 {color: #AE8A6B; padding: 0 0 1rem 0; text-decoration: underline;}",
        "h5 {color: #AE8A6B; padding: 1rem 0; text-decoration: underline;}",
        "a {color: #AE8A6B; text-decoration: underline;}",
        "h6 {padding-bottom: 0.5rem;}"
      ],
      "settings": {
        "width": "max-w-[873px]"
      }
    },
    "article_main_CaJKaU": {
      "type": "article-main",
      "blocks": {
        "mid_title_JLFB6P": {
          "type": "mid-title",
          "settings": {
            "mid-title": "How to style fringe",
            "title-style": "headline-4",
            "title-position": "text-center",
            "title-color": "#1E293A"
          }
        },
        "body_text_whnRwE": {
          "type": "body-text",
          "settings": {
            "body-copy": "<p>Fringe embellishment is the epitome of Western cowboy-influenced fashion. It can be found in the designs of so many clothing and accessory pieces meaning that it is an undeniably versatile element to incorporate into your new season wardrobe. We would recommend avoiding going overboard with this, and stick to one fringed item of clothing at a time to keep things looking refined.<\/p>",
            "body-wrap": false,
            "body-color": "text-sg-grey-5",
            "body-style": "body-medium",
            "body-position": "text-center"
          }
        },
        "body_text_JR3HeL": {
          "type": "body-text",
          "settings": {
            "body-copy": "<p>One place to start with styling fringe is with an archetypal suede fringed bag. Our <a href=\"https:\/\/www.fairfaxandfavor.com\/products\/the-nashville-saddlebag-tan-suede\"><span style=\"text-decoration:underline\">Nashville fringed saddle bag<\/span><\/a> in soft tan suede is the ideal stylish update to any springtime outfit and fills a unique gap in your handbag collection. Thanks to the long fringing detail that has been perfectly shaped, you can add instant cowgirl chic to a relaxed weekend outfit of a denim jumpsuit and ankle boots in matching tan colour to pull the ensemble together seamlessly.  <\/p>",
            "body-wrap": false,
            "body-color": "text-sg-grey-5",
            "body-style": "body-medium",
            "body-position": "text-center"
          }
        },
        "body_image_TRBELf": {
          "type": "body-image",
          "settings": {
            "body-image": "shopify:\/\/shop_images\/6_534c93e9-04ef-4947-9440-d9f92eec553a.jpg"
          }
        },
        "body_text_m7kERA": {
          "type": "body-text",
          "settings": {
            "body-copy": "<p>For an unexpected fringe look, we love the addition of this rustic detail to footwear styles, such as <a href=\"https:\/\/www.fairfaxandfavor.com\/products\/the-regina-fringed-ankle-boot-tan\"><span style=\"text-decoration:underline\">The Regina ankle boots<\/span><\/a> in beautiful tan coloured suede. This is a subtle way to introduce fringing to your outfit, and adds a fun little bohemian touch to a summertime midi dress or your favourite pair of blue jeans. Just add a floppy hat and you’re ready for spring and summer! <\/p>",
            "body-wrap": false,
            "body-color": "text-sg-grey-5",
            "body-style": "body-medium",
            "body-position": "text-center"
          }
        },
        "body_text_XriiAW": {
          "type": "body-text",
          "settings": {
            "body-copy": "<p>When it comes to styling this trend in the more smart casual realm, the sophisticated mule has had a rustic update thanks to soft suede fringing with our charming <a href=\"https:\/\/www.fairfaxandfavor.com\/products\/fringed-tuddenham-mule-tan\"><span style=\"text-decoration:underline\">Tuddenham fringed mules<\/span><\/a>. You can easily slip on these tan mules and team with a floaty maxi dress or a pair of slacks to add a modern touch to your everyday outfit. <\/p>",
            "body-wrap": false,
            "body-color": "text-sg-grey-5",
            "body-style": "body-medium",
            "body-position": "text-center"
          }
        },
        "body_text_j8U9Nw": {
          "type": "body-text",
          "settings": {
            "body-copy": "<p>Ready to take a ride on the wild side? Explore our fringe collection to view our curated selection of pieces that take guided inspiration from this much admired trend. You’ll find exquisite pieces which display elements outlined in our guide to assist you in achieving the ultimate Western wardrobe.<\/p>",
            "body-wrap": false,
            "body-color": "text-sg-grey-5",
            "body-style": "body-medium",
            "body-position": "text-center"
          }
        }
      },
      "block_order": [
        "mid_title_JLFB6P",
        "body_text_whnRwE",
        "body_text_JR3HeL",
        "body_image_TRBELf",
        "body_text_m7kERA",
        "body_text_XriiAW",
        "body_text_j8U9Nw"
      ],
      "custom_css": [
        "h4 {color: #AE8A6B; padding: 0 0 1rem 0; text-decoration: underline;}",
        "h5 {color: #AE8A6B; padding: 1rem 0; text-decoration: underline;}",
        "a {color: #AE8A6B; text-decoration: underline;}",
        "h6 {padding-bottom: 0.5rem;}"
      ],
      "settings": {
        "width": "max-w-[873px]"
      }
    },
    "custom_liquid_ar3gPQ": {
      "type": "custom-liquid",
      "settings": {
        "custom_liquid": "",
        "color_scheme": "background-1",
        "padding_top": 40,
        "padding_bottom": 0
      }
    },
    "about_us_A4mCD9": {
      "type": "about-us",
      "settings": {
        "image": "shopify:\/\/shop_images\/New-3.jpg",
        "geo_location": "GBP USD AUD CAD EUR",
        "title": "The Fringe Collection",
        "description": "For further fashion inspiration, keep an eye on the latest Fairfax & Favor clothing collections which are updated regularly with carefully curated pieces you’re bound to love.",
        "button_text": "SHOP NOW",
        "button_link": "shopify:\/\/collections\/new-arrivals",
        "margin_top": "mt-0"
      }
    },
    "related-articles": {
      "type": "related-articles",
      "disabled": true,
      "settings": {}
    }
  },
  "order": [
    "stylised_header_dYp3HW",
    "main",
    "article_main_4ikYLC",
    "article_main_LeBbCM",
    "article_main_KxATJ8",
    "article_main_U34fK8",
    "article_main_CaJKaU",
    "custom_liquid_ar3gPQ",
    "about_us_A4mCD9",
    "related-articles"
  ]
}