{
  "sections": {
    "stylised_header_dYp3HW": {
      "type": "stylised-header",
      "blocks": {
        "title_MWgiaJ": {
          "type": "title",
          "settings": {
            "title": "A Closer Look at High Grain Leather: What Sets it Apart From the Rest",
            "color-from": "#ae8a6b",
            "color-to": "#ae8a6b",
            "custom_css": ""
          }
        },
        "text_3DQRmC": {
          "type": "text",
          "settings": {
            "line-one": "As we’re sure you’ll agree, there is nothing more distinctive or distinguished than an item crafted from real premium leather. From classic leather handbags to the smart finish of leather ankle boots, this versatile material is one of the most utilised in the clothing manufacturing world - and with good reason.",
            "body_style": "",
            "copy-color": "#ffffff"
          }
        }
      },
      "block_order": [
        "title_MWgiaJ",
        "text_3DQRmC"
      ],
      "settings": {
        "hero_image": "shopify:\/\/shop_images\/hero-ada-biscuit-bella-sage.jpg",
        "gradient-mobile": "linear-gradient(360deg, rgba(31, 42, 68, 1) 9%, rgba(31, 42, 68, 0) 68%)",
        "gradient-height": 16,
        "gradient-width": 16,
        "gradient-desktop": "linear-gradient(89deg, rgba(33, 37, 68, 0) 0.719%, rgba(31, 42, 68, 0) 32%, rgba(31, 42, 68, 1) 79%)",
        "bg-color": "#1e293a"
      }
    },
    "main": {
      "type": "main-article",
      "disabled": true,
      "settings": {}
    },
    "article_main_4ikYLC": {
      "type": "article-main",
      "blocks": {
        "body_text_qFrWhk": {
          "type": "body-text",
          "settings": {
            "body-copy": "<p>At Fairfax & Favor we have a passion for luxurious yet durable leather and suede items and how they can effortlessly elevate the look of any sophisticated outfit. Today we’re taking a deep dive into a specific type of leather to see what sets it apart from the rest.<\/p>",
            "body-wrap": false,
            "body-color": "text-sg-grey-5",
            "body-style": "body-medium",
            "body-position": "text-center"
          }
        },
        "mid_title_m3zdeR": {
          "type": "mid-title",
          "settings": {
            "mid-title": "What is high grain leather?",
            "title-style": "headline-1",
            "title-position": "text-center",
            "title-color": "#1E293A"
          }
        },
        "body_text_PFcN79": {
          "type": "body-text",
          "settings": {
            "body-copy": "<p>Firstly, let’s consider what high grain leather is and what characteristics make it so suitable for our favourite fashion items. High grain leather, or top grain leather, is the second highest grade of leather quality standards. With the outer layer of hide removed (or split) by extra buffing and sanding to discard obvious imperfections, this process results in leather material that is thinner and more pliable. The higher level of processing compared to a full grain leather made from the outer layer of hide, results in a slightly less rustic appearance, but it still provides a rich, premium feel and look. <\/p>",
            "body-wrap": false,
            "body-color": "text-sg-grey-5",
            "body-style": "body-medium",
            "body-position": "text-center"
          }
        },
        "body_text_wAzg9R": {
          "type": "body-text",
          "settings": {
            "body-copy": "<p>Top grain leather is often specially treated to enhance its overall appearance and durability. Unlike full grain leather, high grain leather will usually not develop that rich patina definition and shine on its surface through use and time. This type of leather is still highly desirable and much loved by fashion fans.<\/p>",
            "body-wrap": false,
            "body-color": "text-sg-grey-5",
            "body-style": "body-medium",
            "body-position": "text-center"
          }
        },
        "body_text_Kyxgic": {
          "type": "body-text",
          "settings": {
            "body-copy": "<p>The key characteristics of high grain leather that make it such a popular material in chic countryside-inspired apparel include its excellent durability, resistance to moisture, natural grain pattern appearance and its longevity. <\/p>",
            "body-wrap": false,
            "body-color": "text-sg-grey-5",
            "body-style": "body-medium",
            "body-position": "text-center"
          }
        },
        "mid_title_cKatD3": {
          "type": "mid-title",
          "settings": {
            "mid-title": "Resistance to moisture and stains",
            "title-style": "headline-1",
            "title-position": "text-center",
            "title-color": "#1E293A"
          }
        },
        "body_text_wLzzGW": {
          "type": "body-text",
          "settings": {
            "body-copy": "<p>As it is crafted from the tough second layer of hide, high grain leather is wonderfully resistant to moisture and stains, making it a perfect material choice for footwear and outerwear clothing. This is in part due to its tighter grain structure and natural properties which makes it easy to clean and maintain with regular care. However, your treasured luxury leather jackets and bags should still be treated regularly with water resistant sprays to improve its water repelling properties. <\/p>",
            "body-wrap": false,
            "body-color": "text-sg-grey-5",
            "body-style": "body-medium",
            "body-position": "text-center"
          }
        },
        "mid_title_MJeqjR": {
          "type": "mid-title",
          "settings": {
            "mid-title": "Natural appearance",
            "title-style": "headline-1",
            "title-position": "text-center",
            "title-color": "#1E293A"
          }
        },
        "body_text_Y6CmUm": {
          "type": "body-text",
          "settings": {
            "body-copy": "<p>Even though the processing of high grain leather involves removing the outer layer of the animal hide for a more uniform look, some of its distinguishable natural appearance still remains. You can still see at the surface level the natural grain pattern and markings, such as small wrinkles and even pores, which adds to the charm and character of any item created with it. <\/p>",
            "body-wrap": false,
            "body-color": "text-sg-grey-5",
            "body-style": "body-medium",
            "body-position": "text-center"
          }
        },
        "body_text_aJzMTq": {
          "type": "body-text",
          "settings": {
            "body-copy": "<p>The feel of high grain leather is soft and supple which can become even more comfortable and velvety with use over time. This makes it a perfect material option for buttery soft leather jackets and handbags. <\/p>",
            "body-wrap": false,
            "body-color": "text-sg-grey-5",
            "body-style": "body-medium",
            "body-position": "text-center"
          }
        },
        "mid_title_L9zfEU": {
          "type": "mid-title",
          "settings": {
            "mid-title": "Ease of customisation",
            "title-style": "headline-1",
            "title-position": "text-center",
            "title-color": "#1E293A"
          }
        },
        "body_text_yN8dck": {
          "type": "body-text",
          "settings": {
            "body-copy": "<p>With a smooth surface, high grain leather goods can be easily customised with embossing and printing techniques. Different textures, stamps and pattern finishes can be achieved due to the thinner and smoother top layer - ideal for personalisation, logos or special handcrafted finishes. <\/p>",
            "body-wrap": false,
            "body-color": "text-sg-grey-5",
            "body-style": "body-medium",
            "body-position": "text-center"
          }
        },
        "mid_title_X84V7j": {
          "type": "mid-title",
          "settings": {
            "mid-title": "Durability and breathability",
            "title-style": "headline-1",
            "title-position": "text-center",
            "title-color": "#1E293A"
          }
        },
        "body_text_8CFFfX": {
          "type": "body-text",
          "settings": {
            "body-copy": "<p>Well known for their durability, leather goods are an exceptional investment for longevity. Though thinner than full grain leather, the high grain leather material is still robust and retains its strength against general wear and tear. You can also rely on this type of leather to be breathable due to its naturally porous nature, helping to regulate temperatures and moisture levels thanks to the natural fibres which allow air to circulate more freely. <\/p>",
            "body-wrap": false,
            "body-color": "text-sg-grey-5",
            "body-style": "body-medium",
            "body-position": "text-center"
          }
        },
        "mid_title_hfq9p6": {
          "type": "mid-title",
          "settings": {
            "mid-title": "Looking after your leather goods",
            "title-style": "headline-1",
            "title-position": "text-center",
            "title-color": "#1E293A"
          }
        },
        "body_text_daQYUq": {
          "type": "body-text",
          "settings": {
            "body-copy": "<p>In terms of looking after your high grain leather goods, you can certainly improve or maintain the appearance with some simple regular upkeep. You may wish to apply a deep conditioning leather treatment regularly to keep your item in top condition and feeling supple. As always, be sure to store your leather garments or accessories correctly to avoid accidental damage. Store out of direct sunlight and heat in order to preserve beauty and character of the pieces. <\/p>",
            "body-wrap": false,
            "body-color": "text-sg-grey-5",
            "body-style": "body-medium",
            "body-position": "text-center"
          }
        },
        "body_text_mBH9xj": {
          "type": "body-text",
          "settings": {
            "body-copy": "<p>As with any leather and suede product, such as leather shoes or handbags, with the correct care and regular maintenance, you can extend the lifespan of your leather goods and enjoy them for years to come. <\/p>",
            "body-wrap": false,
            "body-color": "text-sg-grey-5",
            "body-style": "body-medium",
            "body-position": "text-center"
          }
        },
        "body_text_9m4PYP": {
          "type": "body-text",
          "settings": {
            "body-copy": "<p>Feeling inspired to add more leather to your wardrobe this season? Explore our ranges of premium leather and suede products, such as our stylish collections of <a href=\"https:\/\/www.fairfaxandfavor.com\/collections\/womens-ankle-boots\"><span style=\"text-decoration:underline\">women’s ankle boots<\/span><\/a> and <a href=\"https:\/\/www.fairfaxandfavor.com\/collections\/mens-shoes\"><span style=\"text-decoration:underline\">men’s shoes<\/span><\/a> for must-have leather footwear options to add to your wardrobe. We also have exquisite leather accessories, such as an array of chic <a href=\"https:\/\/www.fairfaxandfavor.com\/collections\/womens-bags\"><span style=\"text-decoration:underline\">women’s handbags<\/span><\/a> and <a href=\"https:\/\/www.fairfaxandfavor.com\/collections\/womens-belts\"><span style=\"text-decoration:underline\">belts<\/span><\/a> to suit all tastes.    <\/p>",
            "body-wrap": false,
            "body-color": "text-sg-grey-5",
            "body-style": "body-medium",
            "body-position": "text-center"
          }
        }
      },
      "block_order": [
        "body_text_qFrWhk",
        "mid_title_m3zdeR",
        "body_text_PFcN79",
        "body_text_wAzg9R",
        "body_text_Kyxgic",
        "mid_title_cKatD3",
        "body_text_wLzzGW",
        "mid_title_MJeqjR",
        "body_text_Y6CmUm",
        "body_text_aJzMTq",
        "mid_title_L9zfEU",
        "body_text_yN8dck",
        "mid_title_X84V7j",
        "body_text_8CFFfX",
        "mid_title_hfq9p6",
        "body_text_daQYUq",
        "body_text_mBH9xj",
        "body_text_9m4PYP"
      ],
      "settings": {
        "width": "max-w-[873px]"
      }
    },
    "custom_liquid_HNVgkH": {
      "type": "custom-liquid",
      "settings": {
        "custom_liquid": "",
        "color_scheme": "background-1",
        "padding_top": 24,
        "padding_bottom": 0
      }
    },
    "magazine_splash_mB6yHm": {
      "type": "magazine-splash",
      "blocks": {
        "feature_wCFN6L": {
          "type": "feature",
          "settings": {
            "image": "shopify:\/\/shop_images\/collection-ada-biscuit-gloves.jpg",
            "subtitle": "",
            "title": "",
            "button_text": "",
            "position": "",
            "link": "shopify:\/\/collections\/womens-capes"
          }
        },
        "feature_NxGYEX": {
          "type": "feature",
          "settings": {
            "image": "shopify:\/\/shop_images\/collection-sienna-cape-hounds.jpg",
            "subtitle": "",
            "title": "",
            "button_text": "",
            "position": "",
            "link": ""
          }
        }
      },
      "block_order": [
        "feature_wCFN6L",
        "feature_NxGYEX"
      ],
      "custom_css": [
        ".overflow-x-auto {overflow-x: auto; overflow-y: hidden;}"
      ],
      "settings": {
        "custom_class": "md:w-3\/4 mx-auto"
      }
    },
    "custom_liquid_7jyKB9": {
      "type": "custom-liquid",
      "settings": {
        "custom_liquid": "",
        "color_scheme": "background-1",
        "padding_top": 0,
        "padding_bottom": 12
      }
    },
    "image_block_ejYPWH": {
      "type": "image-block",
      "settings": {
        "image_block": "shopify:\/\/shop_images\/collection-box-blog-ankle-boot-8.jpg",
        "custom_class": "md:w-1\/2"
      }
    },
    "lifestyle_gallery_BFAtPk": {
      "type": "lifestyle-gallery",
      "blocks": {
        "lifestyle_block_4NWGV4": {
          "type": "lifestyle_block",
          "settings": {
            "image": "shopify:\/\/shop_images\/Untitled-2_copy.webp",
            "title": "Zara Tindall",
            "sub_title": "British Eventer",
            "product_1": "the-mini-loxley-crossbody-high-shine-navy-croc-print-leather",
            "product_2": ""
          }
        },
        "lifestyle_block_hKA73N": {
          "type": "lifestyle_block",
          "settings": {
            "image": "shopify:\/\/shop_images\/Laurawright-cheltenham.webp",
            "title": "Laura Wright",
            "sub_title": "Soprano",
            "product_1": "loxley-mini-cross-body-bag-black-leather",
            "product_2": "the-heeled-regina-black-leather-boot"
          }
        },
        "lifestyle_block_gmY7iW": {
          "type": "lifestyle_block",
          "settings": {
            "image": "shopify:\/\/shop_images\/lukeharveycheltenham.webp",
            "title": "Luke Harvey",
            "sub_title": "Jockey, Television Presenter & Pundit",
            "product_1": "the-nelson",
            "product_2": ""
          }
        },
        "lifestyle_block_hRk7Yt": {
          "type": "lifestyle_block",
          "settings": {
            "image": "shopify:\/\/shop_images\/carolvorderman-cheltenham.webp",
            "title": "Carol Vorderman",
            "sub_title": "Television Presenter & Author",
            "product_1": "the-sienna-cape-taupe",
            "product_2": "the-amira-tan"
          }
        },
        "lifestyle_block_NXkzU4": {
          "type": "lifestyle_block",
          "settings": {
            "image": "shopify:\/\/shop_images\/georgiatoffolo-cheltenham.webp",
            "title": "Georgia Toffolo",
            "sub_title": "Reality Television Star on Made in Chelsea",
            "product_1": "the-heeled-regina-navy-blue-suede-boot",
            "product_2": ""
          }
        }
      },
      "block_order": [
        "lifestyle_block_4NWGV4",
        "lifestyle_block_hKA73N",
        "lifestyle_block_gmY7iW",
        "lifestyle_block_hRk7Yt",
        "lifestyle_block_NXkzU4"
      ],
      "settings": {
        "title": "Get Cheltenham Race Ready",
        "subtitle": "Seen at the Races #fairfaxandfavor?",
        "margin_top": "mt-0"
      }
    },
    "custom_liquid_ULEEhz": {
      "type": "custom-liquid",
      "settings": {
        "custom_liquid": "",
        "color_scheme": "background-1",
        "padding_top": 20,
        "padding_bottom": 0
      }
    },
    "custom_liquid_R8Yjff": {
      "type": "custom-liquid",
      "settings": {
        "custom_liquid": "",
        "color_scheme": "background-1",
        "padding_top": 0,
        "padding_bottom": 20
      }
    },
    "custom_liquid_3bfnBt": {
      "type": "custom-liquid",
      "settings": {
        "custom_liquid": "",
        "color_scheme": "background-1",
        "padding_top": 20,
        "padding_bottom": 0
      }
    },
    "featured_campaign_collection_9WL7QM": {
      "type": "featured-campaign-collection",
      "settings": {
        "image": "shopify:\/\/shop_images\/header-men-footwear-pine-chelsea.jpg",
        "title": "Cheltenham Chelsea Boots",
        "description": "",
        "button_text": "Shop the collection",
        "collection": "mens-ankle-boots",
        "limit": 4
      }
    },
    "custom_liquid_Ye8Mfj": {
      "type": "custom-liquid",
      "settings": {
        "custom_liquid": "",
        "color_scheme": "background-1",
        "padding_top": 0,
        "padding_bottom": 20
      }
    },
    "image_block_bPdzWT": {
      "type": "image-block",
      "disabled": true,
      "settings": {
        "image_block": "shopify:\/\/shop_images\/collection-box-mens-edward-gilet.jpg",
        "custom_class": "md:w-1\/2"
      }
    },
    "custom_liquid_AUPVQQ": {
      "type": "custom-liquid",
      "settings": {
        "custom_liquid": "<div class=\"w-full\">\n<div class=\"border border-sg-grey-6 mx-auto w-1\/2\">\n<\/div>\n<\/div>",
        "color_scheme": "background-1",
        "padding_top": 12,
        "padding_bottom": 12
      }
    },
    "magazine_splash_P6L4ak": {
      "type": "magazine-splash",
      "blocks": {
        "feature_QqnUpE": {
          "type": "feature",
          "settings": {
            "image": "shopify:\/\/shop_images\/Fiona_1d8b2191-2462-4ecb-9c4f-bf505db81003.jpg",
            "subtitle": "",
            "title": "",
            "button_text": "",
            "position": "",
            "link": ""
          }
        },
        "feature_BVMtNM": {
          "type": "feature",
          "settings": {
            "image": "shopify:\/\/shop_images\/Laura_7dc84a5d-4b4c-4a23-885f-8474cb786fab.jpg",
            "subtitle": "",
            "title": "",
            "button_text": "",
            "position": "",
            "link": ""
          }
        }
      },
      "block_order": [
        "feature_QqnUpE",
        "feature_BVMtNM"
      ],
      "custom_css": [
        ".overflow-x-auto {overflow-x: auto; overflow-y: hidden;}"
      ],
      "settings": {
        "custom_class": "md:w-3\/4 mx-auto"
      }
    },
    "custom_liquid_y4HEHc": {
      "type": "custom-liquid",
      "settings": {
        "custom_liquid": "<div class=\"w-full\">\n<div class=\"border border-sg-grey-6 mx-auto w-1\/2\">\n<\/div>\n<\/div>",
        "color_scheme": "background-1",
        "padding_top": 12,
        "padding_bottom": 12
      }
    },
    "about_us_rwHWga": {
      "type": "about-us",
      "settings": {
        "image": "shopify:\/\/shop_images\/collection-box-octavia-boot-heeled.jpg",
        "geo_location": "GBP, USD, EUR, AUD, CAD",
        "title": "THE CHELTENHAM COLLECTION",
        "description": "Our winning wardrobe heroes are sure to turn heads around the track. Gorgeous gilets, sophisticated capes and premium footwear - behold your new race style favourites.",
        "button_text": "SHOP NOW",
        "button_link": "shopify:\/\/collections\/cheltenham-races-outfits",
        "margin_top": "mt-5"
      }
    },
    "related-articles": {
      "type": "related-articles",
      "disabled": true,
      "settings": {}
    }
  },
  "order": [
    "stylised_header_dYp3HW",
    "main",
    "article_main_4ikYLC",
    "custom_liquid_HNVgkH",
    "magazine_splash_mB6yHm",
    "custom_liquid_7jyKB9",
    "image_block_ejYPWH",
    "lifestyle_gallery_BFAtPk",
    "custom_liquid_ULEEhz",
    "custom_liquid_R8Yjff",
    "custom_liquid_3bfnBt",
    "featured_campaign_collection_9WL7QM",
    "custom_liquid_Ye8Mfj",
    "image_block_bPdzWT",
    "custom_liquid_AUPVQQ",
    "magazine_splash_P6L4ak",
    "custom_liquid_y4HEHc",
    "about_us_rwHWga",
    "related-articles"
  ]
}