{
  "sections": {
    "b6c868ee-bd8b-439d-a02e-505fa82d99d1": {
      "type": "stylised-header",
      "blocks": {
        "d7070ee9-070e-4753-a84f-25bcea1a325c": {
          "type": "title",
          "settings": {
            "title": "ELLA AND LAURA, ON POSING IN PINK, WITH FAIRFAX & FAVOR",
            "color-from": "#f73778",
            "color-to": "#f1a8c0"
          }
        },
        "5b1743e1-1fcf-40ee-b012-deff41331bb0": {
          "type": "text",
          "settings": {
            "line-one": "When they were 23 and 25, Ella and Laura heard the news they had breast cancer.They modelled for Fairfax & Favor's pink breast cancer collection, to show breast cancer can happen to anyone, and get people checking.",
            "copy-color": "#1E293A"
          }
        },
        "21fafe3d-9c03-4cd3-9300-9e36b5b21d96": {
          "type": "logo",
          "settings": {
            "racing-logo": "shopify:\/\/shop_images\/10319_BCN_Core_Logo_Pink_RGB.png"
          }
        }
      },
      "block_order": [
        "d7070ee9-070e-4753-a84f-25bcea1a325c",
        "5b1743e1-1fcf-40ee-b012-deff41331bb0",
        "21fafe3d-9c03-4cd3-9300-9e36b5b21d96"
      ],
      "settings": {
        "hero_image": "shopify:\/\/shop_images\/BCN-Header2.jpg",
        "gradient-mobile": "linear-gradient(360deg, rgba(253, 232, 233, 1) 9%, rgba(31, 42, 68, 0) 68%)",
        "gradient-height": 8,
        "gradient-width": 16,
        "gradient-desktop": "linear-gradient(89deg, rgba(33, 37, 68, 0) 0.719%, rgba(31, 42, 68, 0) 32%, rgba(253, 232, 233, 1) 79%)",
        "bg-color": "#fde8e9"
      }
    },
    "0ca16edf-c6da-4626-bd81-73180c075b20": {
      "type": "custom-liquid",
      "disabled": true,
      "settings": {
        "custom_liquid": "<div class=\"max-w-[873px] mx-auto text-sg-grey-5 pb-8\">\n<p class=\"pb-4\">We are honoured that Fairfax & Favor have chosen to support Breast Cancer Now for our ninth year in partnership together through their beautiful, limited-edition pink products raising awareness of the disease, and vital funds to support people affected by breast cancer. We are truly grateful for their continued support.<\/p>\n \n<p class=\"pb-4\">Every 10 minutes one woman is diagnosed with breast cancer in the UK. Breast Cancer Now is on a mission to make sure that by 2050, everyone diagnosed with breast cancer lives, and is supported to live well.<\/p>\n \n<p class=\"\">Anyone looking for support or information can visit the Breast Cancer Now website or call our free Helpline on <a href=\"tel:0808 800 6000\" class=\"underline text-sg-gold\">0808 800 6000<\/a>. \n<\/p>\n\n<\/div>\n\n<div class=\"hidden max-w-[871px] mx-auto\">\n<div class=\"border-b mx-4 py-4\" style=\"border-color: #f73778;\">\n<\/div>\n<\/div>",
        "color_scheme": "background-1",
        "padding_top": 0,
        "padding_bottom": 0
      }
    },
    "8342365c-05c5-4b6a-a68f-8cd68d02fff6": {
      "type": "article-main",
      "blocks": {
        "6b4b0d31-f48b-4952-b66d-f1b8c2998e0c": {
          "type": "body-text",
          "settings": {
            "body-copy": "<h6>We are honoured that Fairfax & Favor have chosen to support Breast Cancer Now for our ninth year in partnership together through their beautiful, limited-edition pink products raising awareness of the disease, and vital funds to support people affected by breast cancer. We are truly grateful for their continued support.<\/h6><h6><\/h6><h6>Every 10 minutes one woman is diagnosed with breast cancer in the UK. Breast Cancer Now is on a mission to make sure that by 2050, everyone diagnosed with breast cancer lives, and is supported to live well.<\/h6><h6><\/h6><p><\/p><h6>Anyone looking for support or information can visit the Breast Cancer Now website or call our free Helpline on <a href=\"tel:0808 800 6000\">0808 800 6000<\/a>.<\/h6><h6><\/h6><h6><\/h6><h6><\/h6><h6><\/h6>",
            "body-color": "text-sg-grey-5",
            "body-style": "body-medium",
            "body-position": "text-left"
          }
        },
        "5b3c5841-3e4d-4092-baab-0518c92d612e": {
          "type": "body-text",
          "settings": {
            "body-copy": "<p>When they were 23 and 25, Ella and Laura heard the news they had breast cancer.<\/p><p>They modelled for Fairfax & Favor's pink breast cancer collection, to show breast cancer can happen to anyone, and get people checking.<\/p>",
            "body-color": "text-sg-grey-5",
            "body-style": "body-medium",
            "body-position": "text-left"
          }
        },
        "efc65eb0-7f83-46b8-b90e-ce9ee31a9edd": {
          "type": "mid-title",
          "settings": {
            "mid-title": "CAN YOU TELL US A BIT ABOUT YOU?",
            "title-style": "headline-6",
            "title-position": "text-center",
            "title-color": "#1E293A"
          }
        },
        "7879a6f4-4e82-4704-a2db-22888c7720be": {
          "type": "body-text",
          "settings": {
            "body-copy": "<h4>LAURA:<\/h4><p><em>\"I'm now 35 and live with my husband Brad, and our 2 cocker spaniels. Before cancer, I had my own hairdressing business, but I can't use my arm properly since my diagnosis. Now, I run support groups for people with secondary cancer, alongside my lnstagram page <\/em><a href=\"https:\/\/www.instagram.com\/baldbooblessandbeautiful\"><em>@baldbooblessandbeautiful<\/em><\/a><em>\".<\/em><\/p><h5>ELLA:<\/h5><p><em>\"Before my diagnosis, I worked with young people needing mental health support, and now, I work in admin. I'm 24 and live with my boyfriend, Owen, and our black Labrador puppy, Freddie. we enjoy going for walks, cooking, baking, and watching Formula 1.\"<\/em><\/p>",
            "body-color": "text-sg-grey-5",
            "body-style": "body-medium",
            "body-position": "text-left"
          }
        },
        "76f257f9-c751-4739-8321-50f5438a0375": {
          "type": "body-image",
          "settings": {
            "body-image": "shopify:\/\/shop_images\/Blog3_53e91aec-0677-4a66-93e2-56768115bdff.jpg"
          }
        },
        "a89b7bfc-fb93-45dd-b535-3b7a3a81c7e3": {
          "type": "mid-title",
          "settings": {
            "mid-title": "CAN YOU TELL US A BIT ABOUT YOUR DIAGNOSIS?",
            "title-style": "headline-6",
            "title-position": "text-center",
            "title-color": "#1E293A"
          }
        },
        "84f7eba3-6ad9-4fdb-887e-99ecd3ec5fdc": {
          "type": "body-text",
          "settings": {
            "body-copy": "<h4>ELLA:<\/h4><p><em>\"I was diagnosed in June 2022, age 23, with grade 3 ER+, HER2+ primary breast cancer. It was picked up in a routine MRI for my condition called Li-Fraumeni syndrome, which means I'm at a higher risk of cancer. My treatment started quickly - a double mastectomy with immediate reconstruction, and 6 rounds of chemotherapy.\"<\/em><\/p><h5>LAURA:<\/h5><p><em>\"When I was 25, I found a pea-sized lump in my left breast, and was diagnosed with aggressive stage 3, grade 3, ER+ and HER2+ breast cancer. I was eventually put in remission, but sadly, when I was scanned for severe shoulder pain, I found out my cancer was back. It had spread to my head, spine, and pelvis, and classed as secondary which is incurable. I was facing a very unknown, short future.\"<\/em><\/p>",
            "body-color": "text-sg-grey-5",
            "body-style": "body-medium",
            "body-position": "text-left"
          }
        },
        "681ec481-0fc6-4c02-8277-1bf127c2386a": {
          "type": "body-text",
          "settings": {
            "body-copy": "<p><em>\"I have treatment every 3 weeks, that I was told may only work for 18 months. But for some miracle, I'm still here, almost 7 years later.\"<\/em><\/p>",
            "body-color": "text-sg-grey-5",
            "body-style": "body-medium",
            "body-position": "text-left"
          }
        },
        "09042788-e677-4615-bbcb-f383673f9a44": {
          "type": "mid-title",
          "settings": {
            "mid-title": "WHAT WAS YOUR REACTION TO YOUR DIAGNOSIS?",
            "title-style": "headline-6",
            "title-position": "text-center",
            "title-color": "#1E293A"
          }
        },
        "1a13e64d-ad0a-4cda-9247-5992b479a620": {
          "type": "body-text",
          "settings": {
            "body-copy": "<h4>ELLA:<\/h4><p><em>\"I was shocked and upset to be diagnosed so young, and I didn't know anyone my age going through it. It was upsetting to know I'd lose my hair and not feel as confident. I found out about Younger Women Together, a Breast Cancer Now support group, which reassured me. I got answers only someone who'd been through it would know.\"<\/em><\/p><h5>LAURA:<\/h5><p><em>\"My life was completely flipped upside down and I was terrified. I lost my career and was told I wouldn't be able to have children, which was devastating.\"<\/em><\/p>",
            "body-color": "text-sg-grey-5",
            "body-style": "body-medium",
            "body-position": "text-left"
          }
        },
        "fe97160e-5bba-4f8a-a312-317b00c61b5f": {
          "type": "body-text",
          "settings": {
            "body-copy": "<p><em>\"Googling was scary, so Breast Cancer Now's website was amazing and the support has been invaluable. I've been involved in its campaigns too, meeting wonderful people in the cancer community.\"<\/em><\/p>",
            "body-color": "text-sg-grey-5",
            "body-style": "body-medium",
            "body-position": "text-left"
          }
        },
        "1a256812-20ea-419c-bfa1-f2fa2d615f2e": {
          "type": "mid-title",
          "settings": {
            "mid-title": "WHY DID YOU TAKE PART IN THE CAMPAIGN WITH FAIRFAX & FAVOR?",
            "title-style": "headline-6",
            "title-position": "text-center",
            "title-color": "#1E293A"
          }
        },
        "d0457c57-4380-45a8-8f6c-878443bd47da": {
          "type": "body-image",
          "settings": {
            "body-image": "shopify:\/\/shop_images\/Blog2_6f5904d1-4d1f-4e8f-96c6-078cd8a0351b.jpg"
          }
        },
        "d56f439e-eb65-4777-b098-6c3e3792372b": {
          "type": "body-text",
          "settings": {
            "body-copy": "<h4>ELLA:<\/h4><p><em>\"I wanted to do something to raise awareness of breast cancer in younger women. Fairfax and Favor and Breast cancer Now offered this opportunity to me, and I'm so pleased I accepted. The photoshoot was so fun, and it made me want to spread awareness even more.\"<\/em><\/p>",
            "body-color": "text-sg-grey-5",
            "body-style": "body-medium",
            "body-position": "text-left"
          }
        },
        "214b3d68-48e9-4041-879b-0a4deb1e2be7": {
          "type": "mid-title",
          "settings": {
            "mid-title": "WHAT'S THE CAMPAIGN ABOUT, AND WHY IS IT SO IMPORTANT?",
            "title-style": "headline-6",
            "title-position": "text-center",
            "title-color": "#1E293A"
          }
        },
        "e90b0d79-0b1d-4abd-9fff-c4a602f912b7": {
          "type": "body-text",
          "settings": {
            "body-copy": "<h4>ELLA:<\/h4><p><em>\"The campaign encourages people to be breast aware, as it can happen to anyone, at any age. Sharing my story made me feel so good, helping people who are going through similar, and educating people about breast cancer. By purchasing something from the campaign, people can make a difference, as 100% of the profits are donated to the charity.\"<\/em><\/p><h5>LAURA:<\/h5><p><em>\"By using models with personal experiences, the campaign shows the real side of cancer and raises awareness. If it gets just 1 more person to check their breasts, then that's amazing.\"<\/em><\/p>",
            "body-color": "text-sg-grey-5",
            "body-style": "body-medium",
            "body-position": "text-left"
          }
        },
        "dfdc16f2-28bc-457f-924f-101946e894e4": {
          "type": "mid-title",
          "settings": {
            "mid-title": "WHAT'S THE MAIN MESSAGE YOU WANT PEOPLE TO TAKE FROM THE CAMPAIGN?",
            "title-style": "headline-6",
            "title-position": "text-center",
            "title-color": "#1E293A"
          }
        },
        "4a88ab4a-3be4-461e-9967-eaec23d4f7b4": {
          "type": "body-text",
          "settings": {
            "body-copy": "<h4>LAURA:<\/h4><p><em>\"It's so important to get to know your normal, so any changes to your breasts are easier to spot. Speak to your sisters, daughters and nieces about checking, and the men in your life. Although it's rare, men can get breast cancer too. Remember to see a GP if you find anything that worries you.\"<\/em><\/p>",
            "body-color": "text-sg-grey-5",
            "body-style": "body-medium",
            "body-position": "text-left"
          }
        },
        "49b2efd6-b978-4756-8d35-68e320540ef5": {
          "type": "body-text",
          "settings": {
            "body-copy": "<p><em>\"You can support the campaign too, by buying an item from the collection. All profits go to Breast Cancer Now.\"<\/em><\/p>",
            "body-color": "text-sg-grey-5",
            "body-style": "body-medium",
            "body-position": "text-left"
          }
        },
        "fad33db3-6984-4de4-9096-82c44c1de6f5": {
          "type": "body-image",
          "settings": {
            "body-image": "shopify:\/\/shop_images\/Blog4_f1110dd6-7ec6-4e95-b29d-ddaa942517b8.jpg"
          }
        },
        "e53ed09a-809b-4c61-a35b-cd2dc34de09a": {
          "type": "mid-title",
          "settings": {
            "mid-title": "SUPPORT ELLA AND LAURA, AND GET YOUR HANDS ON THE PINK COLLECTION BY FAIRFAX & FAVOR.",
            "title-style": "headline-6",
            "title-position": "text-center",
            "title-color": "#1E293A"
          }
        },
        "dd30b285-6ffa-4a98-998b-341d22ed2ccb": {
          "type": "body-text",
          "settings": {
            "body-copy": "<p>As part of the Fairfax and Favor campaign. Fairfax and Favor are donating 100% of the profits earned on royalty generating revenue (RGR) which will be given to Breast<\/p><p>Cancer Now a charity registered in England and Wales (No. 1160558), Scotland (SC04SS84) and lsle[B84] of Man (No. 1200).<\/p><p>The £7.40 profit from each sale of the <a href=\"\/products\/the-signature-bobble-hat-breast-cancer-now\" title=\"The Signature Knitted Bobble Hat - Breast Cancer Now Pink\">Bobble Hat<\/a> will be given to Breast Cancer Now.<\/p><p>The £94.40 profit from each sale of the <a href=\"\/products\/the-sheepskin-boudica-breast-cancer-now\" title=\"The Sheepskin Boudica - Breast Cancer Now Tan & Pink\">Boudica Boots<\/a> will be given to Breast Cancer Now.<\/p><p>The £73.26 profit from each sale of the <a href=\"\/products\/the-madeline-breast-cancer-now-pink\" title=\"The Madeline Gilet - Breast Cancer Now Pink Herringbone\">Madeline Gilet<\/a> will be given to Breast Cancer Now.<\/p><p>The £13.24 profit from each sale of the <a href=\"\/products\/breast-cancer-now-tassels-2021-edition\" title=\"Boot Tassels - Breast Cancer Now Pink\">Tassels<\/a> will be given to Breast Cancer Now.<\/p><p>The £51.11 profit from each sale of the <a href=\"\/products\/the-alexandra-trainer-bcn-pink\" title=\"The Alexandra - White - Breast Cancer Now Pink\">Trainers<\/a> will be given to Breast Cancer Now.<\/p><p>The £112.96 profit from each sale of the <a href=\"\/products\/the-finsbury-crossbody-bag-bcn-pink\" title=\"The Finsbury - Breast Cancer Now Pink\">Finsbury<\/a> will be given to Breast Cancer Now.<\/p><p>The £8.02 profit from each sale of the <a href=\"\/products\/the-signature-ladies-knee-high-socks-breast-cancer-now-2021\" title=\"The Signature Women's Knee High Socks - Breast Cancer Now Pink\">Socks<\/a> will be given to Breast Cancer Now.<\/p><p>The £191.90 profit from each sale of the <a href=\"\/products\/the-heeled-amira-breast-cancer-now-2021\" title=\"The Heeled Amira - Breast Cancer Now Pink\">Amira<\/a> will be given to Breast Cancer Now.<\/p><p>The £21.29 profit from each sale of the <a href=\"\/products\/womens-regina-belt-breast-cancer-now-pink-suede\" title=\"The Regina Belt - Breast Cancer Now Pink\">Belts<\/a> will be given to Breast Cancer Now.<\/p>",
            "body-color": "text-sg-grey-5",
            "body-style": "body-medium",
            "body-position": "text-left"
          }
        }
      },
      "block_order": [
        "6b4b0d31-f48b-4952-b66d-f1b8c2998e0c",
        "5b3c5841-3e4d-4092-baab-0518c92d612e",
        "efc65eb0-7f83-46b8-b90e-ce9ee31a9edd",
        "7879a6f4-4e82-4704-a2db-22888c7720be",
        "76f257f9-c751-4739-8321-50f5438a0375",
        "a89b7bfc-fb93-45dd-b535-3b7a3a81c7e3",
        "84f7eba3-6ad9-4fdb-887e-99ecd3ec5fdc",
        "681ec481-0fc6-4c02-8277-1bf127c2386a",
        "09042788-e677-4615-bbcb-f383673f9a44",
        "1a13e64d-ad0a-4cda-9247-5992b479a620",
        "fe97160e-5bba-4f8a-a312-317b00c61b5f",
        "1a256812-20ea-419c-bfa1-f2fa2d615f2e",
        "d0457c57-4380-45a8-8f6c-878443bd47da",
        "d56f439e-eb65-4777-b098-6c3e3792372b",
        "214b3d68-48e9-4041-879b-0a4deb1e2be7",
        "e90b0d79-0b1d-4abd-9fff-c4a602f912b7",
        "dfdc16f2-28bc-457f-924f-101946e894e4",
        "4a88ab4a-3be4-461e-9967-eaec23d4f7b4",
        "49b2efd6-b978-4756-8d35-68e320540ef5",
        "fad33db3-6984-4de4-9096-82c44c1de6f5",
        "e53ed09a-809b-4c61-a35b-cd2dc34de09a",
        "dd30b285-6ffa-4a98-998b-341d22ed2ccb"
      ],
      "custom_css": [
        "h4 {color: #AE8A6B; padding: 0 0 1rem 0; text-decoration: underline;}",
        "h5 {color: #AE8A6B; padding: 1rem 0; text-decoration: underline;}",
        "a {color: #AE8A6B; text-decoration: underline;}",
        "h6 {padding-bottom: 0.5rem;}"
      ],
      "settings": {}
    },
    "main": {
      "type": "main-article",
      "disabled": true,
      "custom_css": [
        "h3 {padding-top: 1rem;}"
      ],
      "settings": {}
    },
    "06079240-a6f5-489f-9572-420c1bdd4d9a": {
      "type": "custom-liquid",
      "settings": {
        "custom_liquid": "<div class=\"faf-container container w-full h-full flex justify-center items-center text-center\">\n<div class=\"line\">\n<p class=\"title-text-under\">\nTHE BREAST CANCER NOW COLLECTION\n<\/p>\n  <\/div> \n<\/div>\n\n\n<style>\n\n@media screen and (max-width: 768px) {\n\n.container {\n  font-size: 7vw;\n}\n\n}\n\n@media screen and (min-width: 768px) {\n\n.container {\n  font-size: 3vw;\n}\n\n}\n\n.title-text-under {\n    color: transparent;\n    -webkit-background-clip: text;\n    background-image: linear-gradient(90deg,#F73778,#fde8e9,#F73778);\n   background-size: 400% 100%;\n   background-repeat: repeat-x, repeat-y;\n   animation: \n    scroll 25s infinite linear;\n}\n\n@keyframes scroll {\n  from { background-position-x: 200%;}\n  to   { background-position-x: -200%;}\n}\n\n\n<\/style>",
        "color_scheme": "background-1",
        "padding_top": 0,
        "padding_bottom": 0
      }
    },
    "5bce5255-b23c-4ee4-9b8c-ce88c01138ac": {
      "type": "lazy-carousel",
      "custom_css": [
        "h3 {padding-top: 0px;}"
      ],
      "settings": {
        "title": "",
        "collection": "the-breast-cancer-now-collection"
      }
    },
    "featured-collection": {
      "type": "filterable-collection",
      "disabled": true,
      "settings": {
        "title": "Featured Products",
        "collection": "",
        "limit": 12
      }
    },
    "related-articles": {
      "type": "related-articles",
      "settings": {}
    }
  },
  "order": [
    "b6c868ee-bd8b-439d-a02e-505fa82d99d1",
    "0ca16edf-c6da-4626-bd81-73180c075b20",
    "8342365c-05c5-4b6a-a68f-8cd68d02fff6",
    "main",
    "06079240-a6f5-489f-9572-420c1bdd4d9a",
    "5bce5255-b23c-4ee4-9b8c-ce88c01138ac",
    "featured-collection",
    "related-articles"
  ]
}