{
  "sections": {
    "b6c868ee-bd8b-439d-a02e-505fa82d99d1": {
      "type": "stylised-header",
      "blocks": {
        "d7070ee9-070e-4753-a84f-25bcea1a325c": {
          "type": "title",
          "settings": {
            "title": "How to Find Tall Boots Which Fit Correctly",
            "color-from": "#ae8a6b",
            "color-to": "#ae8a6b",
            "custom_css": ""
          }
        },
        "5b1743e1-1fcf-40ee-b012-deff41331bb0": {
          "type": "text",
          "settings": {
            "line-one": "At Fairfax & Favor we understand the importance of finding the perfect fitting tall boots. The over the knee boot and knee high boots are both quintessential footwear styles with instant star quality that are highly popular from season to season.",
            "body_style": "",
            "copy-color": "#ffffff"
          }
        }
      },
      "block_order": [
        "d7070ee9-070e-4753-a84f-25bcea1a325c",
        "5b1743e1-1fcf-40ee-b012-deff41331bb0"
      ],
      "settings": {
        "hero_image": "shopify:\/\/shop_images\/Hero_987eb5ea-c86d-46f8-bf94-b129c1587d1a.jpg",
        "gradient-mobile": "linear-gradient(360deg, rgba(27, 35, 54, 1) 9%, rgba(31, 42, 68, 0) 68%)",
        "gradient-height": 8,
        "gradient-width": 16,
        "gradient-desktop": "linear-gradient(89deg, rgba(33, 37, 68, 0) 0.719%, rgba(31, 42, 68, 0) 32%, rgba(27, 35, 54, 1) 79%)",
        "bg-color": "#1b2336"
      }
    },
    "0ca16edf-c6da-4626-bd81-73180c075b20": {
      "type": "custom-liquid",
      "settings": {
        "custom_liquid": "",
        "color_scheme": "background-1",
        "padding_top": 12,
        "padding_bottom": 24
      }
    },
    "8342365c-05c5-4b6a-a68f-8cd68d02fff6": {
      "type": "article-main",
      "blocks": {
        "6b4b0d31-f48b-4952-b66d-f1b8c2998e0c": {
          "type": "body-text",
          "settings": {
            "body-copy": "<p>Today we’re offering advice on how to find tall boots which fit perfectly in order to help you make the most of your favourite boots and so you can feel confident in choosing a pair that is right for you.<\/p>",
            "body-wrap": false,
            "body-color": "text-sg-grey-5",
            "body-style": "body-medium",
            "body-position": "text-center"
          }
        },
        "body_text_NbjXT4": {
          "type": "body-text",
          "settings": {
            "body-copy": "<p>Worn with skinny jeans and dresses alike, the versatile tall boot is an effortless outfit enhancer that is a much loved footwear type among modern ladies all over the world.<\/p>",
            "body-wrap": false,
            "body-color": "text-sg-grey-5",
            "body-style": "body-medium",
            "body-position": "text-center"
          }
        },
        "body_image_drC9hA": {
          "type": "body-image",
          "settings": {
            "body-image": "shopify:\/\/shop_images\/2_808bd753-f31d-4bfd-ab27-9dbd0232b7de.jpg"
          }
        },
        "body_text_Td963J": {
          "type": "body-text",
          "settings": {
            "body-copy": "<p>Ill-fitting boots not only have the potential to ruin the look of an outfit, but they can also be extremely uncomfortable and even painful! You can purchase the most stunning pair of over the knee boots, but if they dig into your calves or pinch your ankles, they’ll no doubt be relegated to the back of the wardrobe, never to be seen again. To reduce the risk of this happening, let’s take a look at how to find tall boots which fit correctly and that you can take pleasure in wearing every time.<\/p>",
            "body-wrap": false,
            "body-color": "text-sg-grey-5",
            "body-style": "body-medium",
            "body-position": "text-center"
          }
        },
        "mid_title_j4UPME": {
          "type": "mid-title",
          "settings": {
            "mid-title": "Measure your calf size",
            "title-style": "headline-4",
            "title-position": "text-center",
            "title-color": "#1e293a"
          }
        },
        "body_text_hU3wMf": {
          "type": "body-text",
          "settings": {
            "body-copy": "<p>Whilst it’s obvious that you will be selecting the correct normal shoe size for you when it comes to purchasing brand new tall boots, to get the ideal fit all the way up the leg, you’ll also need to be mindful of calf sizing. Many knee high or over the knee boots will come in different calf widths and are specified in their labelling or product description. You may find calf widths labelled as sportingwide, narrow or regular, so it’s key to find out which size you are in order to ensure the best fit for you. <\/p>",
            "body-wrap": false,
            "body-color": "text-sg-grey-5",
            "body-style": "body-medium",
            "body-position": "text-center"
          }
        },
        "body_text_HkVzbE": {
          "type": "body-text",
          "settings": {
            "body-copy": "<p>To do this, take a soft fabric measuring tape and measure the circumference of each of your calves at the widest part. Always use the larger of the two measurements to find out if you will need to opt for wide, narrow or regular fits. You can also refer to any available sizing charts regarding the brand of the boots, and even read up on reviews of the product to see if others find that the sizing tends to run large, small or just right to give you a better idea on the fit.<\/p>",
            "body-wrap": false,
            "body-color": "text-sg-grey-5",
            "body-style": "body-medium",
            "body-position": "text-center"
          }
        }
      },
      "block_order": [
        "6b4b0d31-f48b-4952-b66d-f1b8c2998e0c",
        "body_text_NbjXT4",
        "body_image_drC9hA",
        "body_text_Td963J",
        "mid_title_j4UPME",
        "body_text_hU3wMf",
        "body_text_HkVzbE"
      ],
      "custom_css": [
        "h4 {color: #ae8a6b; padding: 0 0 1rem 0; text-decoration: underline;}",
        "h5 {color: #ae8a6b; padding: 1rem 0; text-decoration: underline;}",
        "a {color: #ae8a6b; text-decoration: underline;}",
        "h6 {padding-bottom: 0.5rem;}"
      ],
      "settings": {
        "width": "max-w-[873px]"
      }
    },
    "custom_liquid_fJGHRq": {
      "type": "custom-liquid",
      "settings": {
        "custom_liquid": "<div class=\"px-[15px] max-w-[873px] mx-auto\">\n<h2 class=\"font-serif text-2xl text-sg-navy\">The Regina<\/h2>\n<p class=\"mt-1 mb-2 body-x-small text-sg-grey-5\">Women's Tall Heeled Boot - Tan Suede, Regular Calf<\/p>\n\n                  <div class=\"flex items-center justify-between grid-col-2\">\n                  \n                    \n                          \n                  \n                  <\/div>\n                  <div class=\"relative mt-6\">\n                    <div class=\"h-[5px] rounded-[3px] bg-sg-grey-1\"><\/div>\n                    \n                      <div class=\"absolute top-0 w-[5px] h-5 -mt-2 -ml-1 rounded-[3px] bg-sg-navy left-1\/2\"><\/div>\n                    \n                  <\/div>\n                  <div class=\"flex justify-between pt-2 body-small text-sg-grey-5\">\n                    <span>Size up<\/span>\n                    <span>Take usual size<\/span>\n                    <span>Size down<\/span>\n                  <\/div>\n                <\/div>",
        "color_scheme": "background-1",
        "padding_top": 16,
        "padding_bottom": 16
      }
    },
    "article_main_CCAdMB": {
      "type": "article-main",
      "blocks": {
        "mid_title_G4jYLz": {
          "type": "mid-title",
          "settings": {
            "mid-title": "Focus on the material",
            "title-style": "headline-4",
            "title-position": "text-center",
            "title-color": "#1e293a"
          }
        },
        "body_text_DUwYgM": {
          "type": "body-text",
          "settings": {
            "body-copy": "<p>Whether you’re looking for an irresistible pair of premium leather over the knee boots, or knee high suede boots, being mindful of the type of material they are made from can also prevent discomfort over time from a bad fit. For example, real leather naturally stretches and softens over time simply due to wear, whilst synthetic fabrics tend not to provide much give. If you’ve found that your calf size borders closer to regular than wide, the regular fit in leather boots could be a safe option taking into consideration the possible stretching over time with each wear.<\/p>",
            "body-wrap": false,
            "body-color": "text-sg-grey-5",
            "body-style": "body-medium",
            "body-position": "text-center"
          }
        },
        "body_image_gN84Dm": {
          "type": "body-image",
          "settings": {
            "body-image": "shopify:\/\/shop_images\/1_d974694f-3b14-42df-b8fa-15e00a3d7f81.jpg"
          }
        },
        "mid_title_QhhNej": {
          "type": "mid-title",
          "settings": {
            "mid-title": "Try on boots with an extra layer",
            "title-style": "headline-4",
            "title-position": "text-center",
            "title-color": "#1e293a"
          }
        },
        "body_text_qaLxpT": {
          "type": "body-text",
          "settings": {
            "body-copy": "<p>It’s particularly important in the autumn and winter months to try on your new tall boots with high socks. This will avoid the boots potentially feeling much tighter, especially on the calves, due to wearing a thicker layer underneath in chillier weather. Thin ankle socks or regular socks may be fine, but if you’re wearing a longer pair, it’s always a sound idea to double check that they won’t interfere with the comfort of your tall boots. Similarly, we would recommend trying on the boots with skinny jeans or leggings tucked in as this extra layer of fabric could make all the difference between the boots feeling nice and flexible or a little too tight.<\/p>",
            "body-wrap": false,
            "body-color": "text-sg-grey-5",
            "body-style": "body-medium",
            "body-position": "text-center"
          }
        },
        "body_image_RARFfB": {
          "type": "body-image",
          "settings": {
            "body-image": "shopify:\/\/shop_images\/3_99d1b66e-ecc5-4bde-9e29-f98531a39f77.jpg"
          }
        },
        "mid_title_RPPwGy": {
          "type": "mid-title",
          "settings": {
            "mid-title": "Check ankle fit",
            "title-style": "headline-4",
            "title-position": "text-center",
            "title-color": "#1e293a"
          }
        },
        "body_text_mY9Kq8": {
          "type": "body-text",
          "settings": {
            "body-copy": "<p>As one last step, definitely double check the fit of the boots around the ankle as this is where a lot of discomfort can occur if you’re caught out with bad sizing. No one wants blisters or sore ankles from their brand new luxury boots! Your boots should feel snug in this area, but not too tight as this will impact on flexibility when walking and can cause unwanted pinching. <\/p>",
            "body-wrap": false,
            "body-color": "text-sg-grey-5",
            "body-style": "body-medium",
            "body-position": "text-center"
          }
        },
        "body_image_Yazcj9": {
          "type": "body-image",
          "settings": {
            "body-image": "shopify:\/\/shop_images\/4_22eadd9a-a2bc-48c6-b310-d99f58dc0967.jpg"
          }
        },
        "body_text_F7UUHe": {
          "type": "body-text",
          "settings": {
            "body-copy": "<p>To summarise, when it comes to finding tall boots which fit correctly it is crucial to properly measure your calf width and choose the right fit to ensure that your boots will accommodate your legs comfortably. Consider the material of the footwear and bear this in mind when selecting the right size for you as the calf fit of them may change over time. Don’t forget to try the boots with an extra layer such as knee socks or jeans on, and check on the ankle that they aren’t too snug for a more accurate overall fit. <\/p>",
            "body-wrap": false,
            "body-color": "text-sg-grey-5",
            "body-style": "body-medium",
            "body-position": "text-center"
          }
        },
        "body_text_HLbFBR": {
          "type": "body-text",
          "disabled": true,
          "settings": {
            "body-copy": "<p>Explore the award winning collection of Fairfax & Favor <a href=\"\/collections\/womens-tall-boots\" title=\"Women's Tall Boots\"><span style=\"text-decoration:underline\">tall boots<\/span><\/a> to discover an array of elegant boots to suit all occasions. Our beautifully crafted ladies boots are favoured by the likes of royal family member Zara Tindall, TV presenter Carol Vorderman and medal winning event rider Pippa Funnell. From knee high boots with customisable <a href=\"\/collections\/boot-tassels\" title=\"Boot Tassels\"><span style=\"text-decoration:underline\">tassels<\/span><\/a> to the high functionality of our waterproof <a href=\"\/collections\/lalliance-wellington\" title=\"The L'Alliance Wellington\"><span style=\"text-decoration:underline\">wellington boots<\/span><\/a>, you’re certain to find your new favourite footwear.<\/p>",
            "body-wrap": false,
            "body-color": "text-sg-grey-5",
            "body-style": "body-medium",
            "body-position": "text-center"
          }
        }
      },
      "block_order": [
        "mid_title_G4jYLz",
        "body_text_DUwYgM",
        "body_image_gN84Dm",
        "mid_title_QhhNej",
        "body_text_qaLxpT",
        "body_image_RARFfB",
        "mid_title_RPPwGy",
        "body_text_mY9Kq8",
        "body_image_Yazcj9",
        "body_text_F7UUHe",
        "body_text_HLbFBR"
      ],
      "custom_css": [
        "h4 {color: #ae8a6b; padding: 0 0 1rem 0; text-decoration: underline;}",
        "h5 {color: #ae8a6b; padding: 1rem 0; text-decoration: underline;}",
        "a {color: #ae8a6b; text-decoration: underline;}",
        "h6 {padding-bottom: 0.5rem;}"
      ],
      "settings": {
        "width": "max-w-[873px]"
      }
    },
    "spotted_gallery_j3dXDc": {
      "type": "spotted-gallery",
      "blocks": {
        "spotted_in_KjXHHe": {
          "type": "spotted_in",
          "settings": {
            "image": "shopify:\/\/shop_images\/zara-tindall.webp",
            "title": "",
            "sub_title": "",
            "product": "the-heeled-regina-mahogany-leather-boot"
          }
        },
        "spotted_in_X8xNNA": {
          "type": "spotted_in",
          "settings": {
            "image": "shopify:\/\/shop_images\/pippa-funnel-a.webp",
            "title": "Pippa Funnell",
            "sub_title": "",
            "product": "the-heeled-regina-black-suede-boot"
          }
        },
        "spotted_in_MPNKiY": {
          "type": "spotted_in",
          "settings": {
            "image": "shopify:\/\/shop_images\/carolvorderman.webp",
            "title": "Carol Voderman",
            "sub_title": "",
            "product": ""
          }
        },
        "spotted_in_cGPbCT": {
          "type": "spotted_in",
          "settings": {
            "image": "shopify:\/\/shop_images\/zara-tindall-b.webp",
            "title": "Zara Tindall",
            "sub_title": "",
            "product": "the-high-heeled-regina-navy-suede"
          }
        }
      },
      "block_order": [
        "spotted_in_KjXHHe",
        "spotted_in_X8xNNA",
        "spotted_in_MPNKiY",
        "spotted_in_cGPbCT"
      ],
      "disabled": true,
      "settings": {
        "title": "Spotted In",
        "subtitle": "#Fairfaxandfavor"
      }
    },
    "article_main_HJ83fY": {
      "type": "article-main",
      "blocks": {
        "body_text_YhPniY": {
          "type": "body-text",
          "settings": {
            "body-copy": "<p>Explore the award winning collection of Fairfax & Favor <a href=\"\/collections\/womens-tall-boots\" title=\"Women's Tall Boots\"><span style=\"text-decoration:underline\">tall boots<\/span><\/a> to discover an array of elegant boots to suit all occasions. Our beautifully crafted ladies boots are favoured by the likes of royal family member Zara Tindall, TV presenter Carol Vorderman and medal winning event rider Pippa Funnell. From knee high boots with customisable <a href=\"\/collections\/womens-boot-tassels\" title=\"Boot Tassels\"><span style=\"text-decoration:underline\">tassels<\/span><\/a> to the high functionality of our waterproof <a href=\"\/collections\/lalliance-wellington\" title=\"The L'Alliance Wellington\"><span style=\"text-decoration:underline\">wellington boots<\/span><\/a>, you’re certain to find your new favourite footwear.<\/p>",
            "body-wrap": false,
            "body-color": "text-sg-grey-5",
            "body-style": "body-medium",
            "body-position": "text-center"
          }
        }
      },
      "block_order": [
        "body_text_YhPniY"
      ],
      "custom_css": [
        "h4 {color: #ae8a6b; padding: 0 0 1rem 0; text-decoration: underline;}",
        "h5 {color: #ae8a6b; padding: 1rem 0; text-decoration: underline;}",
        "a {color: #ae8a6b; text-decoration: underline;}",
        "h6 {padding-bottom: 0.5rem;}"
      ],
      "settings": {
        "width": "max-w-[873px]"
      }
    },
    "main": {
      "type": "main-article",
      "disabled": true,
      "custom_css": [
        "h3 {padding-top: 1rem;}"
      ],
      "settings": {}
    },
    "related-articles": {
      "type": "related-articles",
      "disabled": true,
      "settings": {}
    },
    "discover_style_collection_PNB3UM": {
      "type": "discover-style-collection",
      "disabled": true,
      "settings": {
        "title": "Discover",
        "collection_title": "Ankle Boots",
        "description": "Guaranteed to elevate every outfit while giving you lovely long legs, this luxurious collection of everyday\/everywhere boots genuinely goes with everything.",
        "button_text": "Shop the collection",
        "quick_add": false,
        "collection": "womens-ankle-boots",
        "font": "headline-2",
        "margin_top": "mt-0"
      }
    },
    "filterable_collection_multiple_TzCeJd": {
      "type": "filterable-collection-multiple",
      "blocks": {
        "tag_list_xeEex3": {
          "type": "tag_list",
          "settings": {
            "anchor": "Ankle Boots",
            "collection": "womens-tall-boots",
            "tag": "",
            "limit": 30
          }
        }
      },
      "block_order": [
        "tag_list_xeEex3"
      ],
      "settings": {
        "title": "Tall Boots",
        "quick_add": false
      }
    }
  },
  "order": [
    "b6c868ee-bd8b-439d-a02e-505fa82d99d1",
    "0ca16edf-c6da-4626-bd81-73180c075b20",
    "8342365c-05c5-4b6a-a68f-8cd68d02fff6",
    "custom_liquid_fJGHRq",
    "article_main_CCAdMB",
    "spotted_gallery_j3dXDc",
    "article_main_HJ83fY",
    "main",
    "related-articles",
    "discover_style_collection_PNB3UM",
    "filterable_collection_multiple_TzCeJd"
  ]
}