{
  "sections": {
    "b6c868ee-bd8b-439d-a02e-505fa82d99d1": {
      "type": "stylised-header",
      "blocks": {
        "d7070ee9-070e-4753-a84f-25bcea1a325c": {
          "type": "title",
          "settings": {
            "title": "Seasonal Transitions: Adapting Your Style with Chelsea Boots ",
            "color-from": "#AE8A6B",
            "color-to": "#ffffff",
            "custom_css": ""
          }
        },
        "5b1743e1-1fcf-40ee-b012-deff41331bb0": {
          "type": "text",
          "settings": {
            "line-one": "The iconic Chelsea boot has undoubtedly earnt its role as a popular footwear staple that has stood the test of time since the 1950’s. The distinctive shoe design is instantly recognisable, comfortable and also easy to style - making it a favourite among dapper gentlemen around the world.",
            "body_style": "",
            "copy-color": "#ffffff"
          }
        }
      },
      "block_order": [
        "d7070ee9-070e-4753-a84f-25bcea1a325c",
        "5b1743e1-1fcf-40ee-b012-deff41331bb0"
      ],
      "settings": {
        "hero_image": "shopify:\/\/shop_images\/Men-header-1.jpg",
        "gradient-mobile": "linear-gradient(360deg, rgba(27, 35, 54, 1) 9%, rgba(31, 42, 68, 0) 68%)",
        "gradient-height": 8,
        "gradient-width": 16,
        "gradient-desktop": "linear-gradient(89deg, rgba(33, 37, 68, 0) 0.719%, rgba(31, 42, 68, 0) 32%, rgba(27, 35, 54, 1) 79%)",
        "bg-color": "#1b2336"
      }
    },
    "0ca16edf-c6da-4626-bd81-73180c075b20": {
      "type": "custom-liquid",
      "settings": {
        "custom_liquid": "",
        "color_scheme": "background-1",
        "padding_top": 12,
        "padding_bottom": 24
      }
    },
    "8342365c-05c5-4b6a-a68f-8cd68d02fff6": {
      "type": "article-main",
      "blocks": {
        "6b4b0d31-f48b-4952-b66d-f1b8c2998e0c": {
          "type": "body-text",
          "settings": {
            "body-copy": "<p>The iconic Chelsea boot has undoubtedly earnt its role as a popular footwear staple that has stood the test of time since the 1950’s. The distinctive shoe design is instantly recognisable, comfortable and also easy to style - making it a favourite among dapper gentlemen around the world.<\/p>",
            "body-wrap": false,
            "body-color": "text-sg-grey-5",
            "body-style": "body-medium",
            "body-position": "text-center"
          }
        },
        "body_text_gVyaef": {
          "type": "body-text",
          "settings": {
            "body-copy": "<p>In this Fairfax & Favor styling guide we’re showing you how to adapt your style with Chelsea boots and how to make those seasonal transitions work effortlessly with your wardrobe. From premium leather Chelsea boots to relaxed suede boots, there are so many ways to elevate your look with this exemplary design and you’ll soon learn why this boot is consistently coveted among so many across all ages. <\/p>",
            "body-wrap": false,
            "body-color": "text-sg-grey-5",
            "body-style": "body-medium",
            "body-position": "text-center"
          }
        },
        "body_image_bT4ymR": {
          "type": "body-image",
          "settings": {
            "body-image": "shopify:\/\/shop_images\/Men-8-Trafalgar.jpg"
          }
        },
        "body_text_hHwXnq": {
          "type": "body-text",
          "settings": {
            "body-copy": "<p>Thanks to the no-fuss design of the Chelsea boot, with minimal external design elements except for perhaps contrasting elasticated side panels, these durable, pull-on boots are suited to a wide variety of outfits. No matter your unique style preferences, these boots are an integral addition to your existing wardrobe. <\/p>",
            "body-wrap": false,
            "body-color": "text-sg-grey-5",
            "body-style": "body-medium",
            "body-position": "text-center"
          }
        },
        "body_text_kWxp9N": {
          "type": "body-text",
          "settings": {
            "body-copy": "<p>If you’re wondering how to style men’s Chelsea boots for different seasons, let’s start with a clean-cut winter look. Stylish yet practical, this style of boot can be worn with your favourite pair of dark toned denim jeans, a black Merino wool turtleneck and finished with a grey overcoat to keep off the chill. This simple autumn to winter outfit is transformed into a more chic vibe thanks to the addition of the tailored aesthetic of the Chelsea boots, making it a terrific option for a sophisticated date night in the autumn or winter months.<\/p>",
            "body-wrap": false,
            "body-color": "text-sg-grey-5",
            "body-style": "body-medium",
            "body-position": "text-center"
          }
        },
        "body_image_GyrVKn": {
          "type": "body-image",
          "settings": {
            "body-image": "shopify:\/\/shop_images\/Men-1.jpg"
          }
        },
        "body_text_TnbFrD": {
          "type": "body-text",
          "settings": {
            "body-copy": "<p>For colder days, or even for making an appearance at winter events, bring together your designer leather Chelsea boots with figure-flattering black jeans, a beige knit over a white t-shirt and an oversized aviator jacket. To make the pieces complement each other perfectly, go for an aviator jacket in the same hue or exact colour as your boots. It’s the ultimate throw-on-and-go attire that can take you right through to spring! <\/p>",
            "body-wrap": false,
            "body-color": "text-sg-grey-5",
            "body-style": "body-medium",
            "body-position": "text-center"
          }
        },
        "body_text_j77hew": {
          "type": "body-text",
          "settings": {
            "body-copy": "<p>When you’re hitting the countryside for some fresh air but still want to look on-trend, choose Chelsea boots to go with your jeans and waxed jacket. This is a quintessentially British look that will be comfortable and functional for your country weekend escape, but the boots also ensure that it is an outfit appealing enough to keep you feeling stylish in the great outdoors.<\/p>",
            "body-wrap": false,
            "body-color": "text-sg-grey-5",
            "body-style": "body-medium",
            "body-position": "text-center"
          }
        },
        "body_image_6gbwQj": {
          "type": "body-image",
          "settings": {
            "body-image": "shopify:\/\/shop_images\/Men-2-Trafalgar.jpg"
          }
        },
        "body_text_JeAb77": {
          "type": "body-text",
          "settings": {
            "body-copy": "<p>It’s understandable that lovers of loafers in the spring and summer months may be hesitant to make the switch to Chelsea boots believing that they may be too cumbersome for milder weather, but the traditional footwear option truly has plenty to offer all year round. For a lighter option, put the heavier leather boot style to one side and consider the soft suede boot design instead. Suede Chelsea boots offer a different kind of elegance and luxury that can be easily styled up or dressed down according to the dress code or occasion. And of course, the shade of boots you opt for can also make a great difference to your transitional styling choices.<\/p>",
            "body-wrap": false,
            "body-color": "text-sg-grey-5",
            "body-style": "body-medium",
            "body-position": "text-center"
          }
        },
        "body_image_wcpqEN": {
          "type": "body-image",
          "settings": {
            "body-image": "shopify:\/\/shop_images\/Men-7-Chelsea.jpg"
          }
        },
        "body_text_k4iJMb": {
          "type": "body-text",
          "settings": {
            "body-copy": "<p>A tan or taupe suede Chelsea boot can bring a spring or summer outfit to a whole other level. Teamed with chinos and a button-down white linen shirt tucked in at the waist with a blazer, you’re ready to hit the bars of Soho for cocktails with friends or attend a garden party having nailed that smart-casual look. For a more laid back ensemble, you can even bring suede Chelsea boots together with slim-fit blue jeans and a fitted white t-shirt layered with an open patterned shirt to bring some additional refinement to a neat summer outfit. <\/p>",
            "body-wrap": false,
            "body-color": "text-sg-grey-5",
            "body-style": "body-medium",
            "body-position": "text-center"
          }
        },
        "body_text_8JGVCr": {
          "type": "body-text",
          "settings": {
            "body-copy": "<p>Though suede boots are tasteful all year round, be mindful that your suede Chelsea boots will need some extra TLC during seasonal transitions to keep them looking on top of their game. Treat your boots to a specialist protector, such as the <a href=\"\/products\/suede-and-nubuck-protector\" title=\"Suede & Nubuck Protector\">Suede & Nubuck Liquiproof Premium Protector<\/a> spray, every few months to maintain the invisible barrier between the fabric and the elements. Also, we would advise that you switch to leather boots if the weather is looking particularly wet outside for extra waterproof protection!<\/p>",
            "body-wrap": false,
            "body-color": "text-sg-grey-5",
            "body-style": "body-medium",
            "body-position": "text-center"
          }
        },
        "body_image_8KzAEg": {
          "type": "body-image",
          "settings": {
            "body-image": "shopify:\/\/shop_images\/Men-8-Nelson.jpg"
          }
        },
        "body_text_bJ9DAR": {
          "type": "body-text",
          "settings": {
            "body-copy": "<p>To conclude our style guide, Chelsea boots are an essential footwear item for any modern man and can be easily brought into your wardrobe as a way to redefine your favourite outfits. Unrivalled craftsmanship of both suede and leather Chelsea boots promise an attractive footwear solution, meaning they can be worn for smart and casual occasions alike. <\/p>",
            "body-wrap": false,
            "body-color": "text-sg-grey-5",
            "body-style": "body-medium",
            "body-position": "text-center"
          }
        },
        "body_text_gaUAFb": {
          "type": "body-text",
          "settings": {
            "body-copy": "<p>If you’re looking to switch up your current footwear to take you through the seasons and adapt your style effortlessly, look no further than the collection of luxury <a href=\"\/collections\/mens-ankle-boots\" title=\"Men's Ankle Boots\"><span style=\"text-decoration:underline\">Men’s Ankle boots and Chelsea boots<\/span><\/a> right here at Fairfax & Favor. You’ll find an impressive selection of the very best men’s boot styles to elevate any outfit, for any occasion. <\/p>",
            "body-wrap": false,
            "body-color": "text-sg-grey-5",
            "body-style": "body-medium",
            "body-position": "text-center"
          }
        }
      },
      "block_order": [
        "6b4b0d31-f48b-4952-b66d-f1b8c2998e0c",
        "body_text_gVyaef",
        "body_image_bT4ymR",
        "body_text_hHwXnq",
        "body_text_kWxp9N",
        "body_image_GyrVKn",
        "body_text_TnbFrD",
        "body_text_j77hew",
        "body_image_6gbwQj",
        "body_text_JeAb77",
        "body_image_wcpqEN",
        "body_text_k4iJMb",
        "body_text_8JGVCr",
        "body_image_8KzAEg",
        "body_text_bJ9DAR",
        "body_text_gaUAFb"
      ],
      "custom_css": [
        "h4 {color: #AE8A6B; padding: 0 0 1rem 0; text-decoration: underline;}",
        "h5 {color: #AE8A6B; padding: 1rem 0; text-decoration: underline;}",
        "a {color: #AE8A6B; text-decoration: underline;}",
        "h6 {padding-bottom: 0.5rem;}"
      ],
      "settings": {}
    },
    "filterable_collection_multiple_cqtGdN": {
      "type": "filterable-collection-multiple",
      "blocks": {
        "tag_list_RBTeFJ": {
          "type": "tag_list",
          "settings": {
            "anchor": "",
            "collection": "mens-ankle-boots",
            "tag": "",
            "limit": 30
          }
        }
      },
      "block_order": [
        "tag_list_RBTeFJ"
      ],
      "settings": {
        "title": "Men's Ankle Boots",
        "quick_add": false
      }
    },
    "main": {
      "type": "main-article",
      "disabled": true,
      "custom_css": [
        "h3 {padding-top: 1rem;}"
      ],
      "settings": {}
    },
    "related-articles": {
      "type": "related-articles",
      "disabled": true,
      "settings": {}
    }
  },
  "order": [
    "b6c868ee-bd8b-439d-a02e-505fa82d99d1",
    "0ca16edf-c6da-4626-bd81-73180c075b20",
    "8342365c-05c5-4b6a-a68f-8cd68d02fff6",
    "filterable_collection_multiple_cqtGdN",
    "main",
    "related-articles"
  ]
}