{
  "sections": {
    "stylised_header_dYp3HW": {
      "type": "stylised-header",
      "blocks": {
        "title_MWgiaJ": {
          "type": "title",
          "settings": {
            "title": "Garden Party Etiquette & Outfit Inspiration",
            "color-from": "#ae8a6b",
            "color-to": "#ae8a6b",
            "custom_css": ""
          }
        },
        "text_3DQRmC": {
          "type": "text",
          "settings": {
            "line-one": "Garden party season is officially here and as we prepare to quaff Pimms in the sun, we’ve pulled together the perfect etiquette guide along with Fairfax & Favor style outfit inspiration ideas to get you in the mood.",
            "body_style": "",
            "copy-color": "#ffffff"
          }
        }
      },
      "block_order": [
        "title_MWgiaJ",
        "text_3DQRmC"
      ],
      "settings": {
        "hero_image": "shopify:\/\/shop_images\/hero-ada-biscuit-bella-sage.jpg",
        "gradient-mobile": "linear-gradient(360deg, rgba(31, 42, 68, 1) 9%, rgba(31, 42, 68, 0) 68%)",
        "gradient-height": 16,
        "gradient-width": 16,
        "gradient-desktop": "linear-gradient(89deg, rgba(33, 37, 68, 0) 0.719%, rgba(31, 42, 68, 0) 32%, rgba(31, 42, 68, 1) 79%)",
        "bg-color": "#1e293a"
      }
    },
    "main": {
      "type": "main-article",
      "disabled": true,
      "settings": {}
    },
    "article_main_8deWQp": {
      "type": "article-main",
      "blocks": {
        "body_text_Lrca3D": {
          "type": "body-text",
          "settings": {
            "body-copy": "<p>Whether it’s the Buckingham Palace garden party or simply an outdoor event with friends and family, we’ve got you covered - all you need to do is send that RSVP.<\/p>",
            "body-wrap": false,
            "body-color": "text-sg-grey-5",
            "body-style": "body-medium",
            "body-position": "text-center"
          }
        },
        "mid_title_e9CFcB": {
          "type": "mid-title",
          "settings": {
            "mid-title": "Get familiar with the dress code",
            "title-style": "headline-1",
            "title-position": "text-center",
            "title-color": "#1E293A"
          }
        },
        "body_text_GgUTUF": {
          "type": "body-text",
          "settings": {
            "body-copy": "<p>Firstly, if you’ve received a formal invite to a garden party, be sure to follow the preferred attire specified on the invitation. Not only is this a polite thing to do, it will ensure that you have some sort of idea of what to wear and will also help to somewhat narrow down your styling choices. When no dress code is outlined, it is best to go with a smart casual outfit to avoid any possible fashion faux pas. <\/p>",
            "body-wrap": false,
            "body-color": "text-sg-grey-5",
            "body-style": "body-medium",
            "body-position": "text-center"
          }
        },
        "mid_title_ft3R9a": {
          "type": "mid-title",
          "settings": {
            "mid-title": "Keep it light and cool",
            "title-style": "headline-1",
            "title-position": "text-center",
            "title-color": "#1E293A"
          }
        },
        "body_text_jHbBdA": {
          "type": "body-text",
          "settings": {
            "body-copy": "<p>For ladies, you can’t go wrong with florals and summery prints at an outdoor gathering this summer. Tiered sun dresses styled with chic <a href=\"https:\/\/www.fairfaxandfavor.com\/collections\/womens-espadrilles\"><span style=\"text-decoration:underline\">espadrille wedges<\/span><\/a> are right on trend this year and can be accessorised perfectly with a straw sun hat. Heels will dig into the grass, so opt for flat soled footwear. Floral midi-dresses in pastel shades can also be a romantic garden party outfit option. In terms of fabrics, keep it cool with light cotton and feminine chiffon materials. If dresses don’t take your fancy, a jumpsuit cinched at the waist to flatter your figure may just do the trick whilst you’re sampling the canapés and prosecco al fresco. Jump on the cowgirl trend with a fringed bag, such as our <a href=\"https:\/\/www.fairfaxandfavor.com\/products\/the-nashville-saddlebag-tan-suede\"><span style=\"text-decoration:underline\">Nashville crossbody bag<\/span><\/a> in tan suede, and you’re ready to go. <\/p>",
            "body-wrap": false,
            "body-color": "text-sg-grey-5",
            "body-style": "body-medium",
            "body-position": "text-center"
          }
        },
        "body_text_6XVt6J": {
          "type": "body-text",
          "settings": {
            "body-copy": "<p>Hopefully the British weather will play ball and any outdoor celebrations you have planned will be sun soaked and bright - but as always, it’s best to be prepared! Layer up with a light cardigan or a denim jacket just in case the weather turns as the day turns into night. <\/p>",
            "body-wrap": false,
            "body-color": "text-sg-grey-5",
            "body-style": "body-medium",
            "body-position": "text-center"
          }
        },
        "body_text_7zcFYf": {
          "type": "body-text",
          "settings": {
            "body-copy": "<p>Gents, we recommend a button-down shirt teamed with smart chinos as your easy to wear attire for your garden party appearance. A pure linen shirt in green or beige will keep you feeling and looking cool yet dapper, or why not mix it up with a gingham print shirt to truly get into the summer mood. As for party-ready footwear, a sleek pair of <a href=\"https:\/\/www.fairfaxandfavor.com\/collections\/mens-driving-shoes\"><span style=\"text-decoration:underline\">driving shoes<\/span><\/a> or deck shoes will really pull the look together. Opt for tan or taupe shoes as a seasonal update over classic black.<\/p>",
            "body-wrap": false,
            "body-color": "text-sg-grey-5",
            "body-style": "body-medium",
            "body-position": "text-center"
          }
        },
        "mid_title_XT4n6r": {
          "type": "mid-title",
          "settings": {
            "mid-title": "Prepare to mingle",
            "title-style": "headline-1",
            "title-position": "text-center",
            "title-color": "#1E293A"
          }
        },
        "body_text_gpiLPQ": {
          "type": "body-text",
          "settings": {
            "body-copy": "<p>Now, onto garden party etiquette tips. A key element of any garden party is socialising with friends, old and new. Be prepared to meet and make conversation with other guests, and make an effort to break away from your existing social circle to greet new people. Your host will no doubt encourage conversation between different circles. Depending on plans your host has for the event, there may even be fun garden party games to participate in or ice breaker activities to help people mingle and get to know each other. Be a good sport and get involved! <\/p>",
            "body-wrap": false,
            "body-color": "text-sg-grey-5",
            "body-style": "body-medium",
            "body-position": "text-center"
          }
        },
        "mid_title_HdCL66": {
          "type": "mid-title",
          "settings": {
            "mid-title": "Enjoy the refreshments",
            "title-style": "headline-1",
            "title-position": "text-center",
            "title-color": "#1E293A"
          }
        },
        "body_text_gbmckh": {
          "type": "body-text",
          "settings": {
            "body-copy": "<p>Nothing brings people together more than good food and flowing drinks. Whether your garden party has a formal seating arrangement for a delicious meal, or a more casual buffet, follow your usual table manners to make a good impression. Fill up other people’s drinks before your own, wait for the host to begin eating first and always use coasters for your drink glasses to avoid damaging any garden furniture. Engage in polite conversation with who is sitting next to and opposite you at the table if you’re sat down for food, and offer to help tidy up afterwards.<\/p>",
            "body-wrap": false,
            "body-color": "text-sg-grey-5",
            "body-style": "body-medium",
            "body-position": "text-center"
          }
        },
        "mid_title_rRD43i": {
          "type": "mid-title",
          "settings": {
            "mid-title": "Be aware of stains",
            "title-style": "headline-1",
            "title-position": "text-center",
            "title-color": "#1E293A"
          }
        },
        "body_text_WkCfTj": {
          "type": "body-text",
          "settings": {
            "body-copy": "<p>If you’re planning on wearing light colours, such as pastels or white, you may want to stick to lighter coloured beverages rather than red wine. A risky red wine spill can ruin your outfit in an instant, so it’s best to play it safe. Likewise, pesky grass stains can soon make their mark on your clothes if sitting on the ground, so maybe take your own picnic blanket or stick to the available seating at the party to avoid having to do extra laundry when you’re back home. <\/p>",
            "body-wrap": false,
            "body-color": "text-sg-grey-5",
            "body-style": "body-medium",
            "body-position": "text-center"
          }
        },
        "mid_title_GqqVQr": {
          "type": "mid-title",
          "settings": {
            "mid-title": "Say thank you with a gift",
            "title-style": "headline-1",
            "title-position": "text-center",
            "title-color": "#1E293A"
          }
        },
        "body_text_KF9Hjn": {
          "type": "body-text",
          "settings": {
            "body-copy": "<p>Whilst it’s not strictly necessary to bring a gift to a party, bringing something small along as a gift for the host is an appropriate way of thanking them for their hospitality. Think flowers or a bottle of fizz as a thoughtful token of your appreciation. You could also send a thank you card after the party to express your gratitude. <\/p>",
            "body-wrap": false,
            "body-color": "text-sg-grey-5",
            "body-style": "body-medium",
            "body-position": "text-center"
          }
        },
        "body_text_EDT6rL": {
          "type": "body-text",
          "settings": {
            "body-copy": "",
            "body-wrap": false,
            "body-color": "text-sg-grey-5",
            "body-style": "body-medium",
            "body-position": "text-center"
          }
        }
      },
      "block_order": [
        "body_text_Lrca3D",
        "mid_title_e9CFcB",
        "body_text_GgUTUF",
        "mid_title_ft3R9a",
        "body_text_jHbBdA",
        "body_text_6XVt6J",
        "body_text_7zcFYf",
        "mid_title_XT4n6r",
        "body_text_gpiLPQ",
        "mid_title_HdCL66",
        "body_text_gbmckh",
        "mid_title_rRD43i",
        "body_text_WkCfTj",
        "mid_title_GqqVQr",
        "body_text_KF9Hjn",
        "body_text_EDT6rL"
      ],
      "settings": {
        "width": "max-w-[873px]"
      }
    },
    "custom_liquid_HNVgkH": {
      "type": "custom-liquid",
      "settings": {
        "custom_liquid": "",
        "color_scheme": "background-1",
        "padding_top": 24,
        "padding_bottom": 0
      }
    },
    "magazine_splash_mB6yHm": {
      "type": "magazine-splash",
      "blocks": {
        "feature_wCFN6L": {
          "type": "feature",
          "settings": {
            "image": "shopify:\/\/shop_images\/collection-ada-biscuit-gloves.jpg",
            "subtitle": "",
            "title": "",
            "button_text": "",
            "position": "",
            "link": "shopify:\/\/collections\/womens-capes"
          }
        },
        "feature_NxGYEX": {
          "type": "feature",
          "settings": {
            "image": "shopify:\/\/shop_images\/collection-sienna-cape-hounds.jpg",
            "subtitle": "",
            "title": "",
            "button_text": "",
            "position": "",
            "link": ""
          }
        }
      },
      "block_order": [
        "feature_wCFN6L",
        "feature_NxGYEX"
      ],
      "custom_css": [
        ".overflow-x-auto {overflow-x: auto; overflow-y: hidden;}"
      ],
      "settings": {
        "custom_class": "md:w-3\/4 mx-auto"
      }
    },
    "custom_liquid_7jyKB9": {
      "type": "custom-liquid",
      "settings": {
        "custom_liquid": "",
        "color_scheme": "background-1",
        "padding_top": 0,
        "padding_bottom": 12
      }
    },
    "image_block_ejYPWH": {
      "type": "image-block",
      "settings": {
        "image_block": "shopify:\/\/shop_images\/collection-box-blog-ankle-boot-8.jpg",
        "custom_class": "md:w-1\/2"
      }
    },
    "lifestyle_gallery_BFAtPk": {
      "type": "lifestyle-gallery",
      "blocks": {
        "lifestyle_block_4NWGV4": {
          "type": "lifestyle_block",
          "settings": {
            "image": "shopify:\/\/shop_images\/Untitled-2_copy.webp",
            "title": "Zara Tindall",
            "sub_title": "British Eventer",
            "product_1": "the-mini-loxley-crossbody-high-shine-navy-croc-print-leather",
            "product_2": ""
          }
        },
        "lifestyle_block_hKA73N": {
          "type": "lifestyle_block",
          "settings": {
            "image": "shopify:\/\/shop_images\/Laurawright-cheltenham.webp",
            "title": "Laura Wright",
            "sub_title": "Soprano",
            "product_1": "loxley-mini-cross-body-bag-black-leather",
            "product_2": "the-heeled-regina-black-leather-boot"
          }
        },
        "lifestyle_block_gmY7iW": {
          "type": "lifestyle_block",
          "settings": {
            "image": "shopify:\/\/shop_images\/lukeharveycheltenham.webp",
            "title": "Luke Harvey",
            "sub_title": "Jockey, Television Presenter & Pundit",
            "product_1": "the-nelson",
            "product_2": ""
          }
        },
        "lifestyle_block_hRk7Yt": {
          "type": "lifestyle_block",
          "settings": {
            "image": "shopify:\/\/shop_images\/carolvorderman-cheltenham.webp",
            "title": "Carol Vorderman",
            "sub_title": "Television Presenter & Author",
            "product_1": "the-sienna-cape-taupe",
            "product_2": "the-amira-tan"
          }
        },
        "lifestyle_block_NXkzU4": {
          "type": "lifestyle_block",
          "settings": {
            "image": "shopify:\/\/shop_images\/georgiatoffolo-cheltenham.webp",
            "title": "Georgia Toffolo",
            "sub_title": "Reality Television Star on Made in Chelsea",
            "product_1": "the-heeled-regina-navy-blue-suede-boot",
            "product_2": ""
          }
        }
      },
      "block_order": [
        "lifestyle_block_4NWGV4",
        "lifestyle_block_hKA73N",
        "lifestyle_block_gmY7iW",
        "lifestyle_block_hRk7Yt",
        "lifestyle_block_NXkzU4"
      ],
      "settings": {
        "title": "Get Cheltenham Race Ready",
        "subtitle": "Seen at the Races #fairfaxandfavor?",
        "margin_top": "mt-0"
      }
    },
    "custom_liquid_ULEEhz": {
      "type": "custom-liquid",
      "settings": {
        "custom_liquid": "",
        "color_scheme": "background-1",
        "padding_top": 20,
        "padding_bottom": 0
      }
    },
    "custom_liquid_R8Yjff": {
      "type": "custom-liquid",
      "settings": {
        "custom_liquid": "",
        "color_scheme": "background-1",
        "padding_top": 0,
        "padding_bottom": 20
      }
    },
    "custom_liquid_3bfnBt": {
      "type": "custom-liquid",
      "settings": {
        "custom_liquid": "",
        "color_scheme": "background-1",
        "padding_top": 20,
        "padding_bottom": 0
      }
    },
    "featured_campaign_collection_9WL7QM": {
      "type": "featured-campaign-collection",
      "settings": {
        "image": "shopify:\/\/shop_images\/header-men-footwear-pine-chelsea.jpg",
        "title": "Cheltenham Chelsea Boots",
        "description": "",
        "button_text": "Shop the collection",
        "collection": "mens-ankle-boots",
        "limit": 4
      }
    },
    "custom_liquid_Ye8Mfj": {
      "type": "custom-liquid",
      "settings": {
        "custom_liquid": "",
        "color_scheme": "background-1",
        "padding_top": 0,
        "padding_bottom": 20
      }
    },
    "image_block_bPdzWT": {
      "type": "image-block",
      "disabled": true,
      "settings": {
        "image_block": "shopify:\/\/shop_images\/collection-box-mens-edward-gilet.jpg",
        "custom_class": "md:w-1\/2"
      }
    },
    "custom_liquid_AUPVQQ": {
      "type": "custom-liquid",
      "settings": {
        "custom_liquid": "<div class=\"w-full\">\n<div class=\"border border-sg-grey-6 mx-auto w-1\/2\">\n<\/div>\n<\/div>",
        "color_scheme": "background-1",
        "padding_top": 12,
        "padding_bottom": 12
      }
    },
    "magazine_splash_P6L4ak": {
      "type": "magazine-splash",
      "blocks": {
        "feature_QqnUpE": {
          "type": "feature",
          "settings": {
            "image": "shopify:\/\/shop_images\/Fiona_1d8b2191-2462-4ecb-9c4f-bf505db81003.jpg",
            "subtitle": "",
            "title": "",
            "button_text": "",
            "position": "",
            "link": ""
          }
        },
        "feature_BVMtNM": {
          "type": "feature",
          "settings": {
            "image": "shopify:\/\/shop_images\/Laura_7dc84a5d-4b4c-4a23-885f-8474cb786fab.jpg",
            "subtitle": "",
            "title": "",
            "button_text": "",
            "position": "",
            "link": ""
          }
        }
      },
      "block_order": [
        "feature_QqnUpE",
        "feature_BVMtNM"
      ],
      "custom_css": [
        ".overflow-x-auto {overflow-x: auto; overflow-y: hidden;}"
      ],
      "settings": {
        "custom_class": "md:w-3\/4 mx-auto"
      }
    },
    "custom_liquid_y4HEHc": {
      "type": "custom-liquid",
      "settings": {
        "custom_liquid": "<div class=\"w-full\">\n<div class=\"border border-sg-grey-6 mx-auto w-1\/2\">\n<\/div>\n<\/div>",
        "color_scheme": "background-1",
        "padding_top": 12,
        "padding_bottom": 12
      }
    },
    "about_us_rwHWga": {
      "type": "about-us",
      "settings": {
        "image": "shopify:\/\/shop_images\/collection-box-octavia-boot-heeled.jpg",
        "geo_location": "GBP, USD, EUR, AUD, CAD",
        "title": "THE CHELTENHAM COLLECTION",
        "description": "Our winning wardrobe heroes are sure to turn heads around the track. Gorgeous gilets, sophisticated capes and premium footwear - behold your new race style favourites.",
        "button_text": "SHOP NOW",
        "width": "faf-container",
        "bg-color": "#1E293A",
        "button_link": "shopify:\/\/collections\/cheltenham-races-outfits",
        "margin_top": "mt-5"
      }
    },
    "related-articles": {
      "type": "related-articles",
      "disabled": true,
      "settings": {}
    }
  },
  "order": [
    "stylised_header_dYp3HW",
    "main",
    "article_main_8deWQp",
    "custom_liquid_HNVgkH",
    "magazine_splash_mB6yHm",
    "custom_liquid_7jyKB9",
    "image_block_ejYPWH",
    "lifestyle_gallery_BFAtPk",
    "custom_liquid_ULEEhz",
    "custom_liquid_R8Yjff",
    "custom_liquid_3bfnBt",
    "featured_campaign_collection_9WL7QM",
    "custom_liquid_Ye8Mfj",
    "image_block_bPdzWT",
    "custom_liquid_AUPVQQ",
    "magazine_splash_P6L4ak",
    "custom_liquid_y4HEHc",
    "about_us_rwHWga",
    "related-articles"
  ]
}