{
  "sections": {
    "stylised_header_dYp3HW": {
      "type": "stylised-header",
      "blocks": {
        "title_MWgiaJ": {
          "type": "title",
          "settings": {
            "title": "What to Wear to Cheltenham Festival 2024",
            "color-from": "#AE8A6B",
            "color-to": "#AE8A6B",
            "custom_css": ""
          }
        },
        "text_3DQRmC": {
          "type": "text",
          "settings": {
            "line-one": "Off to the races? Get some inspiration from the Cheltenham festival styling tips by Fairfax & Favor.",
            "body_style": "",
            "copy-color": "#ffffff"
          }
        }
      },
      "block_order": [
        "title_MWgiaJ",
        "text_3DQRmC"
      ],
      "settings": {
        "hero_image": "shopify:\/\/shop_images\/hero-ada-biscuit-bella-sage.jpg",
        "gradient-mobile": "linear-gradient(360deg, rgba(31, 42, 68, 1) 9%, rgba(31, 42, 68, 0) 68%)",
        "gradient-height": 16,
        "gradient-width": 16,
        "gradient-desktop": "linear-gradient(89deg, rgba(33, 37, 68, 0) 0.719%, rgba(31, 42, 68, 0) 32%, rgba(31, 42, 68, 1) 79%)",
        "bg-color": "#1E293A"
      }
    },
    "main": {
      "type": "main-article",
      "disabled": true,
      "settings": {}
    },
    "article_main_4ikYLC": {
      "type": "article-main",
      "blocks": {
        "body_text_wFxb7L": {
          "type": "body-text",
          "settings": {
            "body-copy": "",
            "body-wrap": false,
            "body-color": "text-sg-grey-5",
            "body-style": "body-medium",
            "body-position": "text-center"
          }
        },
        "body_text_WeWiJQ": {
          "type": "body-text",
          "settings": {
            "body-copy": "<p>If you’re feeling stuck in a fashion rut and wondering what to wear to the races, we’re bringing our quintessential Fairfax & Favor outfit inspiration to you in this carefully curated styling guide to assist you with your choices.<\/p>",
            "body-wrap": false,
            "body-color": "text-sg-grey-5",
            "body-style": "body-medium",
            "body-position": "text-center"
          }
        },
        "body_text_QhJbwK": {
          "type": "body-text",
          "settings": {
            "body-copy": "<p>As one of the key events of the year, the Cheltenham Festival in Gloucestershire takes place annually in March and attracts people from across the UK to enjoy four days of extraordinary horse racing. <\/p>",
            "body-wrap": false,
            "body-color": "text-sg-grey-5",
            "body-style": "body-medium",
            "body-position": "text-center"
          }
        },
        "body_text_GAiVYL": {
          "type": "body-text",
          "settings": {
            "body-copy": "<p>The famous faces regularly spotted at Cheltenham include the likes of actors Emilia Fox and Alexander Armstrong, musician Rod Stewart, tennis star Andy Murray and TV presenter Carol Vorderman. The late Queen’s granddaughter Zara and her husband Mike Tindall are also frequent visitors to the event. Being in such highly esteemed company, there’s more of a need to bring your best Cheltenham races outfit ideas to life!<\/p><p><\/p><p><\/p><p><\/p><p><\/p><p><\/p><p><\/p><p><\/p><p><\/p>",
            "body-wrap": false,
            "body-color": "text-sg-grey-5",
            "body-style": "body-medium",
            "body-position": "text-center"
          }
        }
      },
      "block_order": [
        "body_text_wFxb7L",
        "body_text_WeWiJQ",
        "body_text_QhJbwK",
        "body_text_GAiVYL"
      ],
      "settings": {
        "width": "max-w-[873px]"
      }
    },
    "custom_liquid_HNVgkH": {
      "type": "custom-liquid",
      "settings": {
        "custom_liquid": "",
        "color_scheme": "background-1",
        "padding_top": 24,
        "padding_bottom": 0
      }
    },
    "magazine_splash_mB6yHm": {
      "type": "magazine-splash",
      "blocks": {
        "feature_wCFN6L": {
          "type": "feature",
          "settings": {
            "image": "shopify:\/\/shop_images\/collection-ada-biscuit-gloves.jpg",
            "subtitle": "",
            "title": "",
            "button_text": "",
            "position": "",
            "link": "shopify:\/\/collections\/womens-capes"
          }
        },
        "feature_NxGYEX": {
          "type": "feature",
          "settings": {
            "image": "shopify:\/\/shop_images\/collection-sienna-cape-hounds.jpg",
            "subtitle": "",
            "title": "",
            "button_text": "",
            "position": "",
            "link": ""
          }
        }
      },
      "block_order": [
        "feature_wCFN6L",
        "feature_NxGYEX"
      ],
      "custom_css": [
        ".overflow-x-auto {overflow-x: auto; overflow-y: hidden;}"
      ],
      "settings": {
        "custom_class": "md:w-3\/4 mx-auto"
      }
    },
    "custom_liquid_7jyKB9": {
      "type": "custom-liquid",
      "settings": {
        "custom_liquid": "",
        "color_scheme": "background-1",
        "padding_top": 0,
        "padding_bottom": 12
      }
    },
    "article_main_LeBbCM": {
      "type": "article-main",
      "blocks": {
        "mid_title_jCHMq7": {
          "type": "mid-title",
          "settings": {
            "mid-title": "LEt's talk dress code",
            "title-style": "headline-4",
            "title-position": "text-center",
            "title-color": "#1E293A"
          }
        },
        "body_text_MVMwx7": {
          "type": "body-text",
          "settings": {
            "body-copy": "<p>The Cheltenham festival has no strict dress code rules to adhere to, but that certainly doesn’t stop attendees from dressing up for the four day spectacle. You’ll most likely see stand-out outfits from other festival goers, with ladies showing off extravagant hat designs and unique designer two-pieces and men dressed in their finest countrywear. <\/p>",
            "body-wrap": false,
            "body-color": "text-sg-grey-5",
            "body-style": "body-medium",
            "body-position": "text-center"
          }
        },
        "mid_title_p9ACVw": {
          "type": "mid-title",
          "settings": {
            "mid-title": "Dressing for the finish line",
            "title-style": "headline-4",
            "title-position": "text-center",
            "title-color": "#1E293A"
          }
        },
        "body_text_FiVmFz": {
          "type": "body-text",
          "settings": {
            "body-copy": "<p>Firstly, it’s important to bear in mind that the wonderful British weather could equally spoil us with sunshine or rain in early spring time and you’ll be spending most of the event outdoors, so it is best to be prepared. Bring along your fedora hats and umbrellas to cover all eventualities whilst also looking suitably on-trend on the concourse. <\/p>",
            "body-wrap": false,
            "body-color": "text-sg-grey-5",
            "body-style": "body-medium",
            "body-position": "text-center"
          }
        },
        "body_text_PaATh9": {
          "type": "body-text",
          "settings": {
            "body-copy": "<p>Ladies, also be aware that high heels may not be suitable for the terrain, as two-thirds of the racecourse car parks are on grass, so it’s best to opt for boots when it comes to footwear. With this in mind, you could plan your outfit around a pair of stylish leather knee-high boots or ankle boots. Cream coloured skinny jeans tucked into tan knee-high boots, with a long sleeved shirt and brought together with a camel trench coat cinched at the waist is a neutral hued, fashionable ensemble to take you stylishly to the bar from the viewing areas throughout the day.<\/p>",
            "body-wrap": false,
            "body-color": "text-sg-grey-5",
            "body-style": "body-medium",
            "body-position": "text-center"
          }
        },
        "body_text_VgnYUY": {
          "type": "body-text",
          "settings": {
            "body-copy": "<p>Our Fairfax & Favor top picks are the <a href=\"\/products\/the-heeled-regina-tan-leather-leather-boot\" title=\"The Heeled Regina (Regular Fit) - Tan Leather\">Regina’s<\/a> or <a href=\"\/products\/the-belgravia-tan\" title=\"The Heeled Belgravia - Tan Suede\">Belgravia’s<\/a> for the perfect knee high or ankle boot. The <a href=\"\/products\/the-frances-trench-coat-tan-suede\" title=\"The Frances - Tan\">Frances trench<\/a> is also a perfect pick for that outerwear layer, that is both stylish and flattering. <\/p>",
            "body-wrap": false,
            "body-color": "text-sg-grey-5",
            "body-style": "body-medium",
            "body-position": "text-center"
          }
        },
        "body_text_JkcjQy": {
          "type": "body-text",
          "disabled": true,
          "settings": {
            "body-copy": "<p>As the weather may be changeable in March, it is important to consider layers and varying textures to keep you warm throughout the day’s events. A lambswool scarf and suede gloves will help keep off the chill without compromising on your overall look. <\/p>",
            "body-wrap": false,
            "body-color": "text-sg-grey-5",
            "body-style": "body-medium",
            "body-position": "text-center"
          }
        },
        "body_text_fGYeeF": {
          "type": "body-text",
          "disabled": true,
          "settings": {
            "body-copy": "<p>Leopard print is due to be back in fashion this year, so little touches of the animal print can give your ensemble a fashion-forward element! Try out a leopard print scarf to add a modern finish. <\/p>",
            "body-wrap": false,
            "body-color": "text-sg-grey-5",
            "body-style": "body-medium",
            "body-position": "text-center"
          }
        }
      },
      "block_order": [
        "mid_title_jCHMq7",
        "body_text_MVMwx7",
        "mid_title_p9ACVw",
        "body_text_FiVmFz",
        "body_text_PaATh9",
        "body_text_VgnYUY",
        "body_text_JkcjQy",
        "body_text_fGYeeF"
      ],
      "custom_css": [
        "h4 {color: #AE8A6B; padding: 0 0 1rem 0; text-decoration: underline;}",
        "h5 {color: #AE8A6B; padding: 1rem 0; text-decoration: underline;}",
        "a {color: #AE8A6B; text-decoration: underline;}",
        "h6 {padding-bottom: 0.5rem;}"
      ],
      "settings": {
        "width": "max-w-[873px]"
      }
    },
    "image_block_ejYPWH": {
      "type": "image-block",
      "settings": {
        "image_block": "shopify:\/\/shop_images\/collection-box-blog-ankle-boot-8.jpg",
        "custom_class": "md:w-1\/2"
      }
    },
    "article_main_U34fK8": {
      "type": "article-main",
      "blocks": {
        "body_text_QihULi": {
          "type": "body-text",
          "settings": {
            "body-copy": "<p>Another option when attending the Gold Cup day at Cheltenham is to wear a tweed mini skirt over thick tights and a cashmere roll-neck jumper topped off with a chic cape for something a little different for your outerwear. Accessorise with a leather cross-body such as the <a href=\"\/products\/the-finsbury-tan\" title=\"The Finsbury - Tan\">Finsbury<\/a>, bag as a functional way to bring the ensemble together. This elegant look is ideal for the races, and when teamed with a pair of iconic Chelsea boots, you’ll be ready to enjoy the events of the day.<\/p>",
            "body-wrap": false,
            "body-color": "text-sg-grey-5",
            "body-style": "body-medium",
            "body-position": "text-center"
          }
        },
        "body_text_nUMbWm": {
          "type": "body-text",
          "settings": {
            "body-copy": "<p>As the weather may be changeable in March, it is important to consider layers and varying textures to keep you warm throughout the day’s events. A lambswool scarf and suede gloves will help keep off the chill without compromising on your overall look. <\/p>",
            "body-wrap": false,
            "body-color": "text-sg-grey-5",
            "body-style": "body-medium",
            "body-position": "text-center"
          }
        },
        "body_text_xwzjDP": {
          "type": "body-text",
          "settings": {
            "body-copy": "",
            "body-wrap": false,
            "body-color": "text-sg-grey-5",
            "body-style": "body-medium",
            "body-position": "text-center"
          }
        }
      },
      "block_order": [
        "body_text_QihULi",
        "body_text_nUMbWm",
        "body_text_xwzjDP"
      ],
      "custom_css": [
        "h4 {color: #AE8A6B; padding: 0 0 1rem 0; text-decoration: underline;}",
        "h5 {color: #AE8A6B; padding: 1rem 0; text-decoration: underline;}",
        "a {color: #AE8A6B; text-decoration: underline;}",
        "h6 {padding-bottom: 0.5rem;}"
      ],
      "settings": {
        "width": "max-w-[873px]"
      }
    },
    "lifestyle_gallery_BFAtPk": {
      "type": "lifestyle-gallery",
      "blocks": {
        "lifestyle_block_4NWGV4": {
          "type": "lifestyle_block",
          "settings": {
            "image": "shopify:\/\/shop_images\/Untitled-2_copy.webp",
            "title": "Zara Tindall",
            "sub_title": "British Eventer",
            "product_1": "the-mini-loxley-crossbody-high-shine-navy-croc-print-leather",
            "product_2": ""
          }
        },
        "lifestyle_block_hKA73N": {
          "type": "lifestyle_block",
          "settings": {
            "image": "shopify:\/\/shop_images\/Laurawright-cheltenham.webp",
            "title": "Laura Wright",
            "sub_title": "Soprano",
            "product_1": "loxley-mini-cross-body-bag-black-leather",
            "product_2": "the-heeled-regina-black-leather-boot"
          }
        },
        "lifestyle_block_gmY7iW": {
          "type": "lifestyle_block",
          "settings": {
            "image": "shopify:\/\/shop_images\/lukeharveycheltenham.webp",
            "title": "Luke Harvey",
            "sub_title": "Jockey, Television Presenter & Pundit",
            "product_1": "the-nelson",
            "product_2": ""
          }
        },
        "lifestyle_block_hRk7Yt": {
          "type": "lifestyle_block",
          "settings": {
            "image": "shopify:\/\/shop_images\/carolvorderman-cheltenham.webp",
            "title": "Carol Vorderman",
            "sub_title": "Television Presenter & Author",
            "product_1": "the-sienna-cape-taupe",
            "product_2": "the-amira-tan"
          }
        },
        "lifestyle_block_NXkzU4": {
          "type": "lifestyle_block",
          "settings": {
            "image": "shopify:\/\/shop_images\/georgiatoffolo-cheltenham.webp",
            "title": "Georgia Toffolo",
            "sub_title": "Reality Television Star on Made in Chelsea",
            "product_1": "the-heeled-regina-navy-blue-suede-boot",
            "product_2": ""
          }
        }
      },
      "block_order": [
        "lifestyle_block_4NWGV4",
        "lifestyle_block_hKA73N",
        "lifestyle_block_gmY7iW",
        "lifestyle_block_hRk7Yt",
        "lifestyle_block_NXkzU4"
      ],
      "settings": {
        "title": "Get Cheltenham Race Ready",
        "subtitle": "Seen at the Races #fairfaxandfavor?",
        "margin_top": "mt-0"
      }
    },
    "custom_liquid_ULEEhz": {
      "type": "custom-liquid",
      "settings": {
        "custom_liquid": "",
        "color_scheme": "background-1",
        "padding_top": 20,
        "padding_bottom": 0
      }
    },
    "custom_liquid_R8Yjff": {
      "type": "custom-liquid",
      "settings": {
        "custom_liquid": "",
        "color_scheme": "background-1",
        "padding_top": 0,
        "padding_bottom": 20
      }
    },
    "article_main_6KmLYp": {
      "type": "article-main",
      "blocks": {
        "mid_title_ALBdmX": {
          "type": "mid-title",
          "settings": {
            "mid-title": "Racing ahead in style",
            "title-style": "headline-4",
            "title-position": "text-center",
            "title-color": "#1E293A"
          }
        },
        "body_text_7tDeY9": {
          "type": "body-text",
          "settings": {
            "body-copy": "<p>For the gentlemen looking to make an impression with their outfits at Cheltenham races this year, stand out from the crowd and think of sharp tailoring showcasing tartan and checks with a modern twist. A Prince of Wales tartan suit in light grey or beige teamed with a black roll-neck and premium <a href=\"https:\/\/www.fairfaxandfavor.com\/collections\/mens-ankle-boots\"><span style=\"text-decoration:underline\">leather Chelsea boots<\/span><\/a> is a stunning updated take on the classic country attire ideal for a racing event. <\/p>",
            "body-wrap": false,
            "body-color": "text-sg-grey-5",
            "body-style": "body-medium",
            "body-position": "text-center"
          }
        },
        "body_text_7UyrwH": {
          "type": "body-text",
          "disabled": true,
          "settings": {
            "body-copy": "<p>Classic tweed will always be a reliable staple for the dapper gent when it comes to what to wear to Cheltenham races. A tweed waistcoat with a plain Oxford shirt, tie and blazer with light coloured trousers is an excellent way of introducing a touch of country style to your race outfit. Complete the look with a pair of leather lace-up ankle boots and accessorise with a flat cap.<\/p>",
            "body-wrap": false,
            "body-color": "text-sg-grey-5",
            "body-style": "body-medium",
            "body-position": "text-center"
          }
        },
        "body_text_bVAXc6": {
          "type": "body-text",
          "disabled": true,
          "settings": {
            "body-copy": "<p>Fans of the more smart-casual aesthetic can represent their relaxed style by wearing dark wash indigo jeans, brown ankle boots and a checked shirt. Complete the look with a waxed jacket or a tweed blazer combination for a laidback finish that would be right at home at Cheltenham festival.<\/p>",
            "body-wrap": false,
            "body-color": "text-sg-grey-5",
            "body-style": "body-medium",
            "body-position": "text-center"
          }
        }
      },
      "block_order": [
        "mid_title_ALBdmX",
        "body_text_7tDeY9",
        "body_text_7UyrwH",
        "body_text_bVAXc6"
      ],
      "custom_css": [
        "h4 {color: #AE8A6B; padding: 0 0 1rem 0; text-decoration: underline;}",
        "h5 {color: #AE8A6B; padding: 1rem 0; text-decoration: underline;}",
        "a {color: #AE8A6B; text-decoration: underline;}",
        "h6 {padding-bottom: 0.5rem;}"
      ],
      "settings": {
        "width": "max-w-[873px]"
      }
    },
    "custom_liquid_3bfnBt": {
      "type": "custom-liquid",
      "settings": {
        "custom_liquid": "",
        "color_scheme": "background-1",
        "padding_top": 20,
        "padding_bottom": 0
      }
    },
    "featured_campaign_collection_9WL7QM": {
      "type": "featured-campaign-collection",
      "settings": {
        "image": "shopify:\/\/shop_images\/header-men-footwear-pine-chelsea.jpg",
        "title": "Cheltenham Chelsea Boots",
        "description": "",
        "button_text": "Shop the collection",
        "collection": "mens-ankle-boots",
        "limit": 4
      }
    },
    "custom_liquid_Ye8Mfj": {
      "type": "custom-liquid",
      "settings": {
        "custom_liquid": "",
        "color_scheme": "background-1",
        "padding_top": 0,
        "padding_bottom": 20
      }
    },
    "article_main_GtBHUE": {
      "type": "article-main",
      "blocks": {
        "body_text_6Lnfae": {
          "type": "body-text",
          "settings": {
            "body-copy": "<p>Classic tweed will always be a reliable staple for the dapper gent when it comes to what to wear to Cheltenham races. A tweed waistcoat with a plain Oxford shirt, tie and blazer with light coloured trousers is an excellent way of introducing a touch of country style to your race outfit. Complete the look with a pair of leather lace-up ankle boots and accessorise with a flat cap.<\/p>",
            "body-wrap": false,
            "body-color": "text-sg-grey-5",
            "body-style": "body-medium",
            "body-position": "text-center"
          }
        },
        "body_text_zV3rPN": {
          "type": "body-text",
          "settings": {
            "body-copy": "<p>Fans of the more smart-casual aesthetic can represent their relaxed style by wearing dark wash indigo jeans, brown ankle boots and a checked shirt. Complete the look with a waxed jacket or a tweed blazer combination for a laidback finish that would be right at home at Cheltenham festival.<\/p>",
            "body-wrap": false,
            "body-color": "text-sg-grey-5",
            "body-style": "body-medium",
            "body-position": "text-center"
          }
        }
      },
      "block_order": [
        "body_text_6Lnfae",
        "body_text_zV3rPN"
      ],
      "settings": {
        "width": "max-w-[873px]"
      }
    },
    "image_block_bPdzWT": {
      "type": "image-block",
      "disabled": true,
      "settings": {
        "image_block": "shopify:\/\/shop_images\/collection-box-mens-edward-gilet.jpg",
        "custom_class": "md:w-1\/2"
      }
    },
    "custom_liquid_AUPVQQ": {
      "type": "custom-liquid",
      "settings": {
        "custom_liquid": "<div class=\"w-full\">\n<div class=\"border border-sg-grey-6 mx-auto w-1\/2\">\n<\/div>\n<\/div>",
        "color_scheme": "background-1",
        "padding_top": 12,
        "padding_bottom": 12
      }
    },
    "magazine_splash_P6L4ak": {
      "type": "magazine-splash",
      "blocks": {
        "feature_QqnUpE": {
          "type": "feature",
          "settings": {
            "image": "shopify:\/\/shop_images\/Fiona_1d8b2191-2462-4ecb-9c4f-bf505db81003.jpg",
            "subtitle": "",
            "title": "",
            "button_text": "",
            "position": "",
            "link": ""
          }
        },
        "feature_BVMtNM": {
          "type": "feature",
          "settings": {
            "image": "shopify:\/\/shop_images\/Laura_7dc84a5d-4b4c-4a23-885f-8474cb786fab.jpg",
            "subtitle": "",
            "title": "",
            "button_text": "",
            "position": "",
            "link": ""
          }
        }
      },
      "block_order": [
        "feature_QqnUpE",
        "feature_BVMtNM"
      ],
      "custom_css": [
        ".overflow-x-auto {overflow-x: auto; overflow-y: hidden;}"
      ],
      "settings": {
        "custom_class": "md:w-3\/4 mx-auto"
      }
    },
    "article_main_gcTemk": {
      "type": "article-main",
      "blocks": {
        "body_text_BBN9ip": {
          "type": "body-text",
          "settings": {
            "body-copy": "<p>So, now you’ve got a better idea of what to wear to the races this year it’s time to browse the superb collections available right here at Fairfax & Favor and find the next perfect addition to your wardrobe. From <a href=\"\/collections\/womens-leather-boots\" title=\"Women's Leather Boots\">luxury leather boots <\/a>and premium quality <a href=\"\/collections\/womens-coats-jackets\" title=\"Women's Coats & Jackets\">coats<\/a> to expertly designed accessories, we’ve got everything you need to enhance your look - no matter the occasion.<\/p>",
            "body-wrap": false,
            "body-color": "text-sg-grey-5",
            "body-style": "body-medium",
            "body-position": "text-center"
          }
        }
      },
      "block_order": [
        "body_text_BBN9ip"
      ],
      "custom_css": [
        "h4 {color: #AE8A6B; padding: 0 0 1rem 0; text-decoration: underline;}",
        "h5 {color: #AE8A6B; padding: 1rem 0; text-decoration: underline;}",
        "a {color: #AE8A6B; text-decoration: underline;}",
        "h6 {padding-bottom: 0.5rem;}"
      ],
      "settings": {
        "width": "max-w-[873px]"
      }
    },
    "custom_liquid_y4HEHc": {
      "type": "custom-liquid",
      "settings": {
        "custom_liquid": "<div class=\"w-full\">\n<div class=\"border border-sg-grey-6 mx-auto w-1\/2\">\n<\/div>\n<\/div>",
        "color_scheme": "background-1",
        "padding_top": 12,
        "padding_bottom": 12
      }
    },
    "about_us_rwHWga": {
      "type": "about-us",
      "settings": {
        "image": "shopify:\/\/shop_images\/collection-box-octavia-boot-heeled.jpg",
        "geo_location": "GBP, USD, EUR, AUD, CAD",
        "title": "THE CHELTENHAM COLLECTION",
        "description": "Our winning wardrobe heroes are sure to turn heads around the track. Gorgeous gilets, sophisticated capes and premium footwear - behold your new race style favourites.",
        "button_text": "SHOP NOW",
        "button_link": "shopify:\/\/collections\/cheltenham-races-outfits",
        "margin_top": "mt-5"
      }
    },
    "related-articles": {
      "type": "related-articles",
      "disabled": true,
      "settings": {}
    }
  },
  "order": [
    "stylised_header_dYp3HW",
    "main",
    "article_main_4ikYLC",
    "custom_liquid_HNVgkH",
    "magazine_splash_mB6yHm",
    "custom_liquid_7jyKB9",
    "article_main_LeBbCM",
    "image_block_ejYPWH",
    "article_main_U34fK8",
    "lifestyle_gallery_BFAtPk",
    "custom_liquid_ULEEhz",
    "custom_liquid_R8Yjff",
    "article_main_6KmLYp",
    "custom_liquid_3bfnBt",
    "featured_campaign_collection_9WL7QM",
    "custom_liquid_Ye8Mfj",
    "article_main_GtBHUE",
    "image_block_bPdzWT",
    "custom_liquid_AUPVQQ",
    "magazine_splash_P6L4ak",
    "article_main_gcTemk",
    "custom_liquid_y4HEHc",
    "about_us_rwHWga",
    "related-articles"
  ]
}