{
  "sections": {
    "b6c868ee-bd8b-439d-a02e-505fa82d99d1": {
      "type": "stylised-header",
      "blocks": {
        "d7070ee9-070e-4753-a84f-25bcea1a325c": {
          "type": "title",
          "settings": {
            "title": "How to Properly Store Leather and Suede Bags",
            "color-from": "#AE8A6B",
            "color-to": "#AE8A6B",
            "custom_css": ""
          }
        },
        "5b1743e1-1fcf-40ee-b012-deff41331bb0": {
          "type": "text",
          "settings": {
            "line-one": "As we move into a new season, you may be wondering how to clean and care for a leather bag to ensure it remains in tip top condition.",
            "body_style": "",
            "copy-color": "#ffffff"
          }
        }
      },
      "block_order": [
        "d7070ee9-070e-4753-a84f-25bcea1a325c",
        "5b1743e1-1fcf-40ee-b012-deff41331bb0"
      ],
      "settings": {
        "hero_image": "shopify:\/\/shop_images\/Hero_2c76e304-987b-435d-9354-a14ffb470ba1.jpg",
        "gradient-mobile": "linear-gradient(360deg, rgba(27, 35, 54, 1) 9%, rgba(31, 42, 68, 0) 68%)",
        "gradient-height": 8,
        "gradient-width": 16,
        "gradient-desktop": "linear-gradient(89deg, rgba(33, 37, 68, 0) 0.719%, rgba(31, 42, 68, 0) 32%, rgba(27, 35, 54, 1) 79%)",
        "bg-color": "#1b2336"
      }
    },
    "0ca16edf-c6da-4626-bd81-73180c075b20": {
      "type": "custom-liquid",
      "settings": {
        "custom_liquid": "",
        "color_scheme": "background-1",
        "padding_top": 12,
        "padding_bottom": 24
      }
    },
    "8342365c-05c5-4b6a-a68f-8cd68d02fff6": {
      "type": "article-main",
      "blocks": {
        "body_text_ibG7qL": {
          "type": "body-text",
          "settings": {
            "body-copy": "<p>Perhaps your reliable leather handbag is looking a little worse for wear and needs a spruce up to elevate your transitional outfits, or your favourite suede bag needs a little TLC. You could even be considering investing in a brand new premium bag and want to get clued up on how to care for leather bags to ensure it delivers gorgeous style with every outing.<\/p>",
            "body-wrap": false,
            "body-color": "text-sg-grey-5",
            "body-style": "body-medium",
            "body-position": "text-center"
          }
        },
        "body_text_nHnMDm": {
          "type": "body-text",
          "settings": {
            "body-copy": "<p>So with this in mind, in today’s guide at Fairfax & Favor we’re exploring how to properly store leather and suede bags to keep them in excellent condition and offering tips on how to keep your handbags looking their very best. <\/p>",
            "body-wrap": false,
            "body-color": "text-sg-grey-5",
            "body-style": "body-medium",
            "body-position": "text-center"
          }
        },
        "mid_title_hRTEGr": {
          "type": "mid-title",
          "settings": {
            "mid-title": "How to store your handbags",
            "title-style": "headline-4",
            "title-position": "text-center",
            "title-color": "#1E293A"
          }
        },
        "body_text_rNnALg": {
          "type": "body-text",
          "settings": {
            "body-copy": "<p>No matter where your handbag is accompanying you to, from a countryside eatery to after-work drinks in the city, you’ll want your chosen accessory to be both functional and attractive for a long period of time. However, your leather bag may fade, become stained or scratched over time with use – unfortunately, it happens! This is where taking proper care of the bags in your collection can extend their lifespan and beauty. <\/p>",
            "body-wrap": false,
            "body-color": "text-sg-grey-5",
            "body-style": "body-medium",
            "body-position": "text-center"
          }
        },
        "mid_title_CdMXqQ": {
          "type": "mid-title",
          "settings": {
            "mid-title": "Clean after every use and protect with a dust bag",
            "title-style": "headline-4",
            "title-position": "text-center",
            "title-color": "#1E293A"
          }
        },
        "body_text_HNKVzU": {
          "type": "body-text",
          "settings": {
            "body-copy": "<p>Many premium handbags will be purchased with an accompanying dust bag or fabric bag which is designed to protect it in storage. If you don’t still have the original dust bag, you can buy fabric ones of varying sizes to help keep your handbag safe from sunlight or any inadvertent scratches that can harm its appearance over time. It is even better if you have the original box it came in, as this additional storage element will provide further much needed protection, especially when sitting alongside other bags or accessories in your portfolio. <\/p>",
            "body-wrap": false,
            "body-color": "text-sg-grey-5",
            "body-style": "body-medium",
            "body-position": "text-center"
          }
        },
        "body_text_Xqzf9W": {
          "type": "body-text",
          "settings": {
            "body-copy": "<p>Before storing your leather bag away in its protective dust bag, it’s also recommended to perform a quick clean of the bag after every use. This will remove any surface debris such as dust or dirt that may have accumulated during the day which may end up scratching soft leather. Simply use a clean damp cloth to wipe down the leather bag and leave to air dry.<\/p>",
            "body-wrap": false,
            "body-color": "text-sg-grey-5",
            "body-style": "body-medium",
            "body-position": "text-center"
          }
        },
        "body_text_nFbMxY": {
          "type": "body-text",
          "settings": {
            "body-copy": "<p>For certain handbag designs, we would also recommend stuffing the bag with tissue paper or bubble wrap to help it to keep its shape when not in use. Be careful not to overstuff though, as this can put tension on the seams. Get into the habit of wiping down and popping your handbag into a dust bag after every use so you know that it is in great condition every time you reach for it.<\/p>",
            "body-wrap": false,
            "body-color": "text-sg-grey-5",
            "body-style": "body-medium",
            "body-position": "text-center"
          }
        },
        "mid_title_p4Jdbd": {
          "type": "mid-title",
          "settings": {
            "mid-title": "Avoid leaving your bag in direct sunlight",
            "title-style": "headline-4",
            "title-position": "text-center",
            "title-color": "#1E293A"
          }
        },
        "body_text_tP9TVW": {
          "type": "body-text",
          "settings": {
            "body-copy": "<p>If you prefer leaving your designer handbag out on show in order to admire it more easily, keeping this next tip in mind will be vital to the health of your beloved bag. Direct sunlight has the potential to fade and even damage leather handbags over a prolonged period, so when it comes to storing handbags properly, you’ll need to pay attention to where you leave your bag when it’s not in use. The light and extra heat generated from storing your bag in sunlight can add to the leather or suede eventually drying out and cracking. Be sure to avoid storing your handbag on an open shelf or sideboard that is at risk of exposure to hours of sunlight during the day, and instead store it in a shady spot.<\/p>",
            "body-wrap": false,
            "body-color": "text-sg-grey-5",
            "body-style": "body-medium",
            "body-position": "text-center"
          }
        },
        "mid_title_WcrNTN": {
          "type": "mid-title",
          "settings": {
            "mid-title": "Always store handbags in a cool, dry place",
            "title-style": "headline-4",
            "title-position": "text-center",
            "title-color": "#1E293A"
          }
        },
        "body_text_xqY7Dt": {
          "type": "body-text",
          "settings": {
            "body-copy": "<p>Not only is it important to not leave your leather handbag in direct sunlight, its exposure to moisture should also be minimised. Due to the nature of the leather and suede materials, this results in an enhanced sensitivity to water and moisture in the air, so it is crucial to keep your leather handbag nice and dry. This is particularly worth noting in the autumn and winter months where we are more likely to be out and about in inclement weather and we end up bringing that moisture indoors when we take off our damp coats and wet umbrellas in a porch or hallway. <\/p>",
            "body-wrap": false,
            "body-color": "text-sg-grey-5",
            "body-style": "body-medium",
            "body-position": "text-center"
          }
        },
        "body_text_8PAnC7": {
          "type": "body-text",
          "settings": {
            "body-copy": "<p>To reduce the risk of bringing your leather and suede bag in contact with unwanted additional moisture, steer clear of leaving it next to or in contact with any wet outerwear, and be sure to dry off any rain with a clean cloth before allowing it to fully dry naturally.<\/p>",
            "body-wrap": false,
            "body-color": "text-sg-grey-5",
            "body-style": "body-medium",
            "body-position": "text-center"
          }
        },
        "mid_title_FXwYRi": {
          "type": "mid-title",
          "settings": {
            "mid-title": "Don’t neglect the hardware",
            "title-style": "headline-4",
            "title-position": "text-center",
            "title-color": "#1E293A"
          }
        },
        "body_text_gLwwPh": {
          "type": "body-text",
          "settings": {
            "body-copy": "<p>Not only does beautiful silver or gold metal hardware add an extra element of luxury to a leather or suede bag, but this is a fragile feature that is also at risk of being damaged if you fail to properly store your handbags. To store your handbags appropriately and take special care of the delicate hardware, such as clasp fastenings, handles and other design details, you could wrap or cover these areas with tissue paper to help prevent scratches when not in use. <\/p>",
            "body-wrap": false,
            "body-color": "text-sg-grey-5",
            "body-style": "body-medium",
            "body-position": "text-center"
          }
        },
        "body_text_9LzC3p": {
          "type": "body-text",
          "settings": {
            "body-copy": "<p>Now you know how to properly store leather and suede handbags, it’s time to browse our attractive collection of Fairfax & Favor <a href=\"https:\/\/www.fairfaxandfavor.com\/collections\/womens-handbags\"><span style=\"text-decoration:underline\">women’s handbags<\/span><\/a> which promise premium craftsmanship and exceptional style. You’ll discover a range of varying styles to suit all tastes including <a href=\"https:\/\/www.fairfaxandfavor.com\/collections\/womens-handbags\"><span style=\"text-decoration:underline\">leather handbags<\/span><\/a> and <a href=\"https:\/\/www.fairfaxandfavor.com\/collections\/womens-tote-bags\"><span style=\"text-decoration:underline\">suede tote bags<\/span><\/a> for everyday wear, plus a stunning selection of <a href=\"https:\/\/www.fairfaxandfavor.com\/collections\/womens-clutch\"><span style=\"text-decoration:underline\">clutch bags<\/span><\/a> to enhance any evening outfit.<\/p>",
            "body-wrap": false,
            "body-color": "text-sg-grey-5",
            "body-style": "body-medium",
            "body-position": "text-center"
          }
        }
      },
      "block_order": [
        "body_text_ibG7qL",
        "body_text_nHnMDm",
        "mid_title_hRTEGr",
        "body_text_rNnALg",
        "mid_title_CdMXqQ",
        "body_text_HNKVzU",
        "body_text_Xqzf9W",
        "body_text_nFbMxY",
        "mid_title_p4Jdbd",
        "body_text_tP9TVW",
        "mid_title_WcrNTN",
        "body_text_xqY7Dt",
        "body_text_8PAnC7",
        "mid_title_FXwYRi",
        "body_text_gLwwPh",
        "body_text_9LzC3p"
      ],
      "custom_css": [
        "h4 {color: #AE8A6B; padding: 0 0 1rem 0; text-decoration: underline;}",
        "h5 {color: #AE8A6B; padding: 1rem 0; text-decoration: underline;}",
        "a {color: #AE8A6B; text-decoration: underline;}",
        "h6 {padding-bottom: 0.5rem;}"
      ],
      "settings": {
        "width": "max-w-[873px]"
      }
    },
    "main": {
      "type": "main-article",
      "disabled": true,
      "custom_css": [
        "h3 {padding-top: 1rem;}"
      ],
      "settings": {}
    },
    "related-articles": {
      "type": "related-articles",
      "disabled": true,
      "settings": {}
    },
    "discover_style_collection_PNB3UM": {
      "type": "discover-style-collection",
      "disabled": true,
      "settings": {
        "title": "Discover",
        "collection_title": "Ankle Boots",
        "description": "Guaranteed to elevate every outfit while giving you lovely long legs, this luxurious collection of everyday\/everywhere boots genuinely goes with everything.",
        "button_text": "Shop the collection",
        "quick_add": false,
        "collection": "womens-ankle-boots",
        "font": "headline-2",
        "margin_top": "mt-0"
      }
    },
    "filterable_collection_multiple_TzCeJd": {
      "type": "filterable-collection-multiple",
      "blocks": {
        "tag_list_xeEex3": {
          "type": "tag_list",
          "settings": {
            "anchor": "Ankle Boots",
            "collection": "womens-bags",
            "tag": "",
            "limit": 30
          }
        }
      },
      "block_order": [
        "tag_list_xeEex3"
      ],
      "settings": {
        "title": "Handbags",
        "quick_add": false
      }
    }
  },
  "order": [
    "b6c868ee-bd8b-439d-a02e-505fa82d99d1",
    "0ca16edf-c6da-4626-bd81-73180c075b20",
    "8342365c-05c5-4b6a-a68f-8cd68d02fff6",
    "main",
    "related-articles",
    "discover_style_collection_PNB3UM",
    "filterable_collection_multiple_TzCeJd"
  ]
}