{
  "sections": {
    "stylised_header_dYp3HW": {
      "type": "stylised-header",
      "blocks": {
        "title_MWgiaJ": {
          "type": "title",
          "settings": {
            "title": "What to Wear to The Chelsea Flower Show",
            "color-from": "#ae8a6b",
            "color-to": "#ae8a6b",
            "custom_css": ""
          }
        },
        "text_3DQRmC": {
          "type": "text",
          "settings": {
            "line-one": "The prestigious Chelsea Flower Show will take place 21st-25th May 2024 at The Royal Hospital in Chelsea and it is undoubtedly the perfect place to officially put your best foot forward and step into spring!",
            "body_style": "",
            "copy-color": "#ffffff"
          }
        }
      },
      "block_order": [
        "title_MWgiaJ",
        "text_3DQRmC"
      ],
      "settings": {
        "hero_image": "shopify:\/\/shop_images\/hero-ada-biscuit-bella-sage.jpg",
        "gradient-mobile": "linear-gradient(360deg, rgba(31, 42, 68, 1) 9%, rgba(31, 42, 68, 0) 68%)",
        "gradient-height": 16,
        "gradient-width": 16,
        "gradient-desktop": "linear-gradient(89deg, rgba(33, 37, 68, 0) 0.719%, rgba(31, 42, 68, 0) 32%, rgba(31, 42, 68, 1) 79%)",
        "bg-color": "#1e293a"
      }
    },
    "main": {
      "type": "main-article",
      "disabled": true,
      "settings": {}
    },
    "custom_liquid_wTki8x": {
      "type": "custom-liquid",
      "settings": {
        "custom_liquid": "",
        "color_scheme": "background-1",
        "padding_top": 40,
        "padding_bottom": 0
      }
    },
    "article_main_4ikYLC": {
      "type": "article-main",
      "blocks": {
        "body_text_mMcnTx": {
          "type": "body-text",
          "settings": {
            "body-copy": "<p>Whilst there’s no strict dress code for the event, you’ll no doubt want to dress to impress. So if you’re heading to the world’s greatest flower show to enjoy the displays, Fairfax & Favor can help you look blooming wonderful with our essential guide on what to wear to this year’s Chelsea Flower Show. <\/p>",
            "body-wrap": false,
            "body-color": "text-sg-grey-5",
            "body-style": "body-medium",
            "body-position": "text-center"
          }
        },
        "mid_title_pQHGK8": {
          "type": "mid-title",
          "settings": {
            "mid-title": "Explore botanical prints & colour",
            "title-style": "headline-1",
            "title-position": "text-center",
            "title-color": "#1E293A"
          }
        },
        "body_text_iXiQ6E": {
          "type": "body-text",
          "settings": {
            "body-copy": "<p>As a nod to the nature of the event itself, wearing elegant floral or botanical patterns is an excellent choice when it comes to what to wear to the Chelsea Flower show and making a statement with your choice of outfit. <\/p>",
            "body-wrap": false,
            "body-color": "text-sg-grey-5",
            "body-style": "body-medium",
            "body-position": "text-center"
          }
        },
        "body_text_dxqrqV": {
          "type": "body-text",
          "settings": {
            "body-copy": "<p>Not only can you opt for nature-inspired prints, but light floaty fabrics are a must to truly embrace the new spring season. A linen blend tiered floral dress with a cinched in waist or a dress in a light chiffon fabric would fit in perfectly among the blooms. Alternatively, a patterned blazer over a block colour midi dress can help to liven up a more understated outfit option. From large leafy botanical patterns in bright colours, to subtle floral embellishments, you’re bound to find a print to suit your personal style.<\/p>",
            "body-wrap": false,
            "body-color": "text-sg-grey-5",
            "body-style": "body-medium",
            "body-position": "text-center"
          }
        },
        "body_text_pKrbxN": {
          "type": "body-text",
          "settings": {
            "body-copy": "<p>With your colour palette, take inspiration from your blossoming surroundings at the Chelsea Flower Show and spruce up your usual look with fuschia pinks, pretty lilacs, butter yellows and luscious greens. Go bold with your colour choice by incorporating it into your main outfit as a base colour, or add accents of your favourite bright colour with accessories. This is the ideal occasion to seize summertime style, so leave your darker and heavier fabric clothes at home and have fun with prints! <\/p>",
            "body-wrap": false,
            "body-color": "text-sg-grey-5",
            "body-style": "body-medium",
            "body-position": "text-center"
          }
        },
        "mid_title_FqQdiJ": {
          "type": "mid-title",
          "settings": {
            "mid-title": "Take royal inspiration",
            "title-style": "headline-1",
            "title-position": "text-center",
            "title-color": "#1E293A"
          }
        },
        "body_text_UB3pCR": {
          "type": "body-text",
          "settings": {
            "body-copy": "<p>As this event is popular with the Royal Family, you may want to take hints of style inspiration from the likes of the superbly stylish Princess of Wales. Known for creating looks that are effortless and elegant, make like Kate and opt for a white blouse teamed with tan coloured slacks or culottes. If a plain white blouse doesn’t appeal, a pretty broderie anglaise design or one with intricate embroidery may suit. Teamed with a plaited <a href=\"https:\/\/www.fairfaxandfavor.com\/collections\/womens-belts\"><span style=\"text-decoration:underline\">leather belt<\/span><\/a>, this can bring the whole look together seamlessly. <\/p>",
            "body-wrap": false,
            "body-color": "text-sg-grey-5",
            "body-style": "body-medium",
            "body-position": "text-center"
          }
        },
        "mid_title_mdHFrw": {
          "type": "mid-title",
          "settings": {
            "mid-title": "Feminine footwear",
            "title-style": "headline-1",
            "title-position": "text-center",
            "title-color": "#1E293A"
          }
        },
        "body_text_rtCXnz": {
          "type": "body-text",
          "settings": {
            "body-copy": "<p>In terms of footwear, heeled suede <a href=\"https:\/\/www.fairfaxandfavor.com\/collections\/womens-ankle-boots\"><span style=\"text-decoration:underline\">ankle boots<\/span><\/a> are a superb springtime outfit addition and can add a touch of casual sophistication to your Chelsea Flower Show look. Opt for a tan or blush suede for a versatile finish that can work beautifully with jumpsuits, skirts and dresses alike. Alternatively, you could complement a floaty dress or pleated midi skirt with heeled <a href=\"https:\/\/www.fairfaxandfavor.com\/collections\/heels-and-wedges\"><span style=\"text-decoration:underline\">espadrille wedges<\/span><\/a> to get you in the mood for summer when walking amongst the flower displays. For a cohesive look, consider choosing rattan or straw material accessories, such as a rattan tote bag or straw clutch, to match the refined espadrille design.<\/p>",
            "body-wrap": false,
            "body-color": "text-sg-grey-5",
            "body-style": "body-medium",
            "body-position": "text-center"
          }
        },
        "mid_title_B4Mj79": {
          "type": "mid-title",
          "settings": {
            "mid-title": "Accessories for rain or shine",
            "title-style": "headline-1",
            "title-position": "text-center",
            "title-color": "#1E293A"
          }
        },
        "body_text_kzn7cz": {
          "type": "body-text",
          "settings": {
            "body-copy": "<p>At the show you’ll no doubt be spending most of the day outdoors admiring the gorgeous floral exhibitions, so it's best to be prepared for rain or shine. A wide brimmed sun hat is an ideal accessory which can serve a stylish yet practical purpose when the sun is shining by keeping your face protected and head covered. A straw fedora hat will keep you on track with the upcoming summer trend. Wrap a folded silk scarf around it to add a hint of colour and personality to tie in with the colours of your outfit. It also goes without saying that a pair of chic sunglasses is another essential accessory to have at hand during your visit to the event. <\/p>",
            "body-wrap": false,
            "body-color": "text-sg-grey-5",
            "body-style": "body-medium",
            "body-position": "text-center"
          }
        },
        "body_text_6UCYAa": {
          "type": "body-text",
          "settings": {
            "body-copy": "<p>Be sure to pack a lightweight layer in case of spring showers, or a fine knit cardigan which can be worn over the shoulders within easy reach if it becomes chilly as the day goes on. A small umbrella may also be a welcome addition to your handbag for if the heavens open. <\/p>",
            "body-wrap": false,
            "body-color": "text-sg-grey-5",
            "body-style": "body-medium",
            "body-position": "text-center"
          }
        },
        "mid_title_hUgW6x": {
          "type": "mid-title",
          "settings": {
            "mid-title": "Gentleman’s attire",
            "title-style": "headline-1",
            "title-position": "text-center",
            "title-color": "#1E293A"
          }
        },
        "body_text_D7mqcr": {
          "type": "body-text",
          "settings": {
            "body-copy": "<p>Staying true to the smart casual spirit of the Chelsea Flower show, you’ll want to avoid heavy materials and stick to a light colour palette with breathable fabrics. Gentlemen may want to inject some patterns into their look with a playful gingham shirt, or even with subtle botanical prints, and complete the look with a cream or beige linen suit. A pair of leather or suede <a href=\"https:\/\/www.fairfaxandfavor.com\/collections\/mens-driving-shoes\"><span style=\"text-decoration:underline\">driving shoes<\/span><\/a> can add a casual yet dapper element to your overall look and keep you from presenting as too formal. <\/p>",
            "body-wrap": false,
            "body-color": "text-sg-grey-5",
            "body-style": "body-medium",
            "body-position": "text-center"
          }
        },
        "body_text_Wta3JQ": {
          "type": "body-text",
          "settings": {
            "body-copy": "<p>If you’re into more classic attire, we love a no-nonsense navy suit teamed with a crisp white shirt open at the collar. Add a pop of colour to match the whimsical floral surroundings of the flower show with a brightly coloured satin pocket square. <\/p>",
            "body-wrap": false,
            "body-color": "text-sg-grey-5",
            "body-style": "body-medium",
            "body-position": "text-center"
          }
        },
        "body_text_EJAwFD": {
          "type": "body-text",
          "settings": {
            "body-copy": "<p>With the events calendar filling up quickly for spring and summer, why not explore the Fairfax & Favor collections of luxury footwear and accessories to update your wardrobe? From exquisite leather <a href=\"https:\/\/www.fairfaxandfavor.com\/collections\/womens-bags\"><span style=\"text-decoration:underline\">women’s handbags<\/span><\/a> to expertly designed <a href=\"https:\/\/www.fairfaxandfavor.com\/collections\/mens-footwear\"><span style=\"text-decoration:underline\">men’s shoes<\/span><\/a>, you can rely on us to deliver polished style with every carefully crafted piece.<\/p>",
            "body-wrap": false,
            "body-color": "text-sg-grey-5",
            "body-style": "body-medium",
            "body-position": "text-center"
          }
        }
      },
      "block_order": [
        "body_text_mMcnTx",
        "mid_title_pQHGK8",
        "body_text_iXiQ6E",
        "body_text_dxqrqV",
        "body_text_pKrbxN",
        "mid_title_FqQdiJ",
        "body_text_UB3pCR",
        "mid_title_mdHFrw",
        "body_text_rtCXnz",
        "mid_title_B4Mj79",
        "body_text_kzn7cz",
        "body_text_6UCYAa",
        "mid_title_hUgW6x",
        "body_text_D7mqcr",
        "body_text_Wta3JQ",
        "body_text_EJAwFD"
      ],
      "custom_css": [
        "h4 {color: #ae8a6b; padding: 0 0 1rem 0; text-decoration: underline;}",
        "h5 {color: #ae8a6b; padding: 1rem 0; text-decoration: underline;}",
        "a {color: #ae8a6b; text-decoration: underline;}",
        "h6 {padding-bottom: 0.5rem;}"
      ],
      "settings": {
        "width": "max-w-[873px]"
      }
    },
    "about_us_rwHWga": {
      "type": "about-us",
      "settings": {
        "image": "shopify:\/\/shop_images\/collection-box-octavia-boot-heeled.jpg",
        "geo_location": "GBP, USD, EUR, AUD, CAD",
        "title": "THE CHELTENHAM COLLECTION",
        "description": "Our winning wardrobe heroes are sure to turn heads around the track. Gorgeous gilets, sophisticated capes and premium footwear - behold your new race style favourites.",
        "button_text": "SHOP NOW",
        "width": "faf-container",
        "bg-color": "#1E293A",
        "button_link": "shopify:\/\/collections\/cheltenham-races-outfits",
        "margin_top": "mt-5"
      }
    },
    "related-articles": {
      "type": "related-articles",
      "disabled": true,
      "settings": {}
    }
  },
  "order": [
    "stylised_header_dYp3HW",
    "main",
    "custom_liquid_wTki8x",
    "article_main_4ikYLC",
    "about_us_rwHWga",
    "related-articles"
  ]
}