{
  "sections": {
    "stylised_header_dYp3HW": {
      "type": "stylised-header",
      "blocks": {
        "title_MWgiaJ": {
          "type": "title",
          "settings": {
            "title": "Style Stakes: Get ready for race day",
            "color-from": "#ae8a6b",
            "color-to": "#ae8a6b",
            "custom_css": ""
          }
        },
        "text_3DQRmC": {
          "type": "text",
          "disabled": true,
          "settings": {
            "line-one": "Whether it’s Royal Ascot, Henley Regatta or your best friend’s wedding, take inspiration\nfor the summer season from Fashion Director Nicole Smallwood’s style advice.",
            "body_style": "",
            "copy-color": "#ffffff"
          }
        }
      },
      "block_order": [
        "title_MWgiaJ",
        "text_3DQRmC"
      ],
      "settings": {
        "hero_image": "shopify:\/\/shop_images\/GEORGIA-HER-BLOG.jpg",
        "gradient-mobile": "linear-gradient(360deg, rgba(31, 42, 68, 1) 9%, rgba(31, 42, 68, 0) 68%)",
        "gradient-height": 16,
        "gradient-width": 16,
        "gradient-desktop": "linear-gradient(89deg, rgba(33, 37, 68, 0) 0.719%, rgba(31, 42, 68, 0) 32%, rgba(31, 42, 68, 1) 79%)",
        "bg-color": "#1e293a"
      }
    },
    "main": {
      "type": "main-article",
      "disabled": true,
      "settings": {}
    },
    "article_main_4ikYLC": {
      "type": "article-main",
      "blocks": {
        "body_text_gMMqHf": {
          "type": "body-text",
          "settings": {
            "body-copy": "",
            "body-wrap": false,
            "body-color": "text-sg-grey-5",
            "body-style": "body-medium",
            "body-position": "text-center"
          }
        },
        "mid_title_LKPDNe": {
          "type": "mid-title",
          "disabled": true,
          "settings": {
            "mid-title": "Meet Nicole",
            "title-style": "headline-2",
            "title-position": "text-center",
            "title-color": "#1e293a"
          }
        },
        "body_text_LkLmyd": {
          "type": "body-text",
          "settings": {
            "body-copy": "<p>Whether it’s Royal Ascot, Henley Regatta or your best friend’s wedding, take inspiration<br\/>for the summer season from Fashion Director Nicole <\/p>",
            "body-wrap": false,
            "body-color": "text-sg-grey-5",
            "body-style": "body-medium",
            "body-position": "text-center"
          }
        },
        "body_image_yYH3qB": {
          "type": "body-image",
          "disabled": true,
          "settings": {
            "body-image": "shopify:\/\/shop_images\/1711551616618blob.jpg"
          }
        }
      },
      "block_order": [
        "body_text_gMMqHf",
        "mid_title_LKPDNe",
        "body_text_LkLmyd",
        "body_image_yYH3qB"
      ],
      "settings": {
        "width": "max-w-[873px]"
      }
    },
    "custom_liquid_r4gGwL": {
      "type": "custom-liquid",
      "settings": {
        "custom_liquid": "<div class=\"max-w-[873px] mx-auto\">\n<div class=\"md:grid grid-cols-2\">\n<div class=\"\">\n<img src=\"https:\/\/cdn.shopify.com\/s\/files\/1\/0271\/6001\/files\/1711551616618blob_720x.jpg?v=1714636743\" class=\"\">\n<\/div>\n\n<div class=\"px-2 flex items-center justify-center flex-col\">\n<p class=\"py-2 headline-2 text-center text-sg-navy\">Meet Nicole<\/p>\n<p class=\"pb-2 text-center text-sg-grey-5\">Nicole Smallwood is Fashion Director at Country & Town House Magazine, she’s also a freelance fashion stylist, art director and brand consultant.<\/p>\n<\/div>\n<\/div>\n<\/div>",
        "color_scheme": "background-1",
        "padding_top": 40,
        "padding_bottom": 52
      }
    },
    "article_main_LeBbCM": {
      "type": "article-main",
      "blocks": {
        "mid_title_XrPYwV": {
          "type": "mid-title",
          "settings": {
            "mid-title": "Q&A with Nicole",
            "title-style": "headline-1",
            "title-position": "text-center",
            "title-color": "#1e293a"
          }
        },
        "body_text_rTwmR7": {
          "type": "body-text",
          "settings": {
            "body-copy": "",
            "body-wrap": false,
            "body-color": "text-sg-grey-5",
            "body-style": "body-medium",
            "body-position": "text-center"
          }
        },
        "mid_title_jCHMq7": {
          "type": "mid-title",
          "settings": {
            "mid-title": "Nicole, what was your inspiration for this shoot?",
            "title-style": "headline-6",
            "title-position": "text-center",
            "title-color": "#1e293a"
          }
        },
        "body_text_MVMwx7": {
          "type": "body-text",
          "settings": {
            "body-copy": "<p><em>‘At the beginning, I wanted to create Fairfax & Favor’s own style guide, so it’s loosely based around Ascot and the rules for getting into the enclosures.’ <\/em><\/p>",
            "body-wrap": false,
            "body-color": "text-sg-grey-5",
            "body-style": "body-medium",
            "body-position": "text-center"
          }
        },
        "body_text_4wEakE": {
          "type": "body-text",
          "settings": {
            "body-copy": "",
            "body-wrap": false,
            "body-color": "text-sg-grey-5",
            "body-style": "body-medium",
            "body-position": "text-center"
          }
        }
      },
      "block_order": [
        "mid_title_XrPYwV",
        "body_text_rTwmR7",
        "mid_title_jCHMq7",
        "body_text_MVMwx7",
        "body_text_4wEakE"
      ],
      "custom_css": [
        "h4 {color: #ae8a6b; padding: 0 0 1rem 0; text-decoration: underline;}",
        "h5 {color: #ae8a6b; padding: 1rem 0; text-decoration: underline;}",
        "a {color: #ae8a6b; text-decoration: underline;}",
        "h6 {padding-bottom: 0.5rem;}"
      ],
      "settings": {
        "width": "max-w-[873px]"
      }
    },
    "article_main_zhWfzz": {
      "type": "article-main",
      "blocks": {
        "mid_title_QQ6cf7": {
          "type": "mid-title",
          "settings": {
            "mid-title": "In these outfits, there’s a range of fabrics and textures...",
            "title-style": "headline-6",
            "title-position": "text-center",
            "title-color": "#1e293a"
          }
        },
        "body_text_eqLLTi": {
          "type": "body-text",
          "settings": {
            "body-copy": "<p><em>‘Yes, you wouldn’t necessarily think about sequins for race days, but the sequin dress from Emilia Wickstead is very wearable (see look 5). I love playing with textures, so I like the sequins with the boucle of this great Fairfax & Favor <\/em><a href=\"\/collections\/the-esme\" title=\"The Esme\"><em>Esme jacket<\/em><\/a><em>. And when the sun shines, sequins look amazing.’<br\/><\/em><\/p>",
            "body-wrap": false,
            "body-color": "text-sg-grey-5",
            "body-style": "body-medium",
            "body-position": "text-center"
          }
        },
        "body_text_6Rhyjz": {
          "type": "body-text",
          "settings": {
            "body-copy": "",
            "body-wrap": false,
            "body-color": "text-sg-grey-5",
            "body-style": "body-medium",
            "body-position": "text-center"
          }
        },
        "mid_title_UDmgyH": {
          "type": "mid-title",
          "settings": {
            "mid-title": "Tips if a dress code is required?",
            "title-style": "headline-6",
            "title-position": "text-center",
            "title-color": "#1e293a"
          }
        },
        "body_text_VYdPWH": {
          "type": "body-text",
          "settings": {
            "body-copy": "<p><em>‘Looks four and five were planned with the Royal Enclosure in mind. Ladies must wear a jacket or pashmina, as well as a hat, headpiece or hatinator with a minimum base diameter of 10cm – which look four definitely is!’<\/em><\/p>",
            "body-wrap": false,
            "body-color": "text-sg-grey-5",
            "body-style": "body-medium",
            "body-position": "text-center"
          }
        },
        "body_text_K8Hfgk": {
          "type": "body-text",
          "settings": {
            "body-copy": "",
            "body-wrap": false,
            "body-color": "text-sg-grey-5",
            "body-style": "body-medium",
            "body-position": "text-center"
          }
        }
      },
      "block_order": [
        "mid_title_QQ6cf7",
        "body_text_eqLLTi",
        "body_text_6Rhyjz",
        "mid_title_UDmgyH",
        "body_text_VYdPWH",
        "body_text_K8Hfgk"
      ],
      "settings": {
        "width": "max-w-[873px]"
      }
    },
    "article_main_RabCkN": {
      "type": "article-main",
      "blocks": {
        "mid_title_NYxx4j": {
          "type": "mid-title",
          "settings": {
            "mid-title": "Do you have a favourite look from the shoot?",
            "title-style": "headline-6",
            "title-position": "text-center",
            "title-color": "#1e293a"
          }
        },
        "body_text_HnAMeH": {
          "type": "body-text",
          "settings": {
            "body-copy": "<p><em>‘Looks four, five or six, but I think look four is my favourite!’<\/em><\/p>",
            "body-wrap": false,
            "body-color": "text-sg-grey-5",
            "body-style": "body-medium",
            "body-position": "text-center"
          }
        },
        "body_text_MadE7z": {
          "type": "body-text",
          "settings": {
            "body-copy": "",
            "body-wrap": false,
            "body-color": "text-sg-grey-5",
            "body-style": "body-medium",
            "body-position": "text-center"
          }
        }
      },
      "block_order": [
        "mid_title_NYxx4j",
        "body_text_HnAMeH",
        "body_text_MadE7z"
      ],
      "settings": {
        "width": "max-w-[873px]"
      }
    },
    "article_main_wpCnQD": {
      "type": "article-main",
      "blocks": {
        "mid_title_UQLVhA": {
          "type": "mid-title",
          "settings": {
            "mid-title": "What’s a good approach when shopping event wear?",
            "title-style": "headline-6",
            "title-position": "text-center",
            "title-color": "#1e293a"
          }
        },
        "body_text_aaBpNG": {
          "type": "body-text",
          "settings": {
            "body-copy": "<p><em>‘We’re shopping less for trends and more for premium purchases that we’ll have for longer. You can also rent outfits or buy second hand, and you can reinvent any of these looks and make them your own with accessories.’ <\/em><\/p>",
            "body-wrap": false,
            "body-color": "text-sg-grey-5",
            "body-style": "body-medium",
            "body-position": "text-center"
          }
        },
        "body_text_3fEhrT": {
          "type": "body-text",
          "settings": {
            "body-copy": "",
            "body-wrap": false,
            "body-color": "text-sg-grey-5",
            "body-style": "body-medium",
            "body-position": "text-center"
          }
        },
        "mid_title_KNdQiM": {
          "type": "mid-title",
          "settings": {
            "mid-title": "For events, which bag would you suggest?",
            "title-style": "headline-6",
            "title-position": "text-center",
            "title-color": "#1e293a"
          }
        },
        "body_text_MjCfgU": {
          "type": "body-text",
          "settings": {
            "body-copy": "<p><em>‘Who doesn’t love a crossbody bag?! <\/em><a href=\"\/collections\/the-finsbury\" title=\"The Finsbury\"><em>The Finsbury<\/em><\/a><em> is gorgeous and I like that the chain strap can be taken off. As ladies, we always go for safe black, but this <\/em><a href=\"\/products\/finsbury-cross-body-bag-stone\" title=\"Finsbury - Stone\"><em>Stone<\/em><\/a><em> shade is light for summer with a great tassel (see look 7). This will look lovely in warmer weather. It’s also perfect for travel.’<\/em><\/p>",
            "body-wrap": false,
            "body-color": "text-sg-grey-5",
            "body-style": "body-medium",
            "body-position": "text-center"
          }
        },
        "body_text_EhaY3g": {
          "type": "body-text",
          "settings": {
            "body-copy": "",
            "body-wrap": false,
            "body-color": "text-sg-grey-5",
            "body-style": "body-medium",
            "body-position": "text-center"
          }
        }
      },
      "block_order": [
        "mid_title_UQLVhA",
        "body_text_aaBpNG",
        "body_text_3fEhrT",
        "mid_title_KNdQiM",
        "body_text_MjCfgU",
        "body_text_EhaY3g"
      ],
      "settings": {
        "width": "max-w-[873px]"
      }
    },
    "article_main_WAw8FD": {
      "type": "article-main",
      "blocks": {
        "mid_title_yBArQe": {
          "type": "mid-title",
          "settings": {
            "mid-title": "What tips do you have for planning looks?",
            "title-style": "headline-6",
            "title-position": "text-center",
            "title-color": "#1e293a"
          }
        },
        "body_text_dkmEhq": {
          "type": "body-text",
          "settings": {
            "body-copy": "<p><em>‘Brits can be quite safe but it’s good to express yourself. The footwear you wear, the clothes you choose, they’re all part of you. Whether it’s the races, a friend’s garden party or the polo, get ready and have fun.’<\/em><\/p>",
            "body-wrap": false,
            "body-color": "text-sg-grey-5",
            "body-style": "body-medium",
            "body-position": "text-center"
          }
        },
        "body_text_jdVL3R": {
          "type": "body-text",
          "settings": {
            "body-copy": "",
            "body-wrap": false,
            "body-color": "text-sg-grey-5",
            "body-style": "body-medium",
            "body-position": "text-center"
          }
        }
      },
      "block_order": [
        "mid_title_yBArQe",
        "body_text_dkmEhq",
        "body_text_jdVL3R"
      ],
      "settings": {
        "width": "max-w-[873px]"
      }
    },
    "article_main_YVxUt3": {
      "type": "article-main",
      "blocks": {
        "mid_title_TJkBJw": {
          "type": "mid-title",
          "settings": {
            "mid-title": "Best approach if you’re new to wearing hats?",
            "title-style": "headline-6",
            "title-position": "text-center",
            "title-color": "#1e293a"
          }
        },
        "body_text_CXryzM": {
          "type": "body-text",
          "settings": {
            "body-copy": "<p><em>‘Try a lot on! Go somewhere like Awon Golding or Lock & Co. The hat in look two is an Awon hat, I love her colour, shape and traditional style and the net has stars on it! She’s a genius, as is Victoria Grant (look 4). Also, Emily London (look 6) has done a range with Karen Millen.’<\/em><\/p>",
            "body-wrap": false,
            "body-color": "text-sg-grey-5",
            "body-style": "body-medium",
            "body-position": "text-center"
          }
        },
        "body_text_aNUXyp": {
          "type": "body-text",
          "settings": {
            "body-copy": "",
            "body-wrap": false,
            "body-color": "text-sg-grey-5",
            "body-style": "body-medium",
            "body-position": "text-center"
          }
        }
      },
      "block_order": [
        "mid_title_TJkBJw",
        "body_text_CXryzM",
        "body_text_aNUXyp"
      ],
      "settings": {
        "width": "max-w-[873px]"
      }
    },
    "article_main_ttypFT": {
      "type": "article-main",
      "blocks": {
        "mid_title_J86xCY": {
          "type": "mid-title",
          "settings": {
            "mid-title": "What’s your advice for getting ready for a special event?",
            "title-style": "headline-6",
            "title-position": "text-center",
            "title-color": "#1e293a"
          }
        },
        "body_text_j6MkiR": {
          "type": "body-text",
          "settings": {
            "body-copy": "<p><em>‘Dress to your figure shape and don’t be a slave to fashion. As you get to know your figure, you’ll find the confidence to try new things on and appreciate if they don’t work.’<br\/><\/em><\/p>",
            "body-wrap": false,
            "body-color": "text-sg-grey-5",
            "body-style": "body-medium",
            "body-position": "text-center"
          }
        },
        "body_text_QYnjH4": {
          "type": "body-text",
          "settings": {
            "body-copy": "",
            "body-wrap": false,
            "body-color": "text-sg-grey-5",
            "body-style": "body-medium",
            "body-position": "text-center"
          }
        }
      },
      "block_order": [
        "mid_title_J86xCY",
        "body_text_j6MkiR",
        "body_text_QYnjH4"
      ],
      "settings": {
        "width": "max-w-[873px]"
      }
    },
    "article_main_JRFr6V": {
      "type": "article-main",
      "blocks": {
        "mid_title_3BcjFz": {
          "type": "mid-title",
          "settings": {
            "mid-title": "With the rural vogue scene, which are the occasions to dress up for?",
            "title-style": "headline-6",
            "title-position": "text-center",
            "title-color": "#1e293a"
          }
        },
        "body_text_6eEqET": {
          "type": "body-text",
          "settings": {
            "body-copy": "<p><em>‘Ascot, Henley and Wimbledon. For some events, it depends whether you can get a ticket. At the races, I think you see that different age groups will be in different areas. And for the Royal Box, you have to be invited. So younger people will probably be in The Village, but there is always something for everyone!’<\/em><\/p>",
            "body-wrap": false,
            "body-color": "text-sg-grey-5",
            "body-style": "body-medium",
            "body-position": "text-center"
          }
        },
        "body_text_3fUdTp": {
          "type": "body-text",
          "settings": {
            "body-copy": "",
            "body-wrap": false,
            "body-color": "text-sg-grey-5",
            "body-style": "body-medium",
            "body-position": "text-center"
          }
        }
      },
      "block_order": [
        "mid_title_3BcjFz",
        "body_text_6eEqET",
        "body_text_3fUdTp"
      ],
      "settings": {
        "width": "max-w-[873px]"
      }
    },
    "custom_liquid_PDkPNk": {
      "type": "custom-liquid",
      "settings": {
        "custom_liquid": "<div class=\"max-w-[873px] mx-auto\">\n<div class=\"border-b border-grey-5 mx-auto\"><\/div>\n<\/div>",
        "color_scheme": "background-1",
        "padding_top": 40,
        "padding_bottom": 52
      }
    },
    "article_main_CWjd7r": {
      "type": "article-main",
      "blocks": {
        "mid_title_YzJtqa": {
          "type": "mid-title",
          "settings": {
            "mid-title": "THE ULTIMATE RACE-DAY OUTFITS",
            "title-style": "headline-1",
            "title-position": "text-center",
            "title-color": "#1e293a"
          }
        },
        "body_text_fBtf6e": {
          "type": "body-text",
          "settings": {
            "body-copy": "<p>Nicole takes us through her styling for race days, from Cheltenham to Ascot, on our SS24 campaign shoot.<\/p>",
            "body-wrap": false,
            "body-color": "text-sg-grey-5",
            "body-style": "body-medium",
            "body-position": "text-center"
          }
        },
        "mid_title_TpaWTQ": {
          "type": "mid-title",
          "settings": {
            "mid-title": "1. Chic from head to toe",
            "title-style": "headline-2",
            "title-position": "text-center",
            "title-color": "#1e293a"
          }
        },
        "body_text_UBeY6N": {
          "type": "body-text",
          "settings": {
            "body-copy": "<p>Nicole Smallwood: ‘This look has quite a Cheltenham vibe; a jumpsuit, chic <a href=\"\/products\/the-victoria-wool-jacket-biscuit\" target=\"_blank\" title=\"Victoria Jacket - Biscuit\">tailored jacket<\/a> with <a href=\"\/products\/the-quilted-york-heel-navy-velvet\" title=\"York - Navy Quilted Velvet\">quilted velvet York heels<\/a>. The headband is a great hat alternative.’<\/p>",
            "body-wrap": false,
            "body-color": "text-sg-grey-5",
            "body-style": "body-medium",
            "body-position": "text-center"
          }
        },
        "body_image_iUycHj": {
          "type": "body-image",
          "settings": {
            "body-image": "shopify:\/\/shop_images\/collection-victoria-jacket-clutch-melon-york-heels.webp"
          }
        }
      },
      "block_order": [
        "mid_title_YzJtqa",
        "body_text_fBtf6e",
        "mid_title_TpaWTQ",
        "body_text_UBeY6N",
        "body_image_iUycHj"
      ],
      "settings": {
        "width": "max-w-[873px]"
      }
    },
    "article_main_3cTcLr": {
      "type": "article-main",
      "blocks": {
        "mid_title_DJQqha": {
          "type": "mid-title",
          "settings": {
            "mid-title": "2. Go back to black",
            "title-style": "headline-3",
            "title-position": "text-center",
            "title-color": "#1e293a"
          }
        },
        "body_text_QkpJ87": {
          "type": "body-text",
          "settings": {
            "body-copy": "<p>NS: ‘This simple and striking monochromatic look pairs the <a href=\"\/products\/finsbury-clutch-bag-stone\" title=\"Finsbury Clutch - Stone\">Finsbury clutch<\/a> with <a href=\"\/products\/sorrento-wedge-black-suede\" title=\"Sorrento - Black Suede\">Sorrento wedge<\/a> and a race-day ready hat.’<\/p>",
            "body-wrap": false,
            "body-color": "text-sg-grey-5",
            "body-style": "body-medium",
            "body-position": "text-center"
          }
        },
        "body_image_NATdJj": {
          "type": "body-image",
          "settings": {
            "body-image": "shopify:\/\/shop_images\/collection-newbury-wedge-sorrento--finsbury-clutch-stone.webp"
          }
        }
      },
      "block_order": [
        "mid_title_DJQqha",
        "body_text_QkpJ87",
        "body_image_NATdJj"
      ],
      "settings": {
        "width": "max-w-[873px]"
      }
    },
    "article_main_Ck8UVD": {
      "type": "article-main",
      "blocks": {
        "mid_title_nwmgin": {
          "type": "mid-title",
          "settings": {
            "mid-title": "3. Be confident with colour",
            "title-style": "headline-3",
            "title-position": "text-center",
            "title-color": "#1e293a"
          }
        },
        "body_text_wPbgwR": {
          "type": "body-text",
          "settings": {
            "body-copy": "<p>NS: ‘The <a href=\"\/products\/sorrento-wedge-tan-suede\" title=\"Sorrento - Tan Suede\">Sorrento wedge<\/a> and <a href=\"\/products\/the-finsbury-clutch-navy\" title=\"Finsbury Clutch - Navy\">Finsbury clutch<\/a> add to this dress and chic <a href=\"\/products\/the-esme-boucle-jacket-ecru\" title=\"Esme Boucle Jacket - Ecru\">Esme jacket<\/a>. For men wearing a suit, these <a href=\"\/products\/the-chelsea-pine-green\" title=\"Chelsea - Pine Green Suede\">pine green Chelsea boot<\/a>s accentuate the jacket and add character.’<\/p>",
            "body-wrap": false,
            "body-color": "text-sg-grey-5",
            "body-style": "body-medium",
            "body-position": "text-center"
          }
        },
        "body_image_qmNzaH": {
          "type": "body-image",
          "settings": {
            "body-image": "shopify:\/\/shop_images\/collection-esme-jacket-men-both-chelsea-newbury-heel-finsbury-clutch.webp"
          }
        }
      },
      "block_order": [
        "mid_title_nwmgin",
        "body_text_wPbgwR",
        "body_image_qmNzaH"
      ],
      "settings": {
        "width": "max-w-[873px]"
      }
    },
    "article_main_Mbqe9d": {
      "type": "article-main",
      "blocks": {
        "mid_title_mVkLwJ": {
          "type": "mid-title",
          "settings": {
            "mid-title": "4. Perfect pairings",
            "title-style": "headline-3",
            "title-position": "text-center",
            "title-color": "#1e293a"
          }
        },
        "body_text_YcwMGc": {
          "type": "body-text",
          "settings": {
            "body-copy": "<p>NS: ‘This is such an elegant look! The hat is see-through so it doesn’t detract from the rest of the outfit. <a href=\"\/products\/newbury-heel-tan-navy\" title=\"Newbury Heel - Tan & Navy Suede\">The Newbury heel<\/a> is a matching tan suede, so the <a href=\"\/products\/the-mini-belmont-tan-suede\" title=\"Mini Belmont - Tan Suede\">Mini Belmont bag<\/a> doesn’t feel out on a limb.’<\/p>",
            "body-wrap": false,
            "body-color": "text-sg-grey-5",
            "body-style": "body-medium",
            "body-position": "text-center"
          }
        },
        "body_image_bUbAge": {
          "type": "body-image",
          "settings": {
            "body-image": "shopify:\/\/shop_images\/ollection-newbury-heel-belmont-crossbody-esme-jacket.webp"
          }
        }
      },
      "block_order": [
        "mid_title_mVkLwJ",
        "body_text_YcwMGc",
        "body_image_bUbAge"
      ],
      "settings": {
        "width": "max-w-[873px]"
      }
    },
    "article_main_kViaFk": {
      "type": "article-main",
      "blocks": {
        "mid_title_Wrjppc": {
          "type": "mid-title",
          "settings": {
            "mid-title": "5. It’s time to shine",
            "title-style": "headline-3",
            "title-position": "text-center",
            "title-color": "#1e293a"
          }
        },
        "body_text_VVrLfe": {
          "type": "body-text",
          "settings": {
            "body-copy": "<p>NS: ‘This sequin dress (from Emilia Wickstead) looks lovely with the navy <a href=\"\/products\/the-esme-boucle-jacket-navy\" title=\"Esme Boucle Jacket - Navy\">Esme boucle jacket<\/a>. It’s a demure shape and it allows the Loxley bag to sing.’<\/p>",
            "body-wrap": false,
            "body-color": "text-sg-grey-5",
            "body-style": "body-medium",
            "body-position": "text-center"
          }
        },
        "body_image_wzH3pr": {
          "type": "body-image",
          "settings": {
            "body-image": "shopify:\/\/shop_images\/collection-newbury-heel-mini-loxley-stone-esme-jacket.webp"
          }
        }
      },
      "block_order": [
        "mid_title_Wrjppc",
        "body_text_VVrLfe",
        "body_image_wzH3pr"
      ],
      "settings": {
        "width": "max-w-[873px]"
      }
    },
    "article_main_7nceFe": {
      "type": "article-main",
      "blocks": {
        "mid_title_e3XRgf": {
          "type": "mid-title",
          "settings": {
            "mid-title": "6. Blazer trail",
            "title-style": "headline-3",
            "title-position": "text-center",
            "title-color": "#1e293a"
          }
        },
        "body_text_iVi6TR": {
          "type": "body-text",
          "settings": {
            "body-copy": "<p>NS: ‘A tulle skirt could be a real Sarah Jessica Parker moment! It looks great with the<a href=\"\/products\/the-beatrice-cotton-blazer-ecru\" title=\"Beatrice - Ecru Cotton\"> Beatrice blazer<\/a>. The <a href=\"\/collections\/the-langham-collection\" title=\"Langham Collection\">Langham clutch<\/a> or <a href=\"\/collections\/the-belmont-collection\" title=\"Belmont Collection\">Mini Belmont bag<\/a> would also work well. The hat and <a href=\"\/products\/newbury-heel-tan-navy-white\" title=\"Newbury Heel - Tan, Navy & Cream Weave\">Newbury heels<\/a> finish the look!’<\/p>",
            "body-wrap": false,
            "body-color": "text-sg-grey-5",
            "body-style": "body-medium",
            "body-position": "text-center"
          }
        },
        "body_image_86QneF": {
          "type": "body-image",
          "settings": {
            "body-image": "shopify:\/\/shop_images\/collection-newbury-heel-beatrice-blazer_all.webp"
          }
        }
      },
      "block_order": [
        "mid_title_e3XRgf",
        "body_text_iVi6TR",
        "body_image_86QneF"
      ],
      "settings": {
        "width": "max-w-[873px]"
      }
    },
    "article_main_z7mMBW": {
      "type": "article-main",
      "blocks": {
        "mid_title_U86HdE": {
          "type": "mid-title",
          "settings": {
            "mid-title": "7. Think pink",
            "title-style": "headline-3",
            "title-position": "text-center",
            "title-color": "#1e293a"
          }
        },
        "body_text_QNyzf8": {
          "type": "body-text",
          "settings": {
            "body-copy": "<p>NS: ‘I’ve worn pink to the races before and I based this look on how it made me feel! This dress style is great for summer  ccasions. And the <a href=\"\/products\/finsbury-cross-body-bag-stone\" title=\"Finsbury - Stone\">Finsbury bag<\/a> is ideal for events throughout the season.’<\/p>",
            "body-wrap": false,
            "body-color": "text-sg-grey-5",
            "body-style": "body-medium",
            "body-position": "text-center"
          }
        },
        "body_image_zMcGGr": {
          "type": "body-image",
          "settings": {
            "body-image": "shopify:\/\/shop_images\/collection-both-balmoral-wedge-florence-finsbury-cross.webp"
          }
        }
      },
      "block_order": [
        "mid_title_U86HdE",
        "body_text_QNyzf8",
        "body_image_zMcGGr"
      ],
      "settings": {
        "width": "max-w-[873px]"
      }
    },
    "article_main_GgxppW": {
      "type": "article-main",
      "blocks": {
        "body_text_mtAacV": {
          "type": "body-text",
          "settings": {
            "body-copy": "<p><em>Special thanks to the <\/em><a href=\"https:\/\/www.nhrm.co.uk\/\" target=\"_blank\" title=\"https:\/\/www.nhrm.co.uk\/\"><em>National Horse Racing Museum in Newmarket<\/em><\/a><em> for letting us photograph our Spring collections. <\/em><\/p>",
            "body-wrap": false,
            "body-color": "text-sg-gold",
            "body-style": "body-x-small",
            "body-position": "text-center"
          }
        }
      },
      "block_order": [
        "body_text_mtAacV"
      ],
      "settings": {
        "width": "max-w-[873px]"
      }
    },
    "custom_liquid_ar3gPQ": {
      "type": "custom-liquid",
      "disabled": true,
      "settings": {
        "custom_liquid": "",
        "color_scheme": "background-1",
        "padding_top": 40,
        "padding_bottom": 0
      }
    },
    "about_us_A4mCD9": {
      "type": "about-us",
      "disabled": true,
      "settings": {
        "image": "shopify:\/\/shop_images\/New-3.jpg",
        "geo_location": "GBP USD AUD CAD EUR",
        "title": "The Fringe Collection",
        "description": "For further fashion inspiration, keep an eye on the latest Fairfax & Favor clothing collections which are updated regularly with carefully curated pieces you’re bound to love.",
        "button_text": "SHOP NOW",
        "width": "faf-container",
        "bg-color": "#1E293A",
        "button_link": "shopify:\/\/collections\/new-arrivals",
        "margin_top": "mt-0"
      }
    },
    "related-articles": {
      "type": "related-articles",
      "disabled": true,
      "settings": {}
    }
  },
  "order": [
    "stylised_header_dYp3HW",
    "main",
    "article_main_4ikYLC",
    "custom_liquid_r4gGwL",
    "article_main_LeBbCM",
    "article_main_zhWfzz",
    "article_main_RabCkN",
    "article_main_wpCnQD",
    "article_main_WAw8FD",
    "article_main_YVxUt3",
    "article_main_ttypFT",
    "article_main_JRFr6V",
    "custom_liquid_PDkPNk",
    "article_main_CWjd7r",
    "article_main_3cTcLr",
    "article_main_Ck8UVD",
    "article_main_Mbqe9d",
    "article_main_kViaFk",
    "article_main_7nceFe",
    "article_main_z7mMBW",
    "article_main_GgxppW",
    "custom_liquid_ar3gPQ",
    "about_us_A4mCD9",
    "related-articles"
  ]
}