{
  "sections": {
    "b6c868ee-bd8b-439d-a02e-505fa82d99d1": {
      "type": "stylised-header",
      "blocks": {
        "d7070ee9-070e-4753-a84f-25bcea1a325c": {
          "type": "title",
          "settings": {
            "title": "DISCOVERING THE HEART OF THE PEAK DISTRICT WITH FAIRFAX AND FAVOR",
            "color-from": "#AE8A6B",
            "color-to": "#ffffff",
            "custom_css": ""
          }
        },
        "5b1743e1-1fcf-40ee-b012-deff41331bb0": {
          "type": "text",
          "settings": {
            "line-one": "Forget your standard travel guides; this is a journey through Bakewell, the gem of the Peak District, tailored for the discerning Fairfax & Favor aficionado. \n<br><br>\nSo, zip up those Explorers and let's dive into the first ever National Park in the UK, specifically its quaint market town and surrounds, where history meets style meets… you!",
            "body_style": "",
            "copy-color": "#ffffff"
          }
        }
      },
      "block_order": [
        "d7070ee9-070e-4753-a84f-25bcea1a325c",
        "5b1743e1-1fcf-40ee-b012-deff41331bb0"
      ],
      "settings": {
        "hero_image": "shopify:\/\/shop_images\/DSC02006.png",
        "gradient-mobile": "linear-gradient(360deg, rgba(27, 35, 54, 1) 9%, rgba(31, 42, 68, 0) 68%)",
        "gradient-height": 8,
        "gradient-width": 16,
        "gradient-desktop": "linear-gradient(89deg, rgba(33, 37, 68, 0) 0.719%, rgba(31, 42, 68, 0) 32%, rgba(27, 35, 54, 1) 79%)",
        "bg-color": "#1b2336"
      }
    },
    "0ca16edf-c6da-4626-bd81-73180c075b20": {
      "type": "custom-liquid",
      "settings": {
        "custom_liquid": "",
        "color_scheme": "background-1",
        "padding_top": 12,
        "padding_bottom": 24
      }
    },
    "8342365c-05c5-4b6a-a68f-8cd68d02fff6": {
      "type": "article-main",
      "blocks": {
        "d9185836-4e31-46f8-ac66-a8d3f9625c9e": {
          "type": "body-image",
          "settings": {
            "body-image": "shopify:\/\/shop_images\/DSC01970.jpg"
          }
        },
        "d6df4cac-5c2c-4a16-b92d-dec7d4c062c7": {
          "type": "mid-title",
          "settings": {
            "mid-title": "1. THE FAIRFAX & FAVOR STORE IN BAKEWELL'S HISTORIC TOWN HALL",
            "title-style": "headline-1",
            "title-position": "text-center",
            "title-color": "#1E293A"
          }
        },
        "6b4b0d31-f48b-4952-b66d-f1b8c2998e0c": {
          "type": "body-text",
          "settings": {
            "body-copy": "<p>Our Peak District journey starts at the Fairfax and Favor store, of course. The brand-new Bakewell store is nestled in the Old Town Hall, a gorgeous two-story stone building with a history reaching back to 1602. Here, you can indulge in our latest collections, book a private shopping experience, or stare longingly at your favourite shoes in front of your significant other. Christmas is just around the corner, after all. <\/p>",
            "body-wrap": false,
            "body-color": "text-sg-grey-5",
            "body-style": "body-medium",
            "body-position": "text-center"
          }
        },
        "1da1042d-d916-473b-87df-37fc710e11c7": {
          "type": "body-text",
          "settings": {
            "body-copy": "<p>And if your friends or family need a distraction whilst you ‘Fairfax & Favor’ away the day, the <a href=\"https:\/\/www.oldhousemuseum.org.uk\/\" title=\"https:\/\/www.oldhousemuseum.org.uk\/\">Old House Museum<\/a> is just a few steps uphill. Open from late March to early November, this tax collector’s cottage turned mill worker’s abode is now a delightful interactive museum. <\/p>",
            "body-wrap": false,
            "body-color": "text-sg-grey-5",
            "body-style": "body-medium",
            "body-position": "text-center"
          }
        },
        "b0159878-87bb-4f69-8f6c-be134221be35": {
          "type": "body-text",
          "settings": {
            "body-copy": "<p><em>Fairfax & Favor Match: Whichever item brings you the most joy in store on the day.  <\/em><\/p>",
            "body-wrap": true,
            "body-color": "text-sg-grey-5",
            "body-style": "body-medium",
            "body-position": "text-center"
          }
        },
        "94981e19-bc9d-44b3-a619-31a338d56d64": {
          "type": "body-image",
          "settings": {
            "body-image": "shopify:\/\/shop_images\/DSC02728.png"
          }
        },
        "65ca31a7-1119-4781-90d9-8369877c9165": {
          "type": "mid-title",
          "settings": {
            "mid-title": "2. NIBBLE YOUR WAY THROUGH THE NOOKS AND CRANNIES OF BAKEWELL",
            "title-style": "headline-1",
            "title-position": "text-center",
            "title-color": "#1E293A"
          }
        },
        "ba65d800-6031-4e2b-abd1-d948dd7d175c": {
          "type": "body-text",
          "settings": {
            "body-copy": "<p>Bakewell is a treasure trove of antiquities, quaint tea shops, and spots to enjoy the famous Bakewell Pudding (not to be confused with a tart!). Whilst legend has it that this pudding was, in fact, created by mistake, today both <a href=\"https:\/\/www.bloomersofbakewell.co.uk\/\" title=\"https:\/\/www.bloomersofbakewell.co.uk\/\">Bloomers<\/a> and the <a href=\"https:\/\/www.bakewellpuddingshop.co.uk\/\" title=\"https:\/\/www.bakewellpuddingshop.co.uk\/\">Old Original Bakewell Pudding Shop<\/a> claim to have the original recipe… so the only logical thing to do, of course, is to try both and compare. Perhaps twice. <\/p>",
            "body-wrap": false,
            "body-color": "text-sg-grey-5",
            "body-style": "body-medium",
            "body-position": "text-center"
          }
        },
        "e89a822b-be0a-4c99-97a0-5d030757ef01": {
          "type": "body-text",
          "settings": {
            "body-copy": "<p>Meanwhile, if you are looking for a cosy escape from the weather after a successful Fairfax & Favor store visit, the <a href=\"https:\/\/rutlandarmsbakewell.co.uk\/\" title=\"https:\/\/rutlandarmsbakewell.co.uk\/\">Rutland Arms Hotel<\/a> does a fabulous afternoon tea and excellent coffee, and the <a href=\"https:\/\/www.thelambtonlarder.co.uk\/\" title=\"https:\/\/www.thelambtonlarder.co.uk\/\">Lambton Larder<\/a> is a must-visit for fresh, local treats, which you can eat in or take away in a giant hamper.  <\/p>",
            "body-wrap": false,
            "body-color": "text-sg-grey-5",
            "body-style": "body-medium",
            "body-position": "text-center"
          }
        },
        "d863952e-19d4-429f-8dc4-27d8049033e6": {
          "type": "body-text",
          "settings": {
            "body-copy": "<p><em>Fairfax & Favor Match: <\/em><a href=\"\/products\/the-heeled-regina-plum-suede-regular-fit\" title=\"\/products\/the-heeled-regina-plum-suede-regular-fit\"><em>Plum-heeled Regina<\/em><\/a><em> with <\/em><a href=\"\/products\/pair-of-snowflake-charm-tassels-navy-gold-suede\" title=\"\/products\/pair-of-snowflake-charm-tassels-navy-gold-suede\"><em>Snowflake charm tassels<\/em><\/a><em> and the <\/em><a href=\"\/products\/the-elizabeth-gilet-tan\" title=\"\/products\/the-elizabeth-gilet-tan\"><em>Elizabeth gilet<\/em><\/a><em> – who says you can’t be stylish and cosy?<\/em><\/p>",
            "body-wrap": true,
            "body-color": "text-sg-grey-5",
            "body-style": "body-medium",
            "body-position": "text-center"
          }
        },
        "5d82f080-448f-437b-ab49-505f91b9fa17": {
          "type": "body-image",
          "settings": {
            "body-image": "shopify:\/\/shop_images\/DSC02809.jpg"
          }
        },
        "e12e422a-497b-4ebe-b62a-30b29d740746": {
          "type": "mid-title",
          "settings": {
            "mid-title": "3. ICONIC BRIDGES AND A VISIT TO BAKEWELL’S VISITOR CENTRE",
            "title-style": "headline-1",
            "title-position": "text-center",
            "title-color": "#1E293A"
          }
        },
        "e7dff328-41f5-401f-8a14-08dece47489c": {
          "type": "body-text",
          "settings": {
            "body-copy": "<p>A ‘gephyrophile’ is a person who has the compulsion to cross bridges. A ‘pontist’ is someone who is very enthusiastic about bridges. A ‘tourist’ is someone who is both of the above… but only on holiday. What is it about bridges when you are exploring somewhere new? <\/p>",
            "body-wrap": false,
            "body-color": "text-sg-grey-5",
            "body-style": "body-medium",
            "body-position": "text-center"
          }
        },
        "2cca1572-757f-4267-bdc1-d5d274a3b621": {
          "type": "body-text",
          "settings": {
            "body-copy": "<p>Bakewell is the ideal location for pontists and tourists alike, as some of Bakewell’s most defining and memorable features are the tranquil River Wye and the many bridges from which to cross it. Stroll to the <a href=\"https:\/\/places.wishful-thinking.org.uk\/DBY\/Bakewell\/Bridge.html\" title=\"https:\/\/places.wishful-thinking.org.uk\/DBY\/Bakewell\/Bridge.html\">Bakewell Bridge<\/a>, a 14th-century stone arch marvel, and don't miss the <a href=\"https:\/\/www.whatsonbakewell.co.uk\/local-information\/love-lock-bridge\" title=\"https:\/\/www.whatsonbakewell.co.uk\/local-information\/love-lock-bridge\">Love Lock Bridge<\/a> (grab a padlock from the cobbler in Matlock Street if you wish to). The <a href=\"https:\/\/visitpeakdistrict.com\/business-directory\/bakewell-visitor-centre\" title=\"https:\/\/visitpeakdistrict.com\/business-directory\/bakewell-visitor-centre\">Visitor Centre<\/a>, housed in the original market hall, is a great starting point, especially on Mondays, which are market days. <\/p>",
            "body-wrap": false,
            "body-color": "text-sg-grey-5",
            "body-style": "body-medium",
            "body-position": "text-center"
          }
        },
        "dc0aa979-f449-4f90-93aa-cb87c6f09883": {
          "type": "body-text",
          "settings": {
            "body-copy": "<p><em>Fairfax & Favor Match: <\/em><a href=\"\/products\/the-sienna-cape-navy\" title=\"\/products\/the-sienna-cape-navy\"><em>Sienna wool cape<\/em><\/a><em> with S<\/em><a href=\"\/products\/the-regina-shearling-chocolate\" title=\"The Shearling Lined Regina (Regular Fit) - Chocolate Nubuck\"><em>hearling Lined Reginas <\/em><\/a><em>– for a little medieval drama with your modern style. <\/em><\/p>",
            "body-wrap": true,
            "body-color": "text-sg-grey-5",
            "body-style": "body-medium",
            "body-position": "text-center"
          }
        },
        "34641f4a-5ce8-4bf2-bf1b-1b5b06d91792": {
          "type": "body-image",
          "settings": {
            "body-image": "shopify:\/\/shop_images\/DSC02136.jpg"
          }
        },
        "a6e299c3-386c-496c-af95-444230bcd44f": {
          "type": "mid-title",
          "settings": {
            "mid-title": "5. SAY YEAST: THORNBRIDGE BREWERY AND WYE BAKERY",
            "title-style": "headline-1",
            "title-position": "text-center",
            "title-color": "#1E293A"
          }
        },
        "e3b15faf-75ac-4807-ab5f-25dfdc04f404": {
          "type": "body-text",
          "settings": {
            "body-copy": "<p>Bread and beer are made from different strains of the same yeast species (Saccharomyces cerevisiae, though we’re slightly embarrassed to know this), so it’s not just you who thinks they make an excellent combination. Nature made them as a matching set, sort of like boots and tassels. <br\/><\/p>",
            "body-wrap": false,
            "body-color": "text-sg-grey-5",
            "body-style": "body-medium",
            "body-position": "text-center"
          }
        },
        "f4daf914-6f62-4f6c-b580-f0d75059cd73": {
          "type": "body-text",
          "settings": {
            "body-copy": "<p>Just a stone's throw from the town centre, the <a href=\"https:\/\/thornbridgebrewery.co.uk\/?utm_campaign=gs-2022-01-14&utm_source=google&utm_medium=smart_campaign&gad_source=1&gclid=CjwKCAiApuCrBhAuEiwA8VJ6Jl4UD6Q0Xin0pyuIKCWCFXyquH0qJ4t_8UTs8Jlxj-mo_l2jbTJHORoCIEwQAvD_BwE\" title=\"https:\/\/thornbridgebrewery.co.uk\/?utm_campaign=gs-2022-01-14&utm_source=google&utm_medium=smart_campaign&gad_source=1&gclid=CjwKCAiApuCrBhAuEiwA8VJ6Jl4UD6Q0Xin0pyuIKCWCFXyquH0qJ4t_8UTs8Jlxj-mo_l2jbTJHORoCIEwQAvD_BwE\">Thornbridge Brewery <\/a>awaits. Pre-book a tour, enjoy their popular tap room, and if you're a fan of beer and pizza, you're in for a treat. Nearby, the <a href=\"https:\/\/saucedhere.co.uk\/d\/Wye_Bakehouse\/55d844462a4044719d913c0a7cbcf37b\/\" title=\"https:\/\/saucedhere.co.uk\/d\/Wye_Bakehouse\/55d844462a4044719d913c0a7cbcf37b\/\">Wye Bakehouse<\/a> offers delectable sourdoughs, pastries, and coffee, a local favourite from Wednesday to Sunday.<\/p>",
            "body-wrap": false,
            "body-color": "text-sg-grey-5",
            "body-style": "body-medium",
            "body-position": "text-center"
          }
        },
        "4cc92742-9549-4b2a-a329-da0f20a9adda": {
          "type": "body-text",
          "settings": {
            "body-copy": "<p><em>Fairfax & Favor Match: <\/em><a href=\"\/products\/the-quilted-chiswick-ankle-boot-tan-suede\" title=\"The Chiswick - Quilted Tan Suede\"><em>Quilted Chiswick ankle boot<\/em><\/a><em> with <\/em><a href=\"\/products\/the-madeline-wool-gilet-navy-velvet\" title=\"The Madeline Gilet - Navy Velvet\"><em>Navy Velvet Madeleine gilet<\/em><\/a><em> – country glamour at its finest.<\/em><\/p>",
            "body-wrap": true,
            "body-color": "text-sg-grey-5",
            "body-style": "body-medium",
            "body-position": "text-center"
          }
        },
        "ed3aa7ef-2d0f-40fc-a739-15a3b7741d55": {
          "type": "body-image",
          "settings": {
            "body-image": "shopify:\/\/shop_images\/Chatsworth.jpg"
          }
        },
        "89faa5d8-fc9e-46ae-90ca-cf06e79ef3f8": {
          "type": "mid-title",
          "settings": {
            "mid-title": "4. THE JANES: CHATSWORTH HOUSE AND HADDON HALL",
            "title-style": "headline-1",
            "title-position": "text-center",
            "title-color": "#1E293A"
          }
        },
        "eeb73f39-893d-4546-bb76-fec24b679cfa": {
          "type": "body-text",
          "settings": {
            "body-copy": "<p>Just a short drive from Bakewell, Chatsworth is the largest privately owned house in the UK. Chatsworth has over 25 rooms to explore, each filled with 4,000 years of art, from ancient Roman and Egyptian sculptures to masterpieces by artists ranging from Rembrandt to David Nash. <\/p>",
            "body-wrap": false,
            "body-color": "text-sg-grey-5",
            "body-style": "body-medium",
            "body-position": "text-center"
          }
        },
        "a0c347b3-44d8-40fc-b7c1-2d7a2f1c0db7": {
          "type": "body-text",
          "settings": {
            "body-copy": "<p>Chatsworth House was the inspiration for Jane Austen’s Pemberley House in Pride and Prejudice, which means it is as close as you can geographically get to Mr Darcy in the real world. Whilst (sadly) Colin Firth is unlikely to emerge from the river these days, there is still much to entertain, including the May Horse Trials and the September Country Fair.<\/p>",
            "body-wrap": false,
            "body-color": "text-sg-grey-5",
            "body-style": "body-medium",
            "body-position": "text-center"
          }
        },
        "93bdeec0-0c69-4f2c-beda-e07ba7fdd9ee": {
          "type": "body-text",
          "settings": {
            "body-copy": "<p>Meanwhile, just two miles away, Haddon Hall has been the location for no fewer than three film adaptations of Jane Eyre… which, we suppose, makes it the closest you can get to tempestuous Mr Rochester. Haddon Hall has also been called ‘the most perfect house to survive from the Middle Ages’ and has free guided tours and an enchanting Christmas Artisan Mercatum.<br\/><\/p>",
            "body-wrap": false,
            "body-color": "text-sg-grey-5",
            "body-style": "body-medium",
            "body-position": "text-center"
          }
        },
        "e37fc4d9-15a0-464c-b54b-0ec4fb7d95e7": {
          "type": "body-text",
          "settings": {
            "body-copy": "<p><em>Fairfax & Favor Match: <\/em><a href=\"\/products\/the-grace-trench-coat-tan-suede\" title=\"The Grace - Tan\"><em>Grace trench coat in tan suede<\/em><\/a><em> – elegance and history combined.<\/em><\/p>",
            "body-wrap": true,
            "body-color": "text-sg-grey-5",
            "body-style": "body-medium",
            "body-position": "text-center"
          }
        },
        "c2cdab39-b6ec-4a03-aa0b-d77f4ccf8b94": {
          "type": "body-image",
          "settings": {
            "body-image": "shopify:\/\/shop_images\/Caves.jpg"
          }
        },
        "f825eb7c-72a1-4f9c-a42f-1db485e9d9b8": {
          "type": "mid-title",
          "settings": {
            "mid-title": "6. CASTLETON CAVES",
            "title-style": "headline-1",
            "title-position": "text-center",
            "title-color": "#1E293A"
          }
        },
        "ffa6d8fc-dd66-44bd-a40f-fa367bf3ae9d": {
          "type": "body-text",
          "settings": {
            "body-copy": "<p>If you’re willing to explore a little further afield, Castleton is a stunning village just thirteen miles from Bakewell. It is home to Peveril Castle and is also the world’s only source of Blue John stone. Castleton is definitely worth a visit if you’re up for an adventure, from trekking around the ruins of Peveril Castle where you can admire a stunning view of the Peak District, to exploring one of the four caves and even boat through a flooded tunnel in the old Speedwell mine.  <\/p>",
            "body-wrap": false,
            "body-color": "text-sg-grey-5",
            "body-style": "body-medium",
            "body-position": "text-center"
          }
        },
        "0330c63d-e30b-4680-9413-aa5feb970cd3": {
          "type": "body-text",
          "settings": {
            "body-copy": "<p>However, CW Sellors has a store in Bakewell that sells jewellery made from Blue John stone, sourced directly from Castleton’s Treak Cliff Cavern, so you don’t even need to leave Bakewell to experience a little of the Castleton magic. <\/p>",
            "body-wrap": false,
            "body-color": "text-sg-grey-5",
            "body-style": "body-medium",
            "body-position": "text-center"
          }
        },
        "dac8f5a4-5bcc-4fba-9ab4-879c0c26ab08": {
          "type": "body-text",
          "settings": {
            "body-copy": "<p><em>Fairfax & Favor Match: <\/em><a href=\"\/products\/the-quilted-explorer-boot-tan\" title=\"The Quilted Explorer - Tan\"><em>Quilted Explorers <\/em><\/a><em>with <\/em><a href=\"\/products\/the-signature-gloves-tan-leather\" title=\"The Signature Cashmere & Wool Lined Gloves - Tan\"><em>Tan Leather Gloves<\/em><\/a><em> – stay chic and warm in the chilly caves.<\/em><br\/><\/p>",
            "body-wrap": true,
            "body-color": "text-sg-grey-5",
            "body-style": "body-medium",
            "body-position": "text-center"
          }
        },
        "5a0eed51-72a2-483f-b2ad-4d0f0db25ed2": {
          "type": "body-text",
          "settings": {
            "body-copy": "",
            "body-wrap": false,
            "body-color": "text-sg-grey-5",
            "body-style": "body-medium",
            "body-position": "text-center"
          }
        },
        "122a0112-4a4b-4325-aa26-b6d1bea970cc": {
          "type": "body-text",
          "settings": {
            "body-copy": "<p>And there you have it, a not-so-typical guide to Bakewell, brimming with history, charm, and the perfect Fairfax & Favor pairings for every occasion. Don't forget to share your Bakewell stories and snaps with us – we're always eager to see our customers' adventures!<\/p>",
            "body-wrap": false,
            "body-color": "text-sg-grey-5",
            "body-style": "body-medium",
            "body-position": "text-center"
          }
        }
      },
      "block_order": [
        "d9185836-4e31-46f8-ac66-a8d3f9625c9e",
        "d6df4cac-5c2c-4a16-b92d-dec7d4c062c7",
        "6b4b0d31-f48b-4952-b66d-f1b8c2998e0c",
        "1da1042d-d916-473b-87df-37fc710e11c7",
        "b0159878-87bb-4f69-8f6c-be134221be35",
        "94981e19-bc9d-44b3-a619-31a338d56d64",
        "65ca31a7-1119-4781-90d9-8369877c9165",
        "ba65d800-6031-4e2b-abd1-d948dd7d175c",
        "e89a822b-be0a-4c99-97a0-5d030757ef01",
        "d863952e-19d4-429f-8dc4-27d8049033e6",
        "5d82f080-448f-437b-ab49-505f91b9fa17",
        "e12e422a-497b-4ebe-b62a-30b29d740746",
        "e7dff328-41f5-401f-8a14-08dece47489c",
        "2cca1572-757f-4267-bdc1-d5d274a3b621",
        "dc0aa979-f449-4f90-93aa-cb87c6f09883",
        "34641f4a-5ce8-4bf2-bf1b-1b5b06d91792",
        "a6e299c3-386c-496c-af95-444230bcd44f",
        "e3b15faf-75ac-4807-ab5f-25dfdc04f404",
        "f4daf914-6f62-4f6c-b580-f0d75059cd73",
        "4cc92742-9549-4b2a-a329-da0f20a9adda",
        "ed3aa7ef-2d0f-40fc-a739-15a3b7741d55",
        "89faa5d8-fc9e-46ae-90ca-cf06e79ef3f8",
        "eeb73f39-893d-4546-bb76-fec24b679cfa",
        "a0c347b3-44d8-40fc-b7c1-2d7a2f1c0db7",
        "93bdeec0-0c69-4f2c-beda-e07ba7fdd9ee",
        "e37fc4d9-15a0-464c-b54b-0ec4fb7d95e7",
        "c2cdab39-b6ec-4a03-aa0b-d77f4ccf8b94",
        "f825eb7c-72a1-4f9c-a42f-1db485e9d9b8",
        "ffa6d8fc-dd66-44bd-a40f-fa367bf3ae9d",
        "0330c63d-e30b-4680-9413-aa5feb970cd3",
        "dac8f5a4-5bcc-4fba-9ab4-879c0c26ab08",
        "5a0eed51-72a2-483f-b2ad-4d0f0db25ed2",
        "122a0112-4a4b-4325-aa26-b6d1bea970cc"
      ],
      "custom_css": [
        "h4 {color: #AE8A6B; padding: 0 0 1rem 0; text-decoration: underline;}",
        "h5 {color: #AE8A6B; padding: 1rem 0; text-decoration: underline;}",
        "a {color: #AE8A6B; text-decoration: underline;}",
        "h6 {padding-bottom: 0.5rem;}"
      ],
      "settings": {
        "width": "max-w-[873px]"
      }
    },
    "main": {
      "type": "main-article",
      "disabled": true,
      "custom_css": [
        "h3 {padding-top: 1rem;}"
      ],
      "settings": {}
    },
    "featured-collection": {
      "type": "filterable-collection",
      "disabled": true,
      "settings": {
        "title": "Featured Products",
        "quick_add": false,
        "collection": "",
        "limit": 12
      }
    },
    "related-articles": {
      "type": "related-articles",
      "disabled": true,
      "settings": {}
    }
  },
  "order": [
    "b6c868ee-bd8b-439d-a02e-505fa82d99d1",
    "0ca16edf-c6da-4626-bd81-73180c075b20",
    "8342365c-05c5-4b6a-a68f-8cd68d02fff6",
    "main",
    "featured-collection",
    "related-articles"
  ]
}