{
  "sections": {
    "b6c868ee-bd8b-439d-a02e-505fa82d99d1": {
      "type": "stylised-header",
      "blocks": {
        "d7070ee9-070e-4753-a84f-25bcea1a325c": {
          "type": "title",
          "settings": {
            "title": "Driving in Style: Fashion Tips and Outfit Inspiration with Fairfax & Favor Driving Shoes",
            "color-from": "#ae8a6b",
            "color-to": "#ffffff",
            "custom_css": ""
          }
        },
        "5b1743e1-1fcf-40ee-b012-deff41331bb0": {
          "type": "text",
          "settings": {
            "line-one": "Driving shoes are often a forgotten option when it comes to choosing sophisticated footwear.",
            "body_style": "",
            "copy-color": "#ffffff"
          }
        }
      },
      "block_order": [
        "d7070ee9-070e-4753-a84f-25bcea1a325c",
        "5b1743e1-1fcf-40ee-b012-deff41331bb0"
      ],
      "settings": {
        "hero_image": "shopify:\/\/shop_images\/Women-header-driving-shoes.jpg",
        "gradient-mobile": "linear-gradient(360deg, rgba(27, 35, 54, 1) 9%, rgba(31, 42, 68, 0) 68%)",
        "gradient-height": 8,
        "gradient-width": 16,
        "gradient-desktop": "linear-gradient(89deg, rgba(33, 37, 68, 0) 0.719%, rgba(31, 42, 68, 0) 32%, rgba(27, 35, 54, 1) 79%)",
        "bg-color": "#1b2336"
      }
    },
    "0ca16edf-c6da-4626-bd81-73180c075b20": {
      "type": "custom-liquid",
      "settings": {
        "custom_liquid": "",
        "color_scheme": "background-1",
        "padding_top": 12,
        "padding_bottom": 24
      }
    },
    "8342365c-05c5-4b6a-a68f-8cd68d02fff6": {
      "type": "article-main",
      "blocks": {
        "6b4b0d31-f48b-4952-b66d-f1b8c2998e0c": {
          "type": "body-text",
          "settings": {
            "body-copy": "<p>Driving shoes are often a forgotten option when it comes to choosing sophisticated footwear. The alternative and exceptionally popular deck shoe may divert the attention away as another classic slip-on shoe, but a pair of driving shoes can be just as impressive in the style stakes. <\/p>",
            "body-wrap": false,
            "body-color": "text-sg-grey-5",
            "body-style": "body-medium",
            "body-position": "text-center"
          }
        },
        "body_text_mDJMdp": {
          "type": "body-text",
          "settings": {
            "body-copy": "<p>Whether you’re vacationing in warmer climes or planning a UK based weekend getaway in spring, a pair of fashionable driving shoes could be the ultimate addition to your planned outfits. <\/p>",
            "body-wrap": false,
            "body-color": "text-sg-grey-5",
            "body-style": "body-medium",
            "body-position": "text-center"
          }
        },
        "body_image_rr9EAU": {
          "type": "body-image",
          "settings": {
            "body-image": "shopify:\/\/shop_images\/Driving-shoes-6.jpg"
          }
        },
        "body_text_bgyWn9": {
          "type": "body-text",
          "settings": {
            "body-copy": "<p>That is why here at Fairfax & Favor we’re delighted to provide fashion-forward outfit inspiration on what to wear with driving shoes to get the most out of this chic yet casual footwear.<\/p>",
            "body-wrap": false,
            "body-color": "text-sg-grey-5",
            "body-style": "body-medium",
            "body-position": "text-center"
          }
        },
        "mid_title_8cd7eK": {
          "type": "mid-title",
          "settings": {
            "mid-title": "Slip into comfortable style",
            "title-style": "headline-6",
            "title-position": "text-center",
            "title-color": "#1e293a"
          }
        },
        "body_text_PNizwh": {
          "type": "body-text",
          "settings": {
            "body-copy": "<p>Driving shoes are a wonderfully casual footwear design - and they needn’t be strictly for the car! Just remember to skip the socks or wear shoe liners for a seamless finish and don’t be afraid to show your ankles.<\/p>",
            "body-wrap": false,
            "body-color": "text-sg-grey-5",
            "body-style": "body-medium",
            "body-position": "text-center"
          }
        },
        "body_text_8Xc4YY": {
          "type": "body-text",
          "settings": {
            "body-copy": "<p>The original design use of this shoe, as the name suggests, was to provide added grip on the pedals when driving, and to prevent wear and tear on the heels of shoes. The driver would then switch footwear once they had reached their destination to shoes deemed better suited to their outfit. Today, however, the driving shoe is a popular footwear choice outside of the motoring world and has become a stand-out smart casual footwear option for both men and women.<\/p>",
            "body-wrap": false,
            "body-color": "text-sg-grey-5",
            "body-style": "body-medium",
            "body-position": "text-center"
          }
        },
        "body_image_nNDBKY": {
          "type": "body-image",
          "settings": {
            "body-image": "shopify:\/\/shop_images\/Driving-shoes-3.jpg"
          }
        },
        "body_text_ccxaEn": {
          "type": "body-text",
          "settings": {
            "body-copy": "<p>If you’re heading out to a sporting event, or even the Chelsea Flower Show, that may require a walk on grassy terrain, the driving shoe design will undoubtedly come into its own. Due to the distinctive feature of raised rubber pebbles on the sole and back of the shoe you’re guaranteed excellent grip and durability whilst remaining flexible enough to ensure maximum comfort all day long. The slip-on element of the upper part of the shoe also brings to mind a sophisticated version of the Moccasin-style shoe, making them also similar in style to traditional loafers. <\/p>",
            "body-wrap": false,
            "body-color": "text-sg-grey-5",
            "body-style": "body-medium",
            "body-position": "text-center"
          }
        },
        "body_text_Df4UdX": {
          "type": "body-text",
          "settings": {
            "body-copy": "<p>You’ll find driving shoes in a range of colours and stunning finishes, including supple suede, premium leather and even croc patterned leather. This type of footwear is so versatile, you’re surely missing out if your existing collection is without a pair for the upcoming spring season.<\/p>",
            "body-wrap": false,
            "body-color": "text-sg-grey-5",
            "body-style": "body-medium",
            "body-position": "text-center"
          }
        },
        "mid_title_eWUqdV": {
          "type": "mid-title",
          "settings": {
            "mid-title": "Ready, steady, go: How to style driving shoes",
            "title-style": "headline-6",
            "title-position": "text-center",
            "title-color": "#1e293a"
          }
        },
        "body_text_ifMRqB": {
          "type": "body-text",
          "settings": {
            "body-copy": "<p>Ladies, we recommend styling your driving shoes with simplicity in mind; a pair of blue denim skinny jeans and a light coloured linen shirt finished with a silk scarf tied loosely around your neck can be all it takes to put together a classic yet modern look to complement your slip-on shoes. Go for a high-shine leather option as a classy finish to your informal attire that is perfect for relaxed café lunches with friends or weekend visits to the farm shop for artisan treats.<\/p>",
            "body-wrap": false,
            "body-color": "text-sg-grey-5",
            "body-style": "body-medium",
            "body-position": "text-center"
          }
        },
        "body_image_6Ncgn8": {
          "type": "body-image",
          "settings": {
            "body-image": "shopify:\/\/shop_images\/Driving-shoes-7.jpg"
          }
        },
        "body_text_ntgErt": {
          "type": "body-text",
          "settings": {
            "body-copy": "<p>To get ready for courtside fashion at the tennis, you can even rely on your driving shoes to deliver a laid back yet chic (not to mention exceedingly comfortable) alternative to heeled shoes. Team a pair of <a href=\"\/products\/the-henley-high-shine-navy-croc-print-leather\" title=\"The Henley - High Shine Navy Croc\">navy croc leather driving shoes<\/a> with a floaty midi-skirt and a tucked in hi-neck short sleeved t-shirt before accessorising with your favourite jewellery and an oversized tote bag. The flat shoes will add an edge to a feminine outfit whilst promising a contemporary twist to your overall look.<\/p>",
            "body-wrap": false,
            "body-color": "text-sg-grey-5",
            "body-style": "body-medium",
            "body-position": "text-center"
          }
        },
        "body_text_kPLfzR": {
          "type": "body-text",
          "settings": {
            "body-copy": "<p>For the gents looking for something fresh and new to wear next season, a dapper pair of driving shoes is a must-have in your spring and summer footwear portfolio. Not only will suede driving shoes provide all-day comfort, they’re also a perfect match for so many different outfits. Equally ideal for navigating the back streets of Sorrento on your summer holiday, or for sauntering around the local village on a Sunday, the versatility of the driving shoe is unrivalled. Style yours with slim-fit cuffed jeans and a polo shirt or when the sun is shining, go for a full-summer vibe with shorts and a plain white t-shirt. Add a pair of cool aviator sunglasses and you’re good to go. <\/p>",
            "body-wrap": false,
            "body-color": "text-sg-grey-5",
            "body-style": "body-medium",
            "body-position": "text-center"
          }
        },
        "body_image_QzpnLE": {
          "type": "body-image",
          "settings": {
            "body-image": "shopify:\/\/shop_images\/Driving-shoes-5_922b24fd-ecd6-459d-962e-2fdec482c3d8.jpg"
          }
        },
        "body_text_DxwLF6": {
          "type": "body-text",
          "settings": {
            "body-copy": "<p>Whilst the driving shoe is designed for leisure, you can certainly dress them up for a more formal event or an evening dinner date and still impress. To take inspiration from the quintessential smart-casual dress code, pair <a href=\"\/products\/the-monte-carlo-driver-cognac\" title=\"The Monte Carlo Driver - Cognac\">tan<\/a> or <a href=\"\/products\/the-monte-carlo-driver-chocolate\" title=\"The Monte Carlo Driver - Chocolate\">chocolate suede driving shoes<\/a> with cream coloured chinos and a checked shirt. The muted texture of suede will stay in keeping with the low-key aesthetic, whilst its tailored appearance keeps everything looking neat and presentable, making them suitable for so many different occasions.<\/p>",
            "body-wrap": false,
            "body-color": "text-sg-grey-5",
            "body-style": "body-medium",
            "body-position": "text-center"
          }
        },
        "body_text_dPQn3f": {
          "type": "body-text",
          "settings": {
            "body-copy": "<p>The attractive collections of <a href=\"\/collections\/mens-driving-shoes\" title=\"Men's Driving Shoes\"><span style=\"text-decoration:underline\">men’s driving shoes<\/span><\/a> and <a href=\"\/collections\/womens-driving-shoes\" title=\"Women's Driving & Deck Shoes\"><span style=\"text-decoration:underline\">women’s driving shoes<\/span><\/a> at Fairfax & Favor both promise an array of appealing styles to suit your personal style. With the promise of luxury and high craftsmanship with every pair, the Fairfax & Favor driving shoes are a superb choice for your next footwear purchase.<\/p>",
            "body-wrap": false,
            "body-color": "text-sg-grey-5",
            "body-style": "body-medium",
            "body-position": "text-center"
          }
        }
      },
      "block_order": [
        "6b4b0d31-f48b-4952-b66d-f1b8c2998e0c",
        "body_text_mDJMdp",
        "body_image_rr9EAU",
        "body_text_bgyWn9",
        "mid_title_8cd7eK",
        "body_text_PNizwh",
        "body_text_8Xc4YY",
        "body_image_nNDBKY",
        "body_text_ccxaEn",
        "body_text_Df4UdX",
        "mid_title_eWUqdV",
        "body_text_ifMRqB",
        "body_image_6Ncgn8",
        "body_text_ntgErt",
        "body_text_kPLfzR",
        "body_image_QzpnLE",
        "body_text_DxwLF6",
        "body_text_dPQn3f"
      ],
      "custom_css": [
        "h4 {color: #ae8a6b; padding: 0 0 1rem 0; text-decoration: underline;}",
        "h5 {color: #ae8a6b; padding: 1rem 0; text-decoration: underline;}",
        "a {color: #ae8a6b; text-decoration: underline;}",
        "h6 {padding-bottom: 0.5rem;}"
      ],
      "settings": {
        "width": "max-w-[873px]"
      }
    },
    "filterable_collection_multiple_cqtGdN": {
      "type": "filterable-collection-multiple",
      "blocks": {
        "tag_list_RBTeFJ": {
          "type": "tag_list",
          "settings": {
            "anchor": "",
            "collection": "womens-driving-shoes",
            "tag": "",
            "limit": 30
          }
        }
      },
      "block_order": [
        "tag_list_RBTeFJ"
      ],
      "settings": {
        "title": "Driving shoes",
        "quick_add": false
      }
    },
    "main": {
      "type": "main-article",
      "disabled": true,
      "custom_css": [
        "h3 {padding-top: 1rem;}"
      ],
      "settings": {}
    },
    "related-articles": {
      "type": "related-articles",
      "disabled": true,
      "settings": {}
    }
  },
  "order": [
    "b6c868ee-bd8b-439d-a02e-505fa82d99d1",
    "0ca16edf-c6da-4626-bd81-73180c075b20",
    "8342365c-05c5-4b6a-a68f-8cd68d02fff6",
    "filterable_collection_multiple_cqtGdN",
    "main",
    "related-articles"
  ]
}