{
  "sections": {
    "stylised_header_dYp3HW": {
      "type": "stylised-header",
      "blocks": {
        "title_MWgiaJ": {
          "type": "title",
          "settings": {
            "title": "What to Wear to Badminton Horse Trials in 2024",
            "color-from": "#ae8a6b",
            "color-to": "#ae8a6b",
            "custom_css": ""
          }
        },
        "text_3DQRmC": {
          "type": "text",
          "settings": {
            "line-one": "Here at Fairfax & Favor we’re gearing up to celebrate the 75th anniversary of the famous Badminton Horse Trials.",
            "body_style": "",
            "copy-color": "#ffffff"
          }
        }
      },
      "block_order": [
        "title_MWgiaJ",
        "text_3DQRmC"
      ],
      "settings": {
        "hero_image": "shopify:\/\/shop_images\/hero-ada-biscuit-bella-sage.jpg",
        "gradient-mobile": "linear-gradient(360deg, rgba(31, 42, 68, 1) 9%, rgba(31, 42, 68, 0) 68%)",
        "gradient-height": 16,
        "gradient-width": 16,
        "gradient-desktop": "linear-gradient(89deg, rgba(33, 37, 68, 0) 0.719%, rgba(31, 42, 68, 0) 32%, rgba(31, 42, 68, 1) 79%)",
        "bg-color": "#1e293a"
      }
    },
    "main": {
      "type": "main-article",
      "disabled": true,
      "settings": {}
    },
    "custom_liquid_wTki8x": {
      "type": "custom-liquid",
      "settings": {
        "custom_liquid": "",
        "color_scheme": "background-1",
        "padding_top": 40,
        "padding_bottom": 0
      }
    },
    "article_main_4ikYLC": {
      "type": "article-main",
      "blocks": {
        "body_text_XWxCJf": {
          "type": "body-text",
          "settings": {
            "body-copy": "<p>Set in the beautiful grounds of the Badminton Estate in South Gloucestershire, the five-day equestrian event held in May 2024 attracts an annual attendance of approximately 180,000 racing fans – including members of the Royal family.<\/p>",
            "body-wrap": false,
            "body-color": "text-sg-grey-5",
            "body-style": "body-medium",
            "body-position": "text-center"
          }
        },
        "body_text_wFxb7L": {
          "type": "body-text",
          "settings": {
            "body-copy": "<p>Whilst there are no specific dress codes at the Badminton Horse Trials, race day outfits at this particular springtime event do tend to be on the more casual side, but that certainly does not mean you’ll see looks that lack fashionable flair! <\/p>",
            "body-wrap": false,
            "body-color": "text-sg-grey-5",
            "body-style": "body-medium",
            "body-position": "text-center"
          }
        },
        "body_text_xp3X8V": {
          "type": "body-text",
          "settings": {
            "body-copy": "<p>Let’s take a look at our selected practical yet chic race day outfit ideas to keep you looking right on trend for the upcoming Badminton Horse Trials.<\/p>",
            "body-wrap": false,
            "body-color": "text-sg-grey-5",
            "body-style": "body-medium",
            "body-position": "text-center"
          }
        },
        "mid_title_en4eaq": {
          "type": "mid-title",
          "settings": {
            "mid-title": "Showcase equestrian fused style",
            "title-style": "headline-4",
            "title-position": "text-center",
            "title-color": "#1e293a"
          }
        },
        "body_text_tcB9Qi": {
          "type": "body-text",
          "settings": {
            "body-copy": "<p>We love the elegance of classic equestrian style, so why not take direct outfit inspiration from the riders themselves? With this inspiration in mind, you can incorporate elements of tweed or herringbone patterns into your ensemble with a structured jacket teamed with a pair of white skinny jeans to imitate the look of jodhpurs.<\/p>",
            "body-wrap": false,
            "body-color": "text-sg-grey-5",
            "body-style": "body-medium",
            "body-position": "text-center"
          }
        },
        "body_text_NwAkWr": {
          "type": "body-text",
          "settings": {
            "body-copy": "<p><a href=\"https:\/\/www.fairfaxandfavor.com\/products\/the-madeline-wool-jacket-taupe-herringbone\"><span style=\"text-decoration:underline\">The Madeline Herringbone wool Jacket<\/span><\/a> in versatile taupe is a superb option here for ladies seeking a tailored jacket that will flatter their shape and keep them looking on trend during the racing event. The rest of your outfit can be as relaxed as you like, but this equestrian-style jacket will no doubt pull together your look effortlessly.<\/p>",
            "body-wrap": false,
            "body-color": "text-sg-grey-5",
            "body-style": "body-medium",
            "body-position": "text-center"
          }
        },
        "body_text_NcUDeR": {
          "type": "body-text",
          "settings": {
            "body-copy": "<p>Men can also jump on the tweed trend with a tweed jacket to complete their outfit, or a fashion-forward gilet, such as <a href=\"https:\/\/www.fairfaxandfavor.com\/products\/the-edward-gilet-navy-herringbone\"><span style=\"text-decoration:underline\">The Edward<\/span><\/a> in soft brushed herringbone. Lightweight and neatly structured, this gilet is ideal for layering over a roll neck and can be worn buttoned up or open with a dark pair of jeans for a simple yet stylish look on the concourse. <\/p>",
            "body-wrap": false,
            "body-color": "text-sg-grey-5",
            "body-style": "body-medium",
            "body-position": "text-center"
          }
        },
        "mid_title_YcnWir": {
          "type": "mid-title",
          "settings": {
            "mid-title": "Embrace casual layers",
            "title-style": "headline-4",
            "title-position": "text-center",
            "title-color": "#1e293a"
          }
        },
        "body_text_wMm76Y": {
          "type": "body-text",
          "settings": {
            "body-copy": "<p>The weather may be getting better when the event is held in May, but we all know that it can quickly change with chilly temperatures setting in as the day goes on and the potential threat of light rain showers. Sobe prepared for all eventualities by incorporating weather-appropriate layers into your outfit, without compromising on your style. <\/p>",
            "body-wrap": false,
            "body-color": "text-sg-grey-5",
            "body-style": "body-medium",
            "body-position": "text-center"
          }
        },
        "body_text_J34Pkm": {
          "type": "body-text",
          "settings": {
            "body-copy": "<p>Ladies, bring along your favourite cashmere cardigan as a comforting layering piece over a vest or blouse, and add a stunning finishing touch with a statement cape, such as the beautiful <a href=\"https:\/\/www.fairfaxandfavor.com\/products\/the-sienna-wool-cape-monochrome-houndstooth\"><span style=\"text-decoration:underline\">Sienna houndstooth cape<\/span><\/a>. Impeccable in design and crafted with premium wool, this cape is such a versatile piece that is ideal for wearing at the Badminton Horse Trials with a pair of black skinny jeans to adhere to the monochrome vibes. You can also brighten up the outfit with a touch colour with a messenger bag such as <a href=\"https:\/\/www.fairfaxandfavor.com\/products\/the-richmond-messenger-tan-suede\"><span style=\"text-decoration:underline\">The Richmond<\/span><\/a> which has an adjustable strap of green, navy, cream and plum colours. Perfect for popping in a small umbrella, just incase!<\/p>",
            "body-wrap": false,
            "body-color": "text-sg-grey-5",
            "body-style": "body-medium",
            "body-position": "text-center"
          }
        },
        "body_text_WW6mQ3": {
          "type": "body-text",
          "settings": {
            "body-copy": "<p>For men, embracing layering by wearing a polo shirt underneath a fine knit jumper and finished off with a wax jacket like <a href=\"\/products\/the-sadie-wax-safari-jacket-khaki\" title=\"Sadie Wax Safari Jacket - Khaki\">the Sadie<\/a> is a suitable layered look that will fit right in at the Badminton Estate. <\/p>",
            "body-wrap": false,
            "body-color": "text-sg-grey-5",
            "body-style": "body-medium",
            "body-position": "text-center"
          }
        },
        "mid_title_rRAYWa": {
          "type": "mid-title",
          "settings": {
            "mid-title": "Wear comfortable footwear",
            "title-style": "headline-4",
            "title-position": "text-center",
            "title-color": "#1e293a"
          }
        },
        "body_text_azJzBM": {
          "type": "body-text",
          "settings": {
            "body-copy": "<p>It goes without saying that comfortable and supportive footwear is required for any all day racing event. With the Badminton Horse Trials, wearing practical, flat boots is key due to the fact that you’ll be walking on and standing on grassy terrain for most of the day. <\/p>",
            "body-wrap": false,
            "body-color": "text-sg-grey-5",
            "body-style": "body-medium",
            "body-position": "text-center"
          }
        },
        "body_text_hV7YWq": {
          "type": "body-text",
          "settings": {
            "body-copy": "<p>There’s certainly no better occasion to wear Fairfax & Favor over the knee boots than at an outdoor race event, and you’re spoilt for choice with our collection of luxurious flat boots. We just adore <a href=\"https:\/\/www.fairfaxandfavor.com\/products\/the-flat-amira-black\"><span style=\"text-decoration:underline\">The Amira<\/span><\/a> over the knee boot in black suede to keep you looking on point whilst watching the races. Pulled on over blue skinny jeans or black leggings, over the knee boots such as The Amira or the flawless <a href=\"https:\/\/www.fairfaxandfavor.com\/products\/the-regina-tan-leather\"><span style=\"text-decoration:underline\">Regina leather flat boots<\/span><\/a> are certain show-stoppers all on their own, and can elevate the most casual of race day outfits. Finish the look with a t-shirt or long sleeved blouse with a knitted jumper draped over your shoulders for an exquisite ensemble ready for springtime socialising.<\/p>",
            "body-wrap": false,
            "body-color": "text-sg-grey-5",
            "body-style": "body-medium",
            "body-position": "text-center"
          }
        },
        "body_text_bw3WT8": {
          "type": "body-text",
          "settings": {
            "body-copy": "<p>For the gentlemen, you can’t go wrong with a sturdy pair of premium leather Chelsea boots such as <a href=\"https:\/\/www.fairfaxandfavor.com\/products\/the-nelson\"><span style=\"text-decoration:underline\">The Nelson<\/span><\/a> in mahogany. Refined yet rugged, these versatile boots can be used to dress up your laidback race outfit of jeans, shirt and a waxed jacket.<\/p>",
            "body-wrap": false,
            "body-color": "text-sg-grey-5",
            "body-style": "body-medium",
            "body-position": "text-center"
          }
        },
        "mid_title_3k7Cba": {
          "type": "mid-title",
          "settings": {
            "mid-title": "Celebrate countryside aesthetic",
            "title-style": "headline-4",
            "title-position": "text-center",
            "title-color": "#1e293a"
          }
        },
        "body_text_zE7EWW": {
          "type": "body-text",
          "settings": {
            "body-copy": "<p>Tapping into the countryside aesthetic with your Badminton Horse Trials outfits is easy – just focus on striking the balance between functionality, comfort and casual style. With the perfect blend of equestrian-inspired style and casual countryside aesthetic, when it comes to what to wear to the Badminton Horse Trials in 2024, we’ve got you covered. <\/p>",
            "body-wrap": false,
            "body-color": "text-sg-grey-5",
            "body-style": "body-medium",
            "body-position": "text-center"
          }
        },
        "body_text_nq6zaM": {
          "type": "body-text",
          "settings": {
            "body-copy": "<p>Discover the collections of Fairfax & Favor <a href=\"https:\/\/www.fairfaxandfavor.com\/collections\/womens-shoes\"><span style=\"text-decoration:underline\">women’s footwear<\/span><\/a> and <a href=\"https:\/\/www.fairfaxandfavor.com\/collections\/mens-jackets\"><span style=\"text-decoration:underline\">men’s jackets<\/span><\/a> for further high class inspiration on dressing for a race event. <\/p>",
            "body-wrap": false,
            "body-color": "text-sg-grey-5",
            "body-style": "body-medium",
            "body-position": "text-center"
          }
        }
      },
      "block_order": [
        "body_text_XWxCJf",
        "body_text_wFxb7L",
        "body_text_xp3X8V",
        "mid_title_en4eaq",
        "body_text_tcB9Qi",
        "body_text_NwAkWr",
        "body_text_NcUDeR",
        "mid_title_YcnWir",
        "body_text_wMm76Y",
        "body_text_J34Pkm",
        "body_text_WW6mQ3",
        "mid_title_rRAYWa",
        "body_text_azJzBM",
        "body_text_hV7YWq",
        "body_text_bw3WT8",
        "mid_title_3k7Cba",
        "body_text_zE7EWW",
        "body_text_nq6zaM"
      ],
      "custom_css": [
        "h4 {color: #ae8a6b; padding: 0 0 1rem 0; text-decoration: underline;}",
        "h5 {color: #ae8a6b; padding: 1rem 0; text-decoration: underline;}",
        "a {color: #ae8a6b; text-decoration: underline;}",
        "h6 {padding-bottom: 0.5rem;}"
      ],
      "settings": {
        "width": "max-w-[873px]"
      }
    },
    "about_us_rwHWga": {
      "type": "about-us",
      "settings": {
        "image": "shopify:\/\/shop_images\/collection-box-octavia-boot-heeled.jpg",
        "geo_location": "GBP, USD, EUR, AUD, CAD",
        "title": "THE CHELTENHAM COLLECTION",
        "description": "Our winning wardrobe heroes are sure to turn heads around the track. Gorgeous gilets, sophisticated capes and premium footwear - behold your new race style favourites.",
        "button_text": "SHOP NOW",
        "button_link": "shopify:\/\/collections\/cheltenham-races-outfits",
        "margin_top": "mt-5"
      }
    },
    "related-articles": {
      "type": "related-articles",
      "disabled": true,
      "settings": {}
    }
  },
  "order": [
    "stylised_header_dYp3HW",
    "main",
    "custom_liquid_wTki8x",
    "article_main_4ikYLC",
    "about_us_rwHWga",
    "related-articles"
  ]
}