{
  "sections": {
    "b6c868ee-bd8b-439d-a02e-505fa82d99d1": {
      "type": "stylised-header",
      "blocks": {
        "d7070ee9-070e-4753-a84f-25bcea1a325c": {
          "type": "title",
          "settings": {
            "title": "Mastering Style: A Guide To Versatile Ankle Boot Outfits For Every Occasion",
            "color-from": "#AE8A6B",
            "color-to": "#ffffff",
            "custom_css": ""
          }
        },
        "5b1743e1-1fcf-40ee-b012-deff41331bb0": {
          "type": "text",
          "settings": {
            "line-one": "A classic pair of ankle boots have the power to raise the style stakes of any outfit. With such an iconic design, it’s so simple to piece together an impressive look every time. The luxurious range of women’s ankle boots here at Fairfax & Favor are on hand to elevate your wardrobe - no matter the occasion.",
            "body_style": "",
            "copy-color": "#ffffff"
          }
        }
      },
      "block_order": [
        "d7070ee9-070e-4753-a84f-25bcea1a325c",
        "5b1743e1-1fcf-40ee-b012-deff41331bb0"
      ],
      "settings": {
        "hero_image": "shopify:\/\/shop_images\/Women-header-1.jpg",
        "gradient-mobile": "linear-gradient(360deg, rgba(27, 35, 54, 1) 9%, rgba(31, 42, 68, 0) 68%)",
        "gradient-height": 8,
        "gradient-width": 16,
        "gradient-desktop": "linear-gradient(89deg, rgba(33, 37, 68, 0) 0.719%, rgba(31, 42, 68, 0) 32%, rgba(27, 35, 54, 1) 79%)",
        "bg-color": "#1b2336"
      }
    },
    "0ca16edf-c6da-4626-bd81-73180c075b20": {
      "type": "custom-liquid",
      "settings": {
        "custom_liquid": "",
        "color_scheme": "background-1",
        "padding_top": 12,
        "padding_bottom": 24
      }
    },
    "8342365c-05c5-4b6a-a68f-8cd68d02fff6": {
      "type": "article-main",
      "blocks": {
        "6b4b0d31-f48b-4952-b66d-f1b8c2998e0c": {
          "type": "body-text",
          "settings": {
            "body-copy": "<p>A classic pair of ankle boots have the power to raise the style stakes of any outfit. With such an iconic design, it’s so simple to piece together an impressive look every time. The luxurious range of women’s ankle boots here at Fairfax & Favor are on hand to elevate your wardrobe - no matter the occasion. <\/p>",
            "body-wrap": false,
            "body-color": "text-sg-grey-5",
            "body-style": "body-medium",
            "body-position": "text-center"
          }
        },
        "body_image_aiaDtA": {
          "type": "body-image",
          "settings": {
            "body-image": "shopify:\/\/shop_images\/Women-17-Wide.jpg"
          }
        },
        "body_text_3eB6DB": {
          "type": "body-text",
          "settings": {
            "body-copy": "<p>Taking your look from casual daywear to elegant evening style can be done seamlessly with the addition of the versatile ankle boot as this style of footwear goes well with so many pieces. In this guide we will explore the art of styling ankle boots to suit any occasion, from the <a href=\"\/collections\/cheltenham-races-outfits\" title=\"What to Wear at Cheltenham Races\">Cheltenham Festival<\/a> to visits to cosy countryside retreats. <\/p>",
            "body-wrap": false,
            "body-color": "text-sg-grey-5",
            "body-style": "body-medium",
            "body-position": "text-center"
          }
        },
        "mid_title_4B9LLh": {
          "type": "mid-title",
          "settings": {
            "mid-title": "Make a statement with heeled ankle boots",
            "title-style": "headline-6",
            "title-position": "text-center",
            "title-color": "#1E293A"
          }
        },
        "body_text_mWC7pw": {
          "type": "body-text",
          "settings": {
            "body-copy": "<p>If you love making a statement with your footwear, an ankle boot with a charming heel may be the perfect choice as an exemplary base for your day-to-night ensemble. Heeled ankle boots combine sophistication with a timeless design, making them an ideal choice for those days where you’re in need of an outfit to transition effortlessly from day to night. <\/p>",
            "body-wrap": false,
            "body-color": "text-sg-grey-5",
            "body-style": "body-medium",
            "body-position": "text-center"
          }
        },
        "body_text_MCDPyy": {
          "type": "body-text",
          "settings": {
            "body-copy": "<p>Not only does the heel add extra height, it can provide the feeling of being ‘dressed up’ for an occasion, taking a casual outfit up a notch without any effort at all. What more could you ask for! <\/p>",
            "body-wrap": false,
            "body-color": "text-sg-grey-5",
            "body-style": "body-medium",
            "body-position": "text-center"
          }
        },
        "body_image_EPRUWM": {
          "type": "body-image",
          "settings": {
            "body-image": "shopify:\/\/shop_images\/Women-18-Wide.jpg"
          }
        },
        "body_text_Me8ri9": {
          "type": "body-text",
          "settings": {
            "body-copy": "<p>Complement your heeled ankle boots with a pair of opaque tights, a patterned skirt and a knitted vest over a shirt for a truly stellar combination of archetypal winter style. Draw further attention to your footwear choice, and elongate your legs whilst doing so, by opting for ankle boots with a <a href=\"\/products\/the-rockingham-ankle-boot-ink-suede\" title=\"The Rockingham Ankle Boot - Ink\">contrasting heel design<\/a>. A beautiful coloured suede in a shade such as an inky blue or a soft cream, teamed with a wood effect stacked heel is bound to nail the smart-casual dress code.<\/p>",
            "body-wrap": false,
            "body-color": "text-sg-grey-5",
            "body-style": "body-medium",
            "body-position": "text-center"
          }
        },
        "body_image_PWDn6t": {
          "type": "body-image",
          "settings": {
            "body-image": "shopify:\/\/shop_images\/Women-4-Rockink.jpg"
          }
        },
        "body_text_WaQ34k": {
          "type": "body-text",
          "settings": {
            "body-copy": "<p>For extra refinement, why not opt for a heeled ankle boot with <a href=\"\/products\/the-quilted-chiswick-ankle-boot-navy-velvet\" title=\"The Chiswick - Quilted Navy Velvet\">buckle details<\/a> - a flash of golden or silver hardware can be easily mirrored with your accessories, such as handbags and jewellery. <\/p>",
            "body-wrap": false,
            "body-color": "text-sg-grey-5",
            "body-style": "body-medium",
            "body-position": "text-center"
          }
        },
        "mid_title_cHcpKm": {
          "type": "mid-title",
          "settings": {
            "mid-title": "Combine practicality and style effortlessly",
            "title-style": "headline-6",
            "title-position": "text-center",
            "title-color": "#1E293A"
          }
        },
        "body_text_jxrBKK": {
          "type": "body-text",
          "settings": {
            "body-copy": "<p>For those seeking the reliability of practicality alongside impeccable style, a flat ankle boot can take you from an afternoon walk in the countryside to a cosy evening fireside in the pub. <\/p>",
            "body-wrap": false,
            "body-color": "text-sg-grey-5",
            "body-style": "body-medium",
            "body-position": "text-center"
          }
        },
        "body_text_xYfJa7": {
          "type": "body-text",
          "settings": {
            "body-copy": "<p>Combining comfort with a quintessential tailored design can be done easily with a pair of luxury boots!<\/p>",
            "body-wrap": false,
            "body-color": "text-sg-grey-5",
            "body-style": "body-medium",
            "body-position": "text-center"
          }
        },
        "body_image_tEwN7P": {
          "type": "body-image",
          "settings": {
            "body-image": "shopify:\/\/shop_images\/Women-6-Boudica.jpg"
          }
        },
        "body_text_VYAmJT": {
          "type": "body-text",
          "settings": {
            "body-copy": "<p>Dedicated lovers of chunky ankle boots won’t have to compromise on their aesthetic when it comes to teaming their footwear of choice with a chic outfit. A pair of deep <a href=\"\/products\/the-boudica-ii-mahogany\" title=\"The Sheepskin Boudica - Mahogany\">brown leather ankle boots<\/a> with a luxurious shearling lining can keep you snug whilst adding an element of rural class to a casual outfit of slim fit jeans and a cashmere jumper. You could even take the comfort levels up a notch with taupe coloured leggings and an oversized knit in a similar neutral shade for a cohesive look.<\/p>",
            "body-wrap": false,
            "body-color": "text-sg-grey-5",
            "body-style": "body-medium",
            "body-position": "text-center"
          }
        },
        "mid_title_b3waxK": {
          "type": "mid-title",
          "settings": {
            "mid-title": "Toughen up a feminine outfit",
            "title-style": "headline-6",
            "title-position": "text-center",
            "title-color": "#1E293A"
          }
        },
        "body_text_KTyFDN": {
          "type": "body-text",
          "settings": {
            "body-copy": "<p>Nothing says day-to-night style more than a pair of designer ankle boots teamed with a dress. The juxtaposition of tough and elegant works wonderfully for so many event settings. Not only that, but ankle boots can provide a comfortable evening footwear option that never fails to remain stylish yet understated.<\/p>",
            "body-wrap": false,
            "body-color": "text-sg-grey-5",
            "body-style": "body-medium",
            "body-position": "text-center"
          }
        },
        "body_image_xVQDfE": {
          "type": "body-image",
          "settings": {
            "body-image": "shopify:\/\/shop_images\/Womens-19-Wide.jpg"
          }
        },
        "body_text_MAKHBA": {
          "type": "body-text",
          "settings": {
            "body-copy": "<p>No matter the season, a figure-enhancing maxi dress can be paired with supple leather ankle boots and brought together by a leather waist belt in the same colour as the perfect finishing touch to make an ideal easy-to-wear outfit option. Matching the leather elements promises a polished feel to a feminine look which is superb for a laidback afternoon tea or early evening cocktails with friends. <\/p>",
            "body-wrap": false,
            "body-color": "text-sg-grey-5",
            "body-style": "body-medium",
            "body-position": "text-center"
          }
        },
        "mid_title_eHHwfN": {
          "type": "mid-title",
          "settings": {
            "mid-title": "Find your perfect fit",
            "title-style": "headline-6",
            "title-position": "text-center",
            "title-color": "#1E293A"
          }
        },
        "body_text_LBNmLa": {
          "type": "body-text",
          "settings": {
            "body-copy": "<p>As you can tell by now, ankle boots are so versatile that you’re able to style them in many different ways to match any occasion. The <a href=\"\/products\/the-shearling-lined-paris-cognac-nubuck\" title=\"The Shearling Lined Paris - Cognac Nubuck\">quarter-length ankle boot<\/a> is a popular choice in the autumn and winter months, even working well as a transitional footwear choice for spring time. For an ankle boot design that hits higher up the leg, a pair of skinny jeans tucked into the boot and styled with a crisp, plain white t-shirt is a fail-safe casual look. Throw on a blazer and emphasise your accessories to make the switch to evening attire and you’re good to go. <\/p>",
            "body-wrap": false,
            "body-color": "text-sg-grey-5",
            "body-style": "body-medium",
            "body-position": "text-center"
          }
        },
        "body_image_L7pgTL": {
          "type": "body-image",
          "settings": {
            "body-image": "shopify:\/\/shop_images\/Women-2-PAris.jpg"
          }
        },
        "body_text_hpk49G": {
          "type": "body-text",
          "settings": {
            "body-copy": "<p>Finding the perfect luxury ankle boots to suit your unique style is easy with the versatility of such a boot design! From suede pull-on Chelsea boots, to premium leather zip up heeled ankle boots, this is a footwear style to be shown off at any occasion and can be worn with a multitude of different outfits. <\/p>",
            "body-wrap": false,
            "body-color": "text-sg-grey-5",
            "body-style": "body-medium",
            "body-position": "text-center"
          }
        },
        "body_text_VzyfmW": {
          "type": "body-text",
          "settings": {
            "body-copy": "<p>Looking for the perfect suede or premium leather ankle boots for your next event? Fairfax & Favor have a grand collection of the finest styles of <a href=\"\/collections\/womens-ankle-boots\" title=\"Women's Ankle Boots\"><span style=\"text-decoration:underline\">Women’s Ankle boots and Chelsea boots<\/span><\/a> that are sure to go with everything in your current wardrobe. <\/p>",
            "body-wrap": false,
            "body-color": "text-sg-grey-5",
            "body-style": "body-medium",
            "body-position": "text-center"
          }
        }
      },
      "block_order": [
        "6b4b0d31-f48b-4952-b66d-f1b8c2998e0c",
        "body_image_aiaDtA",
        "body_text_3eB6DB",
        "mid_title_4B9LLh",
        "body_text_mWC7pw",
        "body_text_MCDPyy",
        "body_image_EPRUWM",
        "body_text_Me8ri9",
        "body_image_PWDn6t",
        "body_text_WaQ34k",
        "mid_title_cHcpKm",
        "body_text_jxrBKK",
        "body_text_xYfJa7",
        "body_image_tEwN7P",
        "body_text_VYAmJT",
        "mid_title_b3waxK",
        "body_text_KTyFDN",
        "body_image_xVQDfE",
        "body_text_MAKHBA",
        "mid_title_eHHwfN",
        "body_text_LBNmLa",
        "body_image_L7pgTL",
        "body_text_hpk49G",
        "body_text_VzyfmW"
      ],
      "custom_css": [
        "h4 {color: #AE8A6B; padding: 0 0 1rem 0; text-decoration: underline;}",
        "h5 {color: #AE8A6B; padding: 1rem 0; text-decoration: underline;}",
        "a {color: #AE8A6B; text-decoration: underline;}",
        "h6 {padding-bottom: 0.5rem;}"
      ],
      "settings": {}
    },
    "main": {
      "type": "main-article",
      "disabled": true,
      "custom_css": [
        "h3 {padding-top: 1rem;}"
      ],
      "settings": {}
    },
    "related-articles": {
      "type": "related-articles",
      "disabled": true,
      "settings": {}
    },
    "custom_liquid_hfabkb": {
      "type": "custom-liquid",
      "settings": {
        "custom_liquid": "",
        "color_scheme": "background-1",
        "padding_top": 40,
        "padding_bottom": 0
      }
    },
    "filterable_collection_multiple_EJVQgr": {
      "type": "filterable-collection-multiple",
      "blocks": {
        "tag_list_9NVLGA": {
          "type": "tag_list",
          "settings": {
            "anchor": "",
            "collection": "womens-ankle-boots",
            "tag": "",
            "limit": 30
          }
        }
      },
      "block_order": [
        "tag_list_9NVLGA"
      ],
      "settings": {
        "title": "Women's Ankle & Chelsea Boots",
        "quick_add": false
      }
    }
  },
  "order": [
    "b6c868ee-bd8b-439d-a02e-505fa82d99d1",
    "0ca16edf-c6da-4626-bd81-73180c075b20",
    "8342365c-05c5-4b6a-a68f-8cd68d02fff6",
    "main",
    "related-articles",
    "custom_liquid_hfabkb",
    "filterable_collection_multiple_EJVQgr"
  ]
}