{
  "sections": {
    "b6c868ee-bd8b-439d-a02e-505fa82d99d1": {
      "type": "stylised-header",
      "blocks": {
        "d7070ee9-070e-4753-a84f-25bcea1a325c": {
          "type": "title",
          "settings": {
            "title": "Seasonal Sophistication: How to Style Ankle Boots for Every Weather",
            "color-from": "#AE8A6B",
            "color-to": "#ffffff",
            "custom_css": ""
          }
        },
        "5b1743e1-1fcf-40ee-b012-deff41331bb0": {
          "type": "text",
          "settings": {
            "line-one": "The iconic ankle boot can be worn all year round and can surpass all style expectations, even in the spring and summer months. Promising exceptional practicality alongside unbeatable style, every footwear collection should be home to a pair or two of designer ankle boots to take you where you need to be all year round.",
            "body_style": "",
            "copy-color": "#ffffff"
          }
        }
      },
      "block_order": [
        "d7070ee9-070e-4753-a84f-25bcea1a325c",
        "5b1743e1-1fcf-40ee-b012-deff41331bb0"
      ],
      "settings": {
        "hero_image": "shopify:\/\/shop_images\/Women-header-2.jpg",
        "gradient-mobile": "linear-gradient(360deg, rgba(27, 35, 54, 1) 9%, rgba(31, 42, 68, 0) 68%)",
        "gradient-height": 8,
        "gradient-width": 16,
        "gradient-desktop": "linear-gradient(89deg, rgba(33, 37, 68, 0) 0.719%, rgba(31, 42, 68, 0) 32%, rgba(27, 35, 54, 1) 79%)",
        "bg-color": "#1b2336"
      }
    },
    "0ca16edf-c6da-4626-bd81-73180c075b20": {
      "type": "custom-liquid",
      "settings": {
        "custom_liquid": "",
        "color_scheme": "background-1",
        "padding_top": 12,
        "padding_bottom": 24
      }
    },
    "8342365c-05c5-4b6a-a68f-8cd68d02fff6": {
      "type": "article-main",
      "blocks": {
        "6b4b0d31-f48b-4952-b66d-f1b8c2998e0c": {
          "type": "body-text",
          "settings": {
            "body-copy": "<p>The iconic ankle boot can be worn all year round and can surpass all style expectations, even in the spring and summer months. Promising exceptional practicality alongside unbeatable style, every footwear collection should be home to a pair or two of designer ankle boots to take you where you need to be all year round.<\/p>",
            "body-wrap": false,
            "body-color": "text-sg-grey-5",
            "body-style": "body-medium",
            "body-position": "text-center"
          }
        },
        "body_text_3eB6DB": {
          "type": "body-text",
          "settings": {
            "body-copy": "<p>With such a vast array of women’s luxury ankle boots right here at Fairfax & Favor, you’re sure to find a pair for every season. So, if you’re wondering how to style your ankle boots for every weather, come rain or shine, we’ve got you covered with our following guide.<\/p>",
            "body-wrap": false,
            "body-color": "text-sg-grey-5",
            "body-style": "body-medium",
            "body-position": "text-center"
          }
        },
        "body_image_Xkpq4G": {
          "type": "body-image",
          "settings": {
            "body-image": "shopify:\/\/shop_images\/Women-6-Boudica.jpg"
          }
        },
        "body_text_mWC7pw": {
          "type": "body-text",
          "settings": {
            "body-copy": "<p>Universally versatile in appearance, ankle boots are, however, synonymous with autumn and winter outfits. Take the classic leather Chelsea boot which we often see with extra luxurious design elements such as <a href=\"\/products\/the-sheepskin-boudica-cognac-nubuck\" title=\"The Sheepskin Boudica - Cognac Nubuck\">soft shearling liners for extra cosiness and a chunky sole<\/a> for an all-terrain boot option making them ideal for colder temperatures. Our go-to winter ankle boot look would be cuffed jeans teamed with a neutral coloured turtle-neck knit and a wax jacket. Finish with a wool beret and matching gloves for an ultra winter-friendly ensemble perfect for chilly walks in the countryside or gathering round an open fire on a cold night.<\/p>",
            "body-wrap": false,
            "body-color": "text-sg-grey-5",
            "body-style": "body-medium",
            "body-position": "text-center"
          }
        },
        "body_text_MCDPyy": {
          "type": "body-text",
          "settings": {
            "body-copy": "<p>The waxed leather material makes for the quintessential winter boot for functionality purposes, as well as fashion; durable enough to be able to take on wet weather whilst also looking absolutely on-trend and complementary to all of your chosen winter outfits. Be sure to take good care of your premium leather ankle boots through the winter months to keep them looking their very best.<\/p>",
            "body-wrap": false,
            "body-color": "text-sg-grey-5",
            "body-style": "body-medium",
            "body-position": "text-center"
          }
        },
        "body_image_7ck4Nn": {
          "type": "body-image",
          "settings": {
            "body-image": "shopify:\/\/shop_images\/Women-7-Chelsea.jpg"
          }
        },
        "body_text_Me8ri9": {
          "type": "body-text",
          "settings": {
            "body-copy": "<p>Next up, stepping into spring with a pair of suede ankle boots can be just the ticket to adding something new and fresh to your existing footwear collection. The transition from the colder months into sunnier days ensures it is an easy swap from premium leather boots to a softer, supple suede. Now is also the perfect time to explore lighter coloured boots to match the lighter weather! Cream coloured suede boots or even navy coloured ankle boots can add extra interest to a spring outfit. Combine your suede ankle boots with white skinny jeans, a shirt tucked into the waistband and accessorise with a silk scarf and leather belt for the epitome of springtime finesse suitable for a whole host of different events. Finish with a lightweight jacket or thin jumper around your shoulders.<\/p>",
            "body-wrap": false,
            "body-color": "text-sg-grey-5",
            "body-style": "body-medium",
            "body-position": "text-center"
          }
        },
        "body_text_WaQ34k": {
          "type": "body-text",
          "settings": {
            "body-copy": "<p>In summertime, ankle boots can often be left behind in the dust and remain untouched until autumn rolls back around - but no more! Why not consider the wonderful leg-elongating benefits of a beautiful heeled ankle boot which can make those summer event outfits even more statement making. A pair of ankle boots can also toughen up a feminine look at summer events such as weddings and garden parties. This is an ideal footwear option if your aesthetic is less about high heels and more about achieving a good level of comfort with your chosen shoes - without compromising on your overall look, of course.<\/p>",
            "body-wrap": false,
            "body-color": "text-sg-grey-5",
            "body-style": "body-medium",
            "body-position": "text-center"
          }
        },
        "body_image_9PBQqh": {
          "type": "body-image",
          "settings": {
            "body-image": "shopify:\/\/shop_images\/Womens-20.jpg"
          }
        },
        "body_text_VzyfmW": {
          "type": "body-text",
          "settings": {
            "body-copy": "<p>Ankle boots worn in the summer can be teamed easily with dresses and skirts of any length, from retro mini skirts to midi-length floaty dresses. Opt for blush suede or cream suede boots for a lighter feel that won’t weigh down your look or make you look too clunky. Going for lighter coloured footwear will also help to create a cohesive look overall as we associate lighter shades with the brighter weather. <\/p>",
            "body-wrap": false,
            "body-color": "text-sg-grey-5",
            "body-style": "body-medium",
            "body-position": "text-center"
          }
        },
        "body_text_QHYFRE": {
          "type": "body-text",
          "settings": {
            "body-copy": "<p>Finally, autumn fashion trends may change year on year, but they also never tend to stray far from a typically chic, darker colour palette as a main element. With this in mind, bring out the rich chocolate shades of brown, striking tan hues and customary yet striking black for sophisticated flat ankle boots that will fit right in with your autumn wardrobe. Bring together chocolate brown leather boots with blue skinny jeans, a fine knit jumper and a quilted gilet for a fashion-forward ensemble to suit any rural escape or countryside pub visit. Heeled black leather boots can also be the cherry on top of the cake as a final flawless addition to a tweed pinafore dress layered over a white shirt and black tights combination.<\/p>",
            "body-wrap": false,
            "body-color": "text-sg-grey-5",
            "body-style": "body-medium",
            "body-position": "text-center"
          }
        },
        "body_image_DbYUNR": {
          "type": "body-image",
          "settings": {
            "body-image": "shopify:\/\/shop_images\/Women-1-Anglsea.jpg"
          }
        },
        "body_text_BGJtUQ": {
          "type": "body-text",
          "settings": {
            "body-copy": "<p>Don’t forget - with the impending changeable weather that the autumn months bring, suede ankle boots are better left at home, so make the switch to a waxed leather ankle boot during this season in order to keep your feet warm and dry. <\/p>",
            "body-wrap": false,
            "body-color": "text-sg-grey-5",
            "body-style": "body-medium",
            "body-position": "text-center"
          }
        },
        "body_text_9t8GyE": {
          "type": "body-text",
          "settings": {
            "body-copy": "<p>No matter the weather or dress code, we love to share our seasonal styling tips. So if you’re preparing to head out to the upcoming Cheltenham Festival or simply considering how to wear your transitional pieces, you can shop the Fairfax & Favor <a href=\"https:\/\/www.fairfaxandfavor.com\/collections\/womens-ankle-boots\"><span style=\"text-decoration:underline\">women’s ankle boots<\/span><\/a> collection to find the perfect boots to complement any outfit. <\/p>",
            "body-wrap": false,
            "body-color": "text-sg-grey-5",
            "body-style": "body-medium",
            "body-position": "text-center"
          }
        }
      },
      "block_order": [
        "6b4b0d31-f48b-4952-b66d-f1b8c2998e0c",
        "body_text_3eB6DB",
        "body_image_Xkpq4G",
        "body_text_mWC7pw",
        "body_text_MCDPyy",
        "body_image_7ck4Nn",
        "body_text_Me8ri9",
        "body_text_WaQ34k",
        "body_image_9PBQqh",
        "body_text_VzyfmW",
        "body_text_QHYFRE",
        "body_image_DbYUNR",
        "body_text_BGJtUQ",
        "body_text_9t8GyE"
      ],
      "custom_css": [
        "h4 {color: #AE8A6B; padding: 0 0 1rem 0; text-decoration: underline;}",
        "h5 {color: #AE8A6B; padding: 1rem 0; text-decoration: underline;}",
        "a {color: #AE8A6B; text-decoration: underline;}",
        "h6 {padding-bottom: 0.5rem;}"
      ],
      "settings": {}
    },
    "main": {
      "type": "main-article",
      "disabled": true,
      "custom_css": [
        "h3 {padding-top: 1rem;}"
      ],
      "settings": {}
    },
    "related-articles": {
      "type": "related-articles",
      "disabled": true,
      "settings": {}
    },
    "discover_style_collection_PNB3UM": {
      "type": "discover-style-collection",
      "disabled": true,
      "settings": {
        "title": "Discover",
        "collection_title": "Ankle Boots",
        "description": "Guaranteed to elevate every outfit while giving you lovely long legs, this luxurious collection of everyday\/everywhere boots genuinely goes with everything.",
        "button_text": "Shop the collection",
        "quick_add": false,
        "collection": "womens-ankle-boots",
        "font": "headline-2",
        "margin_top": "mt-0"
      }
    },
    "filterable_collection_multiple_TzCeJd": {
      "type": "filterable-collection-multiple",
      "blocks": {
        "tag_list_xeEex3": {
          "type": "tag_list",
          "settings": {
            "anchor": "Ankle Boots",
            "collection": "womens-ankle-boots",
            "tag": "",
            "limit": 30
          }
        }
      },
      "block_order": [
        "tag_list_xeEex3"
      ],
      "settings": {
        "title": "Ankle Boots",
        "quick_add": false
      }
    }
  },
  "order": [
    "b6c868ee-bd8b-439d-a02e-505fa82d99d1",
    "0ca16edf-c6da-4626-bd81-73180c075b20",
    "8342365c-05c5-4b6a-a68f-8cd68d02fff6",
    "main",
    "related-articles",
    "discover_style_collection_PNB3UM",
    "filterable_collection_multiple_TzCeJd"
  ]
}