{
  "sections": {
    "banner": {
      "type": "main-collection-banner",
      "settings": {
        "background": ""
      }
    },
    "collection-showcase": {
      "type": "main-collection-showcase",
      "blocks": {
        "ffd126fe-7d5a-454b-bd3a-e76115798d11": {
          "type": "collection",
          "settings": {
            "title": "The Regina Collection",
            "description": "Dressed up or down, the Regina is a true Fairfax & Favor signature. Available in 4 styles.",
            "collection": "the-regina"
          }
        },
        "f273f1a5-902a-470e-826a-7a6f5b3f178a": {
          "type": "collection",
          "settings": {
            "title": "Heeled Boots",
            "description": "Example text",
            "collection": "our-heeled-boots"
          }
        }
      },
      "block_order": [
        "ffd126fe-7d5a-454b-bd3a-e76115798d11",
        "f273f1a5-902a-470e-826a-7a6f5b3f178a"
      ],
      "disabled": true,
      "settings": {}
    },
    "96904f96-22f5-4816-b063-2d17e898cd50": {
      "type": "limited-collection-product-grid",
      "settings": {
        "title": "IN BLACK & WHITE",
        "subtitle": "",
        "link_id": "black-edit",
        "filter": false,
        "list_products": [
          "the-beatrice-cotton-blazer-tri-colour",
          "the-chantilly-heel-black-suede",
          "the-clarence-handbag-black",
          "the-moulton-belt-black-leather",
          "the-esme-boucle-jacket-ecru",
          "the-florence-wedge-ivory",
          "belmont-clutch-bag-black-stone-leather",
          "the-clarence-belt-stone-suede",
          "the-beatrice-wool-blazer-navy",
          "the-epsom-heel-black-velvet",
          "loxley-mini-cross-body-bag-black-leather",
          "the-sennowe-belt-black"
        ],
        "show_add_to_bag": true,
        "products_per_page": 20,
        "check_size_available": false
      }
    },
    "5f13dc5c-ab81-4059-b187-28fdae305fbf": {
      "type": "vimeo",
      "settings": {
        "image": "shopify:\/\/shop_images\/mono-sienna-black-clarence-ascot.webp",
        "video": "",
        "mobile_video": "",
        "video_padding": "20",
        "mobile_video_padding": "200",
        "title": "",
        "background": false,
        "padding": false,
        "padding_side": false,
        "autoplay": false,
        "loop": false,
        "muted": false,
        "description": "",
        "button_text": "",
        "button_link": "",
        "margin_top": "mt-10"
      }
    },
    "af6e12d0-cea3-4599-9dca-4069e7d71084": {
      "type": "limited-collection-product-grid",
      "settings": {
        "title": "SS24 Colourway - Melon",
        "subtitle": "",
        "link_id": "",
        "filter": false,
        "list_products": [
          "monaco-wedge-melon-suede",
          "langham-clutch-melon",
          "highbury-clutch-melon",
          "moulton-belt-melon",
          "valencia-wedge-melon-suede",
          "windsor-basket-bag-melon-leather",
          "the-trinity-driver-melon",
          "the-sennowe-belt-melon-suede"
        ],
        "show_add_to_bag": true,
        "products_per_page": 20,
        "check_size_available": false
      }
    },
    "e468720c-3623-4b89-84f0-0d7fc3a9e7ba": {
      "type": "vimeo",
      "settings": {
        "image": "shopify:\/\/shop_images\/melon-sennowe-langham-clutch-ascot.webp",
        "video": "",
        "mobile_video": "",
        "video_padding": "20",
        "mobile_video_padding": "200",
        "title": "",
        "background": false,
        "padding": false,
        "padding_side": false,
        "autoplay": false,
        "loop": false,
        "muted": false,
        "description": "",
        "button_text": "",
        "button_link": "",
        "margin_top": "mt-10"
      }
    },
    "daa38bd2-1058-4998-a9d1-c82e33d1b1f4": {
      "type": "limited-collection-product-grid",
      "settings": {
        "title": "SS24 Colourway - Porto Blue",
        "subtitle": "",
        "link_id": "",
        "filter": false,
        "list_products": [
          "the-monaco-wedge-porto-blue-suede",
          "mini-windsor-basket-bag-porto-blue-leather",
          "the-monaco-flat-porto-blue",
          "mini-windsor-handbag-porto-blue-suede",
          "newbury-heel-porto-blue-navy",
          "the-finsbury-porto-blue-navy",
          "newbury-pump-porto-blue-navy",
          "the-regina-belt-porto-blue-suede"
        ],
        "show_add_to_bag": true,
        "products_per_page": 20,
        "check_size_available": false
      }
    },
    "692ff01b-1ff4-496f-92e8-a6d5e49dbdbb": {
      "type": "vimeo",
      "settings": {
        "image": "shopify:\/\/shop_images\/porto-monaco-mini-windsor-ascot.webp",
        "video": "",
        "mobile_video": "",
        "video_padding": "20",
        "mobile_video_padding": "200",
        "title": "",
        "background": false,
        "padding": false,
        "padding_side": false,
        "autoplay": false,
        "loop": false,
        "muted": false,
        "description": "",
        "button_text": "",
        "button_link": "",
        "margin_top": "mt-10"
      }
    },
    "16701beb-84ea-4881-8cdf-a951f3b71312": {
      "type": "limited-collection-product-grid",
      "settings": {
        "title": "Blush Edit",
        "subtitle": "",
        "link_id": "blush-edit",
        "filter": false,
        "list_products": [
          "the-chantilly-heel-blush-suede",
          "the-mini-windsor-handbag-blush-croc",
          "the-epsom-heel-blush-suede",
          "the-highbury-blush-croc",
          "the-finsbury-blush-croc",
          "the-sennowe-blush-croc",
          "the-florence-wedge-blush-suede",
          "the-finsbury-clutch-blush"
        ],
        "show_add_to_bag": true,
        "products_per_page": 20,
        "check_size_available": false
      }
    },
    "vimeo_KcxUwQ": {
      "type": "vimeo",
      "settings": {
        "image": "shopify:\/\/shop_images\/blush-highbury-esme-ecru-ascot.webp",
        "video": "",
        "mobile_video": "",
        "video_padding": "20",
        "mobile_video_padding": "200",
        "title": "",
        "background": false,
        "padding": false,
        "padding_side": false,
        "autoplay": false,
        "loop": false,
        "muted": false,
        "description": "",
        "button_text": "",
        "button_link": "",
        "margin_top": "mt-10"
      }
    },
    "d3ad6101-8324-488b-9751-ad81abc17a7a": {
      "type": "limited-collection-product-grid",
      "settings": {
        "title": "Navy Edit",
        "subtitle": "",
        "link_id": "",
        "filter": false,
        "list_products": [
          "the-esme-boucle-jacket-navy",
          "the-epsom-heel-navy",
          "the-finsbury-clutch-navy",
          "the-sennowe-belt-navy",
          "the-london-heel-navy-red",
          "the-highbury-clutch-navy",
          "the-monaco-wedge-navy",
          "the-mini-windsor-handbag-navy-croc-leather"
        ],
        "show_add_to_bag": true,
        "products_per_page": 20,
        "check_size_available": false
      }
    },
    "fe25fe4c-4cd8-4859-b8df-9cc6b8138a0f": {
      "type": "vimeo",
      "custom_css": [],
      "settings": {
        "image": "shopify:\/\/shop_images\/esme-navy-ascot.webp",
        "video": "",
        "mobile_video": "",
        "video_padding": "20",
        "mobile_video_padding": "200",
        "title": "",
        "background": false,
        "padding": false,
        "padding_side": false,
        "autoplay": false,
        "loop": false,
        "muted": false,
        "description": "",
        "button_text": "",
        "button_link": "",
        "margin_top": "mt-10"
      }
    },
    "85fc9d4d-868d-43ac-beee-f6ff8250bea8": {
      "type": "limited-collection-product-grid",
      "settings": {
        "title": "Tan Edit",
        "subtitle": "",
        "link_id": "",
        "filter": false,
        "list_products": [
          "the-quilted-york-heel-tan-suede",
          "the-mini-belmont-tan-suede",
          "the-chantilly-heel-tan-suede",
          "langham-clutch-tan",
          "the-epsom-tan",
          "the-clarence-belt-tan-suede",
          "florence-wedge-tan",
          "the-moulton-belt-tan-leather"
        ],
        "show_add_to_bag": true,
        "products_per_page": 20,
        "check_size_available": false
      }
    },
    "71a4ee36-ba0d-423e-bcc1-3deefb1e63c2": {
      "type": "vimeo",
      "settings": {
        "image": "shopify:\/\/shop_images\/tan-mini-belmont-ascot.webp",
        "video": "",
        "mobile_video": "",
        "video_padding": "20",
        "mobile_video_padding": "200",
        "title": "",
        "background": false,
        "padding": false,
        "padding_side": false,
        "autoplay": false,
        "loop": false,
        "muted": false,
        "description": "",
        "button_text": "",
        "button_link": "",
        "margin_top": "mt-10"
      }
    },
    "da9ce6ba-33b1-4d90-be20-95510a05e04a": {
      "type": "limited-collection-product-grid",
      "custom_css": [],
      "settings": {
        "title": "For him",
        "subtitle": "",
        "link_id": "",
        "filter": false,
        "list_products": [
          "the-chelsea-pine-green",
          "chatsworth-belt-pine-green",
          "the-chelsea-chocolate",
          "the-wentworth-belt-mahogany-leather",
          "the-balmoral-black-leather",
          "narford-belt-black",
          "the-bedingfeld-navy-burgundy",
          "narford-belt-navy",
          "the-houghton-brogues-taupe-suede",
          "the-houghton",
          "the-cambridge-navy",
          "the-cambridge-chocolate"
        ],
        "show_add_to_bag": true,
        "products_per_page": 20,
        "check_size_available": false
      }
    },
    "vimeo_BAemBW": {
      "type": "vimeo",
      "settings": {
        "image": "shopify:\/\/shop_images\/both-ascot.webp",
        "video": "",
        "mobile_video": "",
        "video_padding": "20",
        "mobile_video_padding": "200",
        "title": "",
        "background": false,
        "padding": false,
        "padding_side": false,
        "autoplay": false,
        "loop": false,
        "muted": false,
        "description": "",
        "button_text": "",
        "button_link": "",
        "margin_top": "mt-10"
      }
    },
    "collection-meta": {
      "type": "collection-meta",
      "custom_css": [],
      "settings": {
        "blog_title": "",
        "blog_body": ""
      }
    }
  },
  "order": [
    "banner",
    "collection-showcase",
    "96904f96-22f5-4816-b063-2d17e898cd50",
    "5f13dc5c-ab81-4059-b187-28fdae305fbf",
    "af6e12d0-cea3-4599-9dca-4069e7d71084",
    "e468720c-3623-4b89-84f0-0d7fc3a9e7ba",
    "daa38bd2-1058-4998-a9d1-c82e33d1b1f4",
    "692ff01b-1ff4-496f-92e8-a6d5e49dbdbb",
    "16701beb-84ea-4881-8cdf-a951f3b71312",
    "vimeo_KcxUwQ",
    "d3ad6101-8324-488b-9751-ad81abc17a7a",
    "fe25fe4c-4cd8-4859-b8df-9cc6b8138a0f",
    "85fc9d4d-868d-43ac-beee-f6ff8250bea8",
    "71a4ee36-ba0d-423e-bcc1-3deefb1e63c2",
    "da9ce6ba-33b1-4d90-be20-95510a05e04a",
    "vimeo_BAemBW",
    "collection-meta"
  ]
}