{
  "sections": {
    "banner": {
      "type": "main-collection-banner",
      "settings": {
        "background": ""
      }
    },
    "ac619489-6d89-4017-b435-b1d28e4c562a": {
      "type": "main-collection-product-filter",
      "settings": {}
    },
    "b199aef4-3a25-4420-98c2-a86aaf345efe": {
      "type": "child-collections",
      "settings": {}
    },
    "7662787d-67c2-440c-a2af-1a2c06e5be65": {
      "type": "collection-carousel",
      "disabled": true,
      "settings": {
        "title": "New Arrivals",
        "tag": "new-arrival",
        "limit": 46
      }
    },
    "product-grid": {
      "type": "main-collection-product-grid",
      "custom_css": [
        ".mr-6 {margin-right: 3.5rem;}"
      ],
      "settings": {
        "global_injection_1_image": "shopify:\/\/shop_images\/Card-1_copy_2.webp",
        "global_injection_1_video": "shopify:\/\/files\/videos\/western reel 1.mp4",
        "split_box_1": true,
        "global_injection_1_markup": "<div class=\"px-2 py-12 flex text-center flex-col\">\n\n<div class=\"text-white headline-6 md:headline-4\">\nCowboy Comeback<\/div>\n\n<div class=\"text-white body-medium-serif text-center pt-8 pb-2 \">\n<p class=\"opacity-75\">Depicting playful and bohemian\/ western vibes, the Fringe Collection is a modern take on traditional elements for western wear enthusiasts and fashion-forward individuals alike.<\/p>\n<\/div>\n\n<div class=\"pt-4\">\n<a class=\"cta-1 px-3\" href=\"\/blogs\/journal\/cowboy-comeback\">READ THE BLOG<\/a>\n<\/div>\n<\/div>",
        "global_injection_1_background": "",
        "global_injection_1_markup_position": "justify-end",
        "global_injection_1_markup_position_2": "items-center",
        "global_injection_1_link": "shopify:\/\/blogs\/journal\/cowboy-comeback",
        "global_injection_1_cta": "READ THE BLOG",
        "global_injection_1_cta_custom": "md:py-4 cta-1 mb-2",
        "global_injection_1_cta_position": "justify-center",
        "global_injection_1_cta_position_2": "items-center",
        "global_injection_2_image": "shopify:\/\/shop_images\/collection-box-dress-lyllia-windsor-oakham-stone-ankle-boot.webp",
        "split_box_2": false,
        "three_span_override": true,
        "global_injection_2_markup": "<div class=\"mr-4\">\n<div style=\"\" class=\" flex justify-end items-end w-full pb-4 text-right tracking-wider text-white headline-2\">\nApparel &amp; Clothing<\/div>\n<\/div>",
        "global_injection_2_background": "",
        "global_injection_2_markup_position": "text-right",
        "global_injection_2_markup_position_2": "items-end",
        "global_injection_2_link": "shopify:\/\/collections\/womens-clothing",
        "global_injection_2_cta": "SHOP NOW",
        "global_injection_2_cta_custom": "mb-6 mr-4",
        "global_injection_2_cta_position": "text-right justify-end",
        "global_injection_2_cta_position_2": "items-end",
        "replace_injection": true,
        "global_injection_3_image": "shopify:\/\/shop_images\/GS-CC.jpg",
        "one_width": true,
        "global_injection_3_markup": "<div style=\"padding-bottom:18vh;\" class=\"w-full mx-auto flex flex-col items-center justify-center\">\n\n\n<img alt=\"The Fairfax &amp; Favor Shield\" class=\"h-8 pt-2\" src=\"https:\/\/cdn.shopify.com\/s\/files\/1\/0271\/6001\/files\/white_shield_50662e56-8aca-480f-8edd-8be2ae3d1a0e.png?v=1695225851\">\n\n\n\n<p style=\"font-size: 1vh; padding-top: 0.5vh;\" class=\"flex justify-center items-center w-full mx-auto px-1 text-center  tracking-wider font text-white headline-1 title2\"><\/p>\n\n<p class=\"pt-1 flex justify-center items-center w-full mx-auto px-1 text-center tracking-wider text-white headline-2\">\nOUR GIFT CARDS<\/p>\n\n<p style=\"font-size: 1vh; padding-top: 0.5vh;\" class=\"flex justify-center items-center w-full mx-auto px-1 text-center  tracking-wider font text-white headline-1 title2\">Give them the gift of choice<\/p>\n\n\n<p class=\"pt-4 w-16 border-b border-white\"><\/p>\n<p class=\"pb-4\"><\/p>\n\n\n<\/div>",
        "global_injection_3_background": "linear-gradient(0deg, rgba(31, 42, 68, 0) 51%, rgba(31, 42, 68, 0.78) 97%)",
        "global_injection_3_markup_position": "text-center",
        "global_injection_3_markup_position_2": "items-start",
        "global_injection_3_link": "shopify:\/\/pages\/our-gift-cards",
        "global_injection_3_cta": "SHOP NOW",
        "global_injection_3_cta_custom": "md:py-4 cta-1",
        "global_injection_3_cta_position": "justify-center",
        "global_injection_3_cta_position_2": "items-center",
        "override_injection_1_markup": "",
        "override_injection_1_link": "",
        "override_injection_2_markup": "",
        "override_injection_2_link": "",
        "show-paginate": true,
        "products_per_page": 100,
        "check_size_available": false,
        "pagination_links": false
      }
    },
    "meta": {
      "type": "collection-meta",
      "blocks": {
        "b70de0ad-4888-494f-be61-ba1446d9996e": {
          "type": "faq",
          "source": "{{ collection.metafields.faf.rich_snippet_faqs.value }}",
          "settings": {
            "question": "{{ collection.metafields.faf.rich_snippet_faqs.value.question_1.value }}",
            "answer": "<p>{{ collection.metafields.faf.rich_snippet_faqs.value.answer_1 | metafield_tag }}<\/p>"
          }
        },
        "faq_QVXn7A": {
          "type": "faq",
          "source": "{{ collection.metafields.faf.rich_snippet_faqs.value }}",
          "settings": {
            "question": "{{ collection.metafields.faf.rich_snippet_faqs.value.question_2.value }}",
            "answer": "<p>{{ collection.metafields.faf.rich_snippet_faqs.value.answer_2 | metafield_tag }}<\/p>"
          }
        },
        "e7f3d981-882f-42c5-9438-917520a6d98e": {
          "type": "faq",
          "source": "{{ collection.metafields.faf.rich_snippet_faqs.value }}",
          "settings": {
            "question": "{{ collection.metafields.faf.rich_snippet_faqs.value.question_3.value }}",
            "answer": "<p>{{ collection.metafields.faf.rich_snippet_faqs.value.answer_3 | metafield_tag }}<\/p>"
          }
        }
      },
      "block_order": [
        "b70de0ad-4888-494f-be61-ba1446d9996e",
        "faq_QVXn7A",
        "e7f3d981-882f-42c5-9438-917520a6d98e"
      ],
      "custom_css": [
        "a {-webkit-text-decoration-line: underline; text-decoration-line: underline; --tw-text-opacity: 1; color: rgb(30 41 58 \/ var(--tw-text-opacity));}"
      ],
      "settings": {
        "blog_title": "{{ collection.metafields.faf.blog_to_show.value.title.value }}",
        "blog_body": "{{ collection.metafields.faf.blog_to_show.value.body | metafield_tag }}"
      }
    },
    "7b67608f-01eb-4907-ab4a-828f5a96de6d": {
      "type": "collection-recommend",
      "settings": {}
    },
    "7b67608f-01eb-4907-ab4a-828f5a96de6a": {
      "type": "collection-breadcrumb",
      "settings": {}
    }
  },
  "order": [
    "banner",
    "ac619489-6d89-4017-b435-b1d28e4c562a",
    "b199aef4-3a25-4420-98c2-a86aaf345efe",
    "7662787d-67c2-440c-a2af-1a2c06e5be65",
    "product-grid",
    "meta",
    "7b67608f-01eb-4907-ab4a-828f5a96de6d",
    "7b67608f-01eb-4907-ab4a-828f5a96de6a"
  ]
}