{
  "sections": {
    "83ffe88e-ff1f-4891-90da-70cf6d1206e3": {
      "type": "stylised-header",
      "blocks": {
        "b0e23104-27bb-42e3-bb2d-f6017d36e41c": {
          "type": "title",
          "settings": {
            "title": "WHAT TO WEAR AT CHELTENHAM RACES",
            "color-from": "#ffffff",
            "color-to": "#AE8A6B",
            "custom_css": ""
          }
        },
        "e761f803-4604-46c0-8339-cfaa857e18db": {
          "type": "text",
          "settings": {
            "line-one": "Whatever the demands for Cheltenham Festival - Ladies Day, or even the Gold Cup, you'll find your perfect races outfit here.",
            "body_style": "",
            "copy-color": "#ffffff"
          }
        }
      },
      "block_order": [
        "b0e23104-27bb-42e3-bb2d-f6017d36e41c",
        "e761f803-4604-46c0-8339-cfaa857e18db"
      ],
      "settings": {
        "hero_image": "shopify:\/\/shop_images\/Chel-Hero.jpg",
        "gradient-mobile": "linear-gradient(360deg, rgba(31, 42, 68, 1) 9%, rgba(31, 42, 68, 0) 68%)",
        "gradient-height": 16,
        "gradient-width": 16,
        "gradient-desktop": "linear-gradient(89deg, rgba(33, 37, 68, 0) 0.719%, rgba(31, 42, 68, 0) 32%, rgba(31, 42, 68, 1) 79%)",
        "bg-color": "#1E293A"
      }
    },
    "banner": {
      "type": "main-collection-banner",
      "disabled": true,
      "settings": {
        "background": ""
      }
    },
    "collection-showcase": {
      "type": "main-collection-showcase",
      "blocks": {
        "ffd126fe-7d5a-454b-bd3a-e76115798d11": {
          "type": "collection",
          "settings": {
            "title": "The Regina Collection",
            "description": "Dressed up or down, the Regina is a true Fairfax & Favor signature. Available in 4 styles.",
            "collection": "the-regina"
          }
        },
        "f273f1a5-902a-470e-826a-7a6f5b3f178a": {
          "type": "collection",
          "settings": {
            "title": "Heeled Boots",
            "description": "Example text",
            "collection": "our-heeled-boots"
          }
        }
      },
      "block_order": [
        "ffd126fe-7d5a-454b-bd3a-e76115798d11",
        "f273f1a5-902a-470e-826a-7a6f5b3f178a"
      ],
      "disabled": true,
      "settings": {}
    },
    "custom_liquid_9xjb3M": {
      "type": "custom-liquid",
      "settings": {
        "custom_liquid": "<div class=\"faf-container\">\n<h3 class=\" md:w-1\/2 mx-auto text-center text-sg-grey-5 body-medium-serif\">\nWhen fashion and style matter the most, let us help you find your new go-to boots, covetable clothing, head turning outfits and must have bags - find your perfect race day outfit for the Cheltenham Races.\n<\/h3>\n<\/div>",
        "color_scheme": "background-1",
        "padding_top": 40,
        "padding_bottom": 52
      }
    },
    "16701beb-84ea-4881-8cdf-a951f3b71312": {
      "type": "limited-collection-product-grid",
      "settings": {
        "title": "Tan Edit for LADIES DAY",
        "subtitle": "",
        "link_id": "tan-edit",
        "filter": false,
        "list_products": [
          "the-victoria-wool-coat-camel",
          "the-buckingham-cross-body-bag-tan-suede",
          "the-quilted-chiswick-ankle-boot-tan-suede",
          "the-regina-belt-tan",
          "the-grace-trench-coat-tan-suede",
          "the-heeled-regina-tan-leather-leather-boot",
          "the-frances-jacket-tan-suede",
          "the-loxley-mini-cross-body-bag-tan-leather"
        ],
        "show_add_to_bag": true,
        "products_per_page": 20,
        "check_size_available": false
      }
    },
    "592cb3b7-ebef-4474-a79b-2d7b4cb485a9": {
      "type": "limited-collection-product-grid",
      "disabled": true,
      "settings": {
        "title": "",
        "subtitle": "",
        "link_id": "",
        "filter": false,
        "list_products": [
          "the-alice-gilet-tan-nubuck",
          "the-amira-tan",
          "quilted-finsbury-cross-body-bag-tan-suede",
          "the-signature-gloves-tan-leather"
        ],
        "show_add_to_bag": true,
        "products_per_page": 20,
        "check_size_available": false
      }
    },
    "custom_liquid_HpqRFm": {
      "type": "custom-liquid",
      "settings": {
        "custom_liquid": "",
        "color_scheme": "background-1",
        "padding_top": 40,
        "padding_bottom": 0
      }
    },
    "collections_catalog_9TBQjP": {
      "type": "collections-catalog",
      "blocks": {
        "collection_UCNzhk": {
          "type": "collection",
          "settings": {
            "image": "shopify:\/\/shop_images\/collection-sienna-cape-hounds.jpg",
            "font_color": "text-white",
            "title": "Capes",
            "link": "shopify:\/\/collections\/womens-capes"
          }
        },
        "collection_RJ9dXa": {
          "type": "collection",
          "settings": {
            "image": "shopify:\/\/shop_images\/Menu-Accessories.jpg",
            "font_color": "text-white",
            "title": "Small bags",
            "link": "shopify:\/\/collections\/small-bags"
          }
        },
        "collection_qhRRxx": {
          "type": "collection",
          "settings": {
            "image": "shopify:\/\/shop_images\/collection-victoria-gloves.jpg",
            "font_color": "text-white",
            "title": "Coats",
            "link": "shopify:\/\/collections\/trench-coats"
          }
        }
      },
      "block_order": [
        "collection_UCNzhk",
        "collection_RJ9dXa",
        "collection_qhRRxx"
      ],
      "settings": {
        "title": "Discover"
      }
    },
    "96904f96-22f5-4816-b063-2d17e898cd50": {
      "type": "limited-collection-product-grid",
      "settings": {
        "title": "DRESS FOR THE RACES WITH THE NAVY EDIT",
        "subtitle": "",
        "link_id": "navy-edit",
        "filter": false,
        "list_products": [
          "the-frances-trench-coat-navy-suede",
          "the-richmond-messenger-bag-navy",
          "the-edward-gilet-navy-herringbone",
          "the-rockingham-chelsea-boot-ink-suede"
        ],
        "show_add_to_bag": true,
        "products_per_page": 20,
        "check_size_available": false
      }
    },
    "d3ad6101-8324-488b-9751-ad81abc17a7a": {
      "type": "limited-collection-product-grid",
      "settings": {
        "title": "",
        "subtitle": "",
        "link_id": "",
        "filter": false,
        "list_products": [
          "the-madeline-wool-gilet-navy-velvet",
          "the-soho-ink-suede",
          "quilted-highbury-clutch-navy-velvet",
          "the-sennowe-belt-navy-croc"
        ],
        "show_add_to_bag": true,
        "products_per_page": 20,
        "check_size_available": false
      }
    },
    "custom_liquid_nkBcz7": {
      "type": "custom-liquid",
      "settings": {
        "custom_liquid": "",
        "color_scheme": "background-1",
        "padding_top": 24,
        "padding_bottom": 20
      }
    },
    "spotted_gallery_edVige": {
      "type": "spotted-gallery",
      "blocks": {
        "spotted_in_NHhdnE": {
          "type": "spotted_in",
          "settings": {
            "image": "shopify:\/\/shop_images\/zaratindall.jpg",
            "title": "Zara Tindall",
            "sub_title": "British Eventer",
            "product": "the-frances-trench-coat-khaki-suede"
          }
        },
        "spotted_in_iUHhmK": {
          "type": "spotted_in",
          "settings": {
            "image": "shopify:\/\/shop_images\/rosie-tapner.jpg",
            "title": "Rosie Tapner",
            "sub_title": "Television Presenter & Model",
            "product": "the-victoria-wool-coat-camel"
          }
        },
        "spotted_in_KQhibq": {
          "type": "spotted_in",
          "settings": {
            "image": "shopify:\/\/shop_images\/alyvance.jpg",
            "title": "Aly Vance",
            "sub_title": "Television Presenter & Journalist",
            "product": "the-victoria-wool-coat-navy"
          }
        },
        "spotted_in_HzcF9D": {
          "type": "spotted_in",
          "settings": {
            "image": "shopify:\/\/shop_images\/ZARA-TINDALL-edit.jpg",
            "title": "Zara Tindall",
            "sub_title": "British Eventer",
            "product": ""
          }
        },
        "spotted_in_bH9i7L": {
          "type": "spotted_in",
          "settings": {
            "image": "shopify:\/\/shop_images\/carolvorderman.png",
            "title": "Carol Vorderman",
            "sub_title": "Television Presenter & Author",
            "product": "the-sienna-cape-taupe"
          }
        },
        "spotted_in_AUXpT6": {
          "type": "spotted_in",
          "settings": {
            "image": "shopify:\/\/shop_images\/meg_nicholls97_1b2830dc-2b25-4c2e-b61b-c3da7d55acf2.jpg",
            "title": "Megan Nicholls",
            "sub_title": "ITV Racing Presenter & Jockey",
            "product": "the-valencia-navy"
          }
        },
        "spotted_in_AbtmVi": {
          "type": "spotted_in",
          "settings": {
            "image": "shopify:\/\/shop_images\/francesca_cumani.jpg",
            "title": "Francesca Cumani",
            "sub_title": "ITV Racing Presenter",
            "product": "the-amira-black"
          }
        }
      },
      "block_order": [
        "spotted_in_NHhdnE",
        "spotted_in_iUHhmK",
        "spotted_in_KQhibq",
        "spotted_in_HzcF9D",
        "spotted_in_bH9i7L",
        "spotted_in_AUXpT6",
        "spotted_in_AbtmVi"
      ],
      "settings": {
        "title": "Spotted at the Races",
        "subtitle": "#Fairfaxandfavor"
      }
    },
    "85fc9d4d-868d-43ac-beee-f6ff8250bea8": {
      "type": "limited-collection-product-grid",
      "settings": {
        "title": "Dress for the Winter Races",
        "subtitle": "",
        "link_id": "black-edit",
        "filter": false,
        "list_products": [
          "the-sienna-wool-cape-monochrome-houndstooth",
          "the-quilted-york-heel-black-suede",
          "the-stratford-quilted-purse-black-leather",
          "the-signature-gloves-black-leather"
        ],
        "show_add_to_bag": true,
        "products_per_page": 20,
        "check_size_available": false
      }
    },
    "af6e12d0-cea3-4599-9dca-4069e7d71084": {
      "type": "limited-collection-product-grid",
      "settings": {
        "title": "",
        "subtitle": "",
        "link_id": "",
        "filter": false,
        "list_products": [
          "the-windsor-black",
          "the-upton-black-leather",
          "quilted-finsbury-cross-body-bag-black-suede",
          "the-moulton-belt-black-leather"
        ],
        "show_add_to_bag": true,
        "products_per_page": 20,
        "check_size_available": false
      }
    },
    "ce82f3fd-4f20-4191-92d0-2821f1357f47": {
      "type": "blog-section",
      "settings": {
        "block_image": "shopify:\/\/shop_images\/collection-box-blog-ankle-boot-8.jpg",
        "order": false,
        "block_title": "What to wear to the races",
        "block_content": "This exhilarating event is always at the top of our events calendar, and we couldn’t think of a better way to kick off the season. We look at what to wear when the event comes along",
        "block_link": "shopify:\/\/blogs\/journal\/what-to-wear-to-the-races",
        "button_text": "READ The Blog"
      }
    },
    "17ed8a68-2868-4d8b-9bc8-6c544769bb36": {
      "type": "limited-collection-product-grid",
      "settings": {
        "title": "Cheltenham festival favourites- Choose chocolate",
        "subtitle": "",
        "link_id": "testarea",
        "filter": false,
        "list_products": [
          "the-tetbury-chocolate",
          "the-heeled-regina-chocolate-suede-boot",
          "mini-windsor-handbag-chocolate-suede",
          "the-chiltern-coin-purse-chocolate"
        ],
        "show_add_to_bag": true,
        "products_per_page": 20,
        "check_size_available": false
      }
    },
    "da9ce6ba-33b1-4d90-be20-95510a05e04a": {
      "type": "limited-collection-product-grid",
      "settings": {
        "title": "For him",
        "subtitle": "",
        "link_id": "",
        "filter": false,
        "list_products": [
          "the-edward-gilet-khaki-herringbone",
          "the-chelsea-cognac",
          "the-cambridge-chocolate",
          "the-westminster-wallet-tan-leather"
        ],
        "show_add_to_bag": true,
        "products_per_page": 20,
        "check_size_available": false
      }
    },
    "collection-meta": {
      "type": "collection-meta",
      "settings": {
        "blog_title": "",
        "blog_body": ""
      }
    },
    "0dc0e5cb-a766-4ac1-93e7-d9252c90ed60": {
      "type": "custom-liquid",
      "settings": {
        "custom_liquid": "<div class=\"bg-white -mb-8 w-full\">\n<\/div>",
        "color_scheme": "background-1",
        "padding_top": 0,
        "padding_bottom": 0
      }
    }
  },
  "order": [
    "83ffe88e-ff1f-4891-90da-70cf6d1206e3",
    "banner",
    "collection-showcase",
    "custom_liquid_9xjb3M",
    "16701beb-84ea-4881-8cdf-a951f3b71312",
    "592cb3b7-ebef-4474-a79b-2d7b4cb485a9",
    "custom_liquid_HpqRFm",
    "collections_catalog_9TBQjP",
    "96904f96-22f5-4816-b063-2d17e898cd50",
    "d3ad6101-8324-488b-9751-ad81abc17a7a",
    "custom_liquid_nkBcz7",
    "spotted_gallery_edVige",
    "85fc9d4d-868d-43ac-beee-f6ff8250bea8",
    "af6e12d0-cea3-4599-9dca-4069e7d71084",
    "ce82f3fd-4f20-4191-92d0-2821f1357f47",
    "17ed8a68-2868-4d8b-9bc8-6c544769bb36",
    "da9ce6ba-33b1-4d90-be20-95510a05e04a",
    "collection-meta",
    "0dc0e5cb-a766-4ac1-93e7-d9252c90ed60"
  ]
}