{
  "sections": {
    "main": {
      "type": "sustainability",
      "blocks": {
        "step_1": {
          "type": "step",
          "disabled": true,
          "settings": {
            "step_title": "Sustainably sourced",
            "image_upper": "shopify:\/\/shop_images\/LWG.webp",
            "title_upper": "Let’s start with the basics",
            "content_upper": "<span class=\"body-medium-serif\">Our luscious leathers and sumptuous suedes are made with hides from the meat and dairy industry – in other words, by-products that would otherwise have gone to waste. Better a beautiful Brompton or Belgravia than the bin, right?\n<br><br>\nEnergy consumption is one of the fashion industry’s biggest environmental issues, so it’s something we’re particularly conscious of. That’s why we use a tannery awarded Silver Status by the Leather Working Group.\n<br><br>\nIt’s also why our suede and leather providers now undergo highly detailed environmental audits covering their water usage, air and noise emissions, use of restricted substances, energy consumption, effluent treatment, traceability and   production processes.\n<br><br>\nWhat’s more, our tannery sources the majority of its energy from a solar power system on the roof of their own building, and everything else from certified \nsustainable energy suppliers. It’s also working towards fully carbon \nneutral production!<\/span>",
            "button_link": "",
            "button_text": "",
            "image_lower": "shopify:\/\/shop_images\/Sedex.jpg",
            "title_lower": "SUSTAINABLE MANUFACTURING",
            "content_lower": "<p class=\"headline-4 pb-4\">WE’RE PICKY ABOUT WHO WE PARTNER WITH<\/p>\n\n<span class=\"body-medium-serif\">We only work with manufacturers who they take their responsibilities to their teams, communities and environment as seriously as we do. All of our factories and suppliers are approved by Sedex, the world’s leading organisation for companies to manage and improve working conditions in global supply chains. Sedex carry out in-depth social audits under the four pillars of SMETA which are Labour, Health &amp; Safety, Environmental issues and Business Ethics – so you can be sure they’ve had a thorough vetting.\n<br><br>\nSustainability is about people as well as planet, so we pride ourselves on being able to ensure all employees throughout our supply chain are treated and paid fairly. Great working conditions are guaranteed, too – whether that’s free transport, free meals, rewriting contracts for mums and pregnant women or yoga and meditation rooms. <br><br>\nIn short, you can have the confidence that every pair of hands that’s touched your boots before they slip onto your feet has been happy to be a part of their journey to your wardrobe.<\/span>"
          }
        },
        "step_2": {
          "type": "step",
          "disabled": true,
          "settings": {
            "step_title": "Picky about packaging",
            "image_upper": "shopify:\/\/shop_images\/Combined_b9a261ea-2460-4b31-a896-b268da20703a.webp",
            "title_upper": "",
            "content_upper": "There’s nothing more exciting than a blue box delivery, but it feels even better knowing it’s part of a sustainable process. Our famous boxes are made from recycled materials and designed to be used again and again – use them for keeping your boots, bags and shoes in great condition for years to come. \n<br><br>\nAll our other outgoing packaging is 100% recyclable, even the tape (remember to remove it and recycle separately). and we’re now keeping your Fairfax &amp; Favor goodies safe in transit with a recycled corrugated paper void filler instead of bubble wrap.<br><br>\nAll deliveries to our warehouse are in recyclable and recycled cartons \n(that’s an endless recycling cycle right there). In partnership with Veolia, \nour cardboard skip collects these empty cartons each week and recycles \nover 50 tonnes each year!",
            "button_link": "",
            "button_text": "",
            "image_lower": "shopify:\/\/shop_images\/MG_1847_523322fc-7a54-4371-9a8d-eaec59782854.jpg",
            "title_lower": "People and planet",
            "content_lower": "Sustainability is about people as well as planet, so we’re hot on staff wellbeing and working practices among our suppliers. We only work with companies who take their responsibilities to their teams, communities and environment as seriously as we do.\n<br><br>\nFrom transport support to nutritious meals to empowering young mothers, our suppliers are doing great things for their people. That gives you the confidence that every pair of hands that’s touched your boots before they slip onto your feet has been happy to be a part of their journey to your wardrobe."
          }
        },
        "step_3": {
          "type": "step",
          "disabled": true,
          "settings": {
            "step_title": "Doing our bit",
            "image_upper": "shopify:\/\/shop_images\/veolia.jpg",
            "title_upper": "It wouldn’t be fair",
            "content_upper": "to place such rigorous sustainability demands on our suppliers if we didn’t do the same on ourselves, so here are just a few of our hands-on initiatives here at Fairfax &amp; Favor HQ:",
            "button_link": "",
            "button_text": "",
            "image_lower": "shopify:\/\/shop_images\/Odd_Shoes_7ccc8aed-2411-465f-954b-924c1ee893aa.webp",
            "title_lower": "",
            "content_lower": "<ul>\n<li class=\"body-medium-serif\">\nOffice heating – we’ve reduced our CO2 output by up to 9.5 tonnes a year by heating our office with a wood chip burner, sourcing wood from cleared or storm damaged wood from the estate itself.\n<\/li>\n<br>\n<li class=\"body-medium-serif\">\nTransport – we operate a cycle to work scheme.\n<\/li>\n<br>\n<li class=\"body-medium-serif\">\nTech equipment – when we upgrade our IT stuff, we recycle old kit by donating it to charity or selling it on.\n<\/li>\n<br>\n<li class=\"body-medium-serif\">\nOdd and sample shoes – forget landfill! Our odd or sample shoes go to Jo’s Odd Shoes (<a href=\"\/blogs\/journal\/fancy-flamingos\" class=\"underline\">more here<\/a>), and we donate our seconds to Depop, eBay and sample sales.\n\n<\/li>\n<\/ul>"
          }
        },
        "step_4": {
          "type": "step",
          "disabled": true,
          "settings": {
            "step_title": "STEP FOUR: <br>HANDS ON GREEN",
            "image_upper": "shopify:\/\/shop_images\/boys_e9a4c571-078b-4d36-8ac1-47b290550e3c.jpg",
            "title_upper": "Responsible business",
            "content_upper": "As much as we know that our main environmental impacts come from outside of our stables (office), and we have therefore addressed our materials, manufacturing, and packaging first… it is just as important to keep the green energy up in house. This is where we will come up with new ideas, hold ourselves accountable, and get excited about a more sustainable future for our company, after all.\n<br><br>\nSo here are just a few of our hands-on initiatives:\n<br><br>\nOur office is heated with a wood chip burner with wood sourced from the estate itself. Sometimes this has been cleared for a specific purpose, at other times it has been storm damaged etc. So far this reduced our carbon dioxide output by up to 9.5 tonnes per year.\n<br><br>\nWe operate a cycle to work scheme.",
            "button_link": "",
            "button_text": "",
            "image_lower": "shopify:\/\/shop_images\/Odd_Shoes.webp",
            "title_lower": "",
            "content_lower": "We encourage recycling onsite with different bins for different materials.\n<br><br>\nWhen upgrading our IT or tech equipment, we recycle old items by donating them to charity or onward selling.<br><br>\nOur shoes are designed to be slow fashion: they should last for years if treated correctly.\n<br><br>\nWe avoid putting odd or sample shoes in landfills by donating to Jo’s Odd Shoes <a href=\"\/blogs\/journal\/fancy-flamingos\" class=\"underline \">check out our full blog on this here<\/a>, and we all donate our seconds on depop\/ ebay\/ sample sales.\n<br><br>\nOur customers follow suit, with many remarkable second-hand selling groups being set up online (just one of these groups has over 34,000 members).\n<br><br>\nAnd this is all because our team is particularly passionate about this new step in the Fairfax and Favor story:"
          }
        }
      },
      "block_order": [
        "step_1",
        "step_2",
        "step_3",
        "step_4"
      ],
      "custom_css": [
        ".pt-10 {padding-top: 0;}"
      ],
      "settings": {
        "title": "REVIEWS",
        "intro": "<p class=\"headline-2 pb-6\">22nd of March 2023 is World Water Day<\/p>\n\n<p class=\"pb-2 body-medium-serif\">We've partnered with Greenspark to offset our CO2 Emissions - as part of our partnership we are working with Plastic Bank to reduce plastic pollution and transform plastic waste into empowering income.\n<\/p>\n\n<p class=\"pb-2 body-medium-serif\">In just 7 months we have become one of Greenspark's top 10 plastic rescuers - With <span class=\"underline\">63,000<\/span> plastic bottles rescued from the oceans.\n<\/p>\n\n<p class=\"pb-2 body-medium-serif\">This is equivalent to:<\/p>\n\n<img src=\"https:\/\/cdn.shopify.com\/s\/files\/1\/0271\/6001\/files\/Screenshot_2023-03-22_at_08.56.20.png?v=1679475436\" class=\"pt-2 mx-auto\">\n\n<p class=\"pt-4 body-medium-serif\">Learn more about the work done here<\/p>\n\n<a href=\"https:\/\/www.getgreenspark.com\/projects\/the-plastic-bank-turning-plastic-pollution-into-empowering-income\" style=\"font-family: gill-sans-nova,sans-serif; \" class=\"my-4 mx-auto w-56 btn-rounded\">learn more<\/a>\n\n<p class=\"pt-4 body-medium-serif\">But... We want to do more...<\/p>",
        "hero_image": "shopify:\/\/shop_images\/Banner_945956d1-fe80-4bb1-bbd4-890ad47295f2.webp",
        "background": "bg-[#033E28]",
        "text-position": ""
      }
    },
    "647f9d5d-47eb-4d8b-b804-d87b9f1b55ba": {
      "type": "markup",
      "disabled": true,
      "custom_css": [
        ".space-y-6 > :not([hidden]) ~ :not([hidden]) {margin-top: 0;}"
      ],
      "settings": {
        "content": ""
      }
    },
    "8a1b9e3e-5a4f-4d87-9fad-12b7c358c887": {
      "type": "markup",
      "settings": {
        "content": "<div class=\"bg-sg-grey-1\" style=\"margin-bottom: 3.5rem; margin-top: 3.5rem;\">\n\n<div class=\"faf-container mx-auto text-center space-y-6 px-12 max-w-3xl mx-auto\">\n\n<h3 class=\"headline-4 pt-8\">How you can help<\/h3>\n\n\n<p class=\"body-medium-serif\">We, and Greenspark, want to remove 20,000 bottles from the ocean <span class=\"underline\">today<\/span>!<\/p>\n\n\n<p class=\"body-medium-serif\">For every review left on the Yotpo Platform, we will rescuse 2 plastic bottles in your name - Greenspark have then pedged to double the total amount of bottles rescused on top!<\/p>\n\n<\/div>\n\n\n<div class=\"mx-auto py-8 flex justify-center\">\n<a href=\"https:\/\/app.getgreenspark.com\/dashboard\/1662041649404\/fairfax-&amp;-favor?utm_source=fairfax-&amp;-favor\" rel=\"nofollow\" target=\"_blank\" style=\"border: 0;\"><img loading=\"lazy\" style=\"max-width:100%; max-height:250px;\" src=\"https:\/\/get-mads.fra1.digitaloceanspaces.com\/plastic_carbon_tree_green\/fairfax-&amp;-favor38\" alt=\"Greenspark | Plastic &amp; Carbon Offset\"><\/a>\n\n\n<\/div>\n\n<p class=\"pb-8 text-center body-medium-serif\">We'd love to hit this target, so leave us a review, and help us rescue even more!<\/p>\n<\/div>"
      }
    },
    "a00ab986-f548-4f17-8901-c27cef04281e": {
      "type": "markup",
      "disabled": true,
      "settings": {
        "content": "<div class=\"bg-[#033E28]\">\n\n<div class=\"faf-container pt-8 text-white text-center\">\n\n<div class=\"space-y-6 px-8 max-w-3xl mx-auto\">\n\n\n\n\n\n<div class=\"mx-auto pb-6 md:py-8 flex justify-center\">\n\n\n<a href=\"https:\/\/app.getgreenspark.com\/dashboard\/1662041649404\/fairfax-&amp;-favor?utm_source=fairfax-&amp;-favor\" rel=\"nofollow\" target=\"_blank\" style=\"border: 0;\"><img loading=\"lazy\" style=\"max-width:100%; max-height:150px;\" src=\"https:\/\/get-mads.fra1.digitaloceanspaces.com\/plastic_beige\/fairfax-&amp;-favor38\" alt=\"Greenspark | Plastic &amp; Carbon Offset\"><\/a>\n\n\n\n\n<\/div>\n<\/div>\n<\/div>\n\n<div class=\"text-white text-center space-y-6 px-9 max-w-3xl mx-auto pb-8 md:pb-20\">\n<p class=\"body-medium-serif\">\nEden Reforestation Projects is on a mission to combat deforestation by employing local communities to plant trees, providing an empowering means to alleviate extreme poverty through environmental stewardship.\n<\/p>\n\n<p class=\"body-medium-serif\">\nPlastic Bank® builds ethical recycling ecosystems in coastal communities while simultaneously creating positive economic opportunities for those who helped collect it.\n<\/p>\n\n<p class=\"body-medium-serif\">\nWhat’s even more amazing is that we’re giving you, our customers, the chance to help us on this journey by leaving a review on Yotpo when invited. For every review you leave, we’ll plant a tree in your name – so you too can help fight poverty and climate change.\n<\/p>\n\n<p class=\"body-medium-serif\">\nRead more on Greenspark’s <a href=\"https:\/\/www.getgreenspark.com\/projects\" class=\"underline\">life-changing projects<\/a>.\n<\/p>\n\n<\/div>\n<\/div>"
      }
    },
    "85939a18-15de-48a1-8cdb-9aab95f2c2b9": {
      "type": "markup",
      "disabled": true,
      "settings": {
        "content": "<div class=\"faf-container\"><p class=\"py-10 text-center headline-1 text-sg-navy\">the headlines<\/p><\/div>"
      }
    },
    "26ed6bbf-7400-498c-9b60-c3ed053b0190": {
      "type": "markup",
      "disabled": true,
      "settings": {
        "content": "<div class=\"faf-container\"><p class=\"py-10 text-center headline-1 text-sg-navy\">NEW FOR 2023<\/p><\/div>"
      }
    },
    "aa1cc19c-1211-4c56-8d75-a140f5d20ba4": {
      "type": "markup",
      "disabled": true,
      "settings": {
        "content": "<div class=\"bg-[#033E28]\">\n\n<div class=\"faf-container pt-8 text-white text-center\">\n\n<div class=\"space-y-6 px-8 max-w-3xl mx-auto\">\n\n\n<div class=\"text-white text-center space-y-6 max-w-3xl mx-auto pb-8\">\n<p class=\"body-medium-serif\">\nAt Fairfax and Favor it is our objective that each and every product is made to last. We believe our products should be used and loved, then repaired not replaced. This is why we have partnered with the amazing Boot Repair Company!\n<\/p>\n\n<p class=\"body-medium-serif\">\nTogether we are committed to provide you with an environmentally friendly service that allows no product to go to waste, and instead repaired to be loved and used again and again.\n<\/p>\n\n<p class=\"headline-4\">\nOUR GOALS\n<\/p>\n\n<p class=\"body-medium-serif\">\nTo Become B-Corps certified by 2024\n<\/p>\n\n<p class=\"body-medium-serif\">\nTo have full traceability within the supply chain from farm to foot by 2025\n<\/p>\n\n<p class=\"body-medium-serif\">\nOffset carbon across all sites by end of 2023\n<\/p>\n\n<\/div>\n<\/div>\n<\/div>\n<\/div>"
      }
    },
    "36563168034e6bd3b6": {
      "type": "markup",
      "disabled": true,
      "settings": {
        "content": "<div class=\"bg-[#033E28]\">\n<div class=\"faf-container py-20 text-white text-center\">\n<div class=\"space-y-6 px-12 max-w-3xl mx-auto\">\n<h3 class=\"headline-1\">OVER TO YOU!<\/h3>\n<p class=\"body-medium-serif\">We know our lovely customers are already joining us in our quest for greater sustainability, with many amazing second-hand selling groups being set up online (just one of them has over 34,000 members). That said, we’d love to hear your ideas on what else we can be doing on the sustainability front!<\/p>\n\n<p class=\"body-medium-serif\">We would love to hear from you.<\/p>\n<p><a href=\"\/pages\/contact-us\" class=\"cta-2\">Get in contact<\/a><\/p>\n<p class=\"body-medium-serif\">And meanwhile watch this space for a series of exciting blogs to keep you up to date on all of the little steps that make a giant leap for Fairfax &amp; Favor towards being truly sustainable.<\/p>\n<\/div>\n<\/div>\n<\/div>"
      }
    },
    "e7f46791-6296-4709-8505-5c224ab65786": {
      "type": "custom-liquid",
      "custom_css": [
        ".yotpo-default-button {width: 14rem; border-radius: 999px; background-color: #1E293A; font-family: gill-sans-nova, sans-serif; font-size: 14px; line-height: 1.1em; letter-spacing: 0.1em; padding-top: 0.9rem; padding-bottom: 1rem;}",
        ".yotpo-footer {display: none;}",
        ".yotpo-label {display: none;}",
        ".yotpo-popup-box-medium {display: flex; justify-content: center;}",
        ".yotpo-default-button {margin: 0;}",
        ".footer-actions {display: none;}",
        ".yotpo-bottomline {display: none;}",
        "div {font-family: gill-sans-nova, sans-serif; font-size: 16px; line-height: 1.4em;}"
      ],
      "settings": {
        "custom_liquid": "<style>\n\n\n<\/style>\n\n\n<script type=\"text\/javascript\"> (function e(){var e=document.createElement(\"script\");e.type=\"text\/javascript\",e.async=!0, e.src=\"\/\/staticw2.yotpo.com\/6z6kVi1SvKYvxm64HoS8w0qq5ajBErLeSAlHeqT3\/widget.js\";var t=document.getElementsByTagName(\"script\")[0]; t.parentNode.insertBefore(e,t)})(); <\/script>\n<div class=\"faf-container\" id='yotpo-testimonials-custom-tab'><\/div>",
        "color_scheme": "background-1",
        "padding_top": 40,
        "padding_bottom": 52
      }
    }
  },
  "order": [
    "main",
    "647f9d5d-47eb-4d8b-b804-d87b9f1b55ba",
    "8a1b9e3e-5a4f-4d87-9fad-12b7c358c887",
    "a00ab986-f548-4f17-8901-c27cef04281e",
    "85939a18-15de-48a1-8cdb-9aab95f2c2b9",
    "26ed6bbf-7400-498c-9b60-c3ed053b0190",
    "aa1cc19c-1211-4c56-8d75-a140f5d20ba4",
    "36563168034e6bd3b6",
    "e7f46791-6296-4709-8505-5c224ab65786"
  ]
}