{
  "sections": {
    "splash": {
      "type": "page-header",
      "settings": {}
    },
    "header": {
      "type": "cs-header",
      "settings": {}
    },
    "0d2404c2-4fbb-4f44-a692-a3b86f58b98b": {
      "type": "cs-faqs",
      "blocks": {
        "5a20c87b-7b16-4153-b990-85811e7d20b7": {
          "type": "question",
          "settings": {
            "question": "Brightpearl Order Download",
            "answer": "<ul class=\"list-disc ml-4\">\n<li>No ability for post purchase upsell<\/li>\n<li>No provision for Fraud checks<\/li>\n<li>No provision for Customer Service to adjust or amend\/ edit orders<\/li>\n<li>No provision to handle subsequent exchanges, adjustments, or additions (online or POS)<\/li>\n<li>No control over downloading of order even if \"unpaid\" or additional steps needed to complete <\/li>\n<\/ul>",
            "international": false
          }
        },
        "bcf59175-4112-4eb3-b40f-c2d035898b6b": {
          "type": "question",
          "settings": {
            "question": "Brightpearl order handling",
            "answer": "<ul class=\"list-disc ml-4\">\n<li>Order notes being handled as part of the order itself<\/li>\n<li>Dispatch times cannot be adjusted, or items placed on delayed dispatch<\/li>\n<li>Requirements for items being sent via a specific delivery method means that estimated processing time\/ dispatch time\/ arrival time features cannot be used in Shopify - as custom delivery method names are not supported<\/li>\n<li>Correct courier for the front end and customer tracking number requires arbitrary and  illogical set up<\/li>\n<li>Handling additional attributes, additions, automations (such as adding garment bags, or defining as a men's item) - currently depends on checkout level attributes being applies, which doesn't apply to POS, which are added as an order attribute, which is mapped to a Brightpearl custom field<\/li>\n<li>Gift messages as an item level attribute rather than separately for handling by PVX<\/li>\n<li>Address handling - Applepay or quickpay options appearing on one line and not delimited or separated<\/li>\n<li>No address handling for incorrect, inaccurate or address cleansing in the connector<\/li>\n<\/ul>",
            "international": false
          }
        },
        "99c5a3b8-97a2-4743-ac8c-ed8200ab364f": {
          "type": "question",
          "settings": {
            "question": "Financial handling",
            "answer": "<ul class=\"list-disc ml-4\">\n<li>Exchange rates are not reflected in Brightpearl at the rate set on Shopify<\/li>\n<li>Gift cards are treated as a cash sale, rather than a delayed payment - only to be processed when used in a transaction for purchase of goods<\/li>\n<li>Localised currencies aren't handled, except for the 5 on Shopify (USD\/CAD\/AUD\/GBP\/EUR)<\/li>\n<li>Exchanges, subsequent refunds, order adjustments, exchanges or the current status of Shopify is not reflected in Brightpearl, or within the reports\/ books<\/li>\n<li>Changes in cost price are not reflected in brightpearl, or transferred to Shopify for accurate ABC or profit anaalysis<\/li>\n<li>Additional payment on exchange or variation not sync'd between Shopify and Brightpearl<\/li>\n<li>Tax lines are not being respected - where there's no VAT, or localised taxes that need to be accounted for<\/li>\n<li>Discounts are not respected, ideally at an order line level rather than true cost to discount price, especially if on sale or otherwise<\/li>\n<li>Sales credits are not refunded automatically within Shopify<\/li>\n<li>Differences between refunds onto Gift Cards vs Refunds on cards - Shopify and Brightpearl, and the financial handling between the two systems mirroring each other<\/li>\n<li>List prices on Sale items are not correctly defined and are only indicated within Shopify when an item goes into sale or outlet<\/li>\n<li>Tax rate with shipping calculations are incorrectly attributed or calculated<\/li>\n<\/ul>",
            "international": false
          }
        },
        "49b975c9-01ab-4bc0-9365-d7ba52563587": {
          "type": "question",
          "settings": {
            "question": "POS issues",
            "answer": "<ul class=\"list-disc ml-4\">\n<li>As mentioned before, Exchanges and refunds are not accurately reflected in brightpearl<\/li>\n<li>Subsequent refunds, order adjustments, changes in details, addresses or the finances of a payment (partial refund\/ additional payment) are not reflected in Brightpearl<\/li>\n<li>Shopify POS channel is not always being respected, or canot be mapped for the US Store<\/li>\n<li>Stock is overwritten by Brightpearl, and\/ or cannot set POS only level stock levels, if a product launches at an event or store before it's avialable online for instance<\/li>\n<li>Shopify POS ‘Return to Stock’ & ‘Do Not Return to Stock’ is not respected<\/li>\n<\/ul>",
            "international": false
          }
        },
        "fb61c616-8341-4e34-ae3f-eeb9959f8f61": {
          "type": "question",
          "settings": {
            "question": "Stock and Download",
            "answer": "<ul class=\"list-disc ml-4\">\n<li>Currently Brightpearl allows for an indeterminate time when stock will be synced - neither on demand, or by replicable event to force a sync, or avoid a sync<\/li>\n<li>When combined with order delay within Brightpearl's order handling, this means that stock can be pushed back to Shopify without something being \"soft\" allocated - leading to oversell and stock issues<\/li>\n<li>Pre-orders not possible or properly handled - stock cannot be accurately synced for one location only, or made inaccessible whilst still handling orders of an item, requiring manual intervention after the event<\/li>\n<li>Stock is continuously synced, rather than on demand or at a set time<\/li>\n<li>Stock at POS level is not being respected, but rather is overwritten by Brightpearl<\/li>\n<li>Brightpearl not respecting or handling non-stock tracked products, OOS products, or oversell<\/li>\n<\/ul>",
            "international": false
          }
        },
        "1d0af76e-4b58-4066-a7a9-cd1a94aa9109": {
          "type": "question",
          "settings": {
            "question": "Internal\/ Admin",
            "answer": "<ul class=\"list-disc ml-4\">\n<li>Staff orders, or orders that would otherwise need to be controlled have to be handled in Shopify at the moment, before the order is picked up by Brightpearl, with no validation or checking<\/li>\n<li>Brightpearl fields mapping to Shopify products for creation, mapping to fields, udpating information is not supported - requiring duplication of process between systems<\/li>\n<li>Brightpearl and shopify products not currently linked. Work arounds in place but unreliable<\/li>\n<li>Custom fields not currently supported on a variant level, only Product level<\/li>\n<li>Product attributes not being reflected or sysnced between the two platforms, with differing attributes for items - some purely Brightpearl based, others purely Shopify based<\/li>\n<li>No connector based health system or error indication <\/li>\n<\/ul>",
            "international": false
          }
        }
      },
      "block_order": [
        "5a20c87b-7b16-4153-b990-85811e7d20b7",
        "bcf59175-4112-4eb3-b40f-c2d035898b6b",
        "99c5a3b8-97a2-4743-ac8c-ed8200ab364f",
        "49b975c9-01ab-4bc0-9365-d7ba52563587",
        "fb61c616-8341-4e34-ae3f-eeb9959f8f61",
        "1d0af76e-4b58-4066-a7a9-cd1a94aa9109"
      ],
      "settings": {
        "title": "DOTON HEADLINES",
        "intro": "An indication of the key headlines for Doton and the Connector",
        "margin_top": "mt-0"
      }
    }
  },
  "order": [
    "splash",
    "header",
    "0d2404c2-4fbb-4f44-a692-a3b86f58b98b"
  ]
}