{
  "sections": {
    "header": {
      "type": "page-header",
      "settings": {
        "image": "shopify:\/\/shop_images\/workwith.jpg"
      }
    },
    "main": {
      "type": "work-for-us",
      "blocks": {
        "99974ee4-dcd9-4b1d-a494-4ec258ec70c0": {
          "type": "content-block",
          "settings": {
            "title": "STOW-ON-THE-WOLD STORE ASSISTANT - WEEKENDS",
            "subtitle": "Work At Our New Store",
            "body": "<p>Fairfax & Favor are looking for a Store Assistant to join our ever-growing, friendly team in our Stow-on-the-Wold store in the Cotswold’s.<br\/><\/p><p>Established in 2013 Fairfax & Favor has grown into a multi-award-winning brand at the forefront of British Luxury Fashion. Founders Marcus Fairfax Fountaine & Felix Favor Parker strive to continue the organisation’s fun, dynamic culture as it grows.<\/p><p><\/p><p>Our store in Stow is recruiting for a Store Assistant to help our wonderful customers face to face. May this be browsing or a more personal appointment experience, we require a friendly face to help with all customer needs <\/p><p><\/p><p><\/p><p><\/p><p><span style=\"text-decoration:underline\">Key responsibilities include:<\/span><br\/>• Welcoming and serving customers upon their arrival and during their visit;<br\/>•\tEnsuring the store is always presentable;<br\/>•\tKeeping the stock room tidy and free of obstructions;<br\/>•\tProviding customers with up–to–date information about products.<\/p><p><span style=\"text-decoration:underline\">Personal skills required:<\/span><br\/>•\tOver 18 years old;<br\/>•\tHigh work ethic;<br\/>•\tPassionate about their work;<br\/>•\tClean driving licence;<br\/>•\tHighly organised and a hands-on approach to working.<\/p><p><\/p><p>Competitive wage & benefits. <\/p><p>Hours: Zero Hour; Saturday to Sunday on a rota basis. <\/p><p>Fully flexible hours<\/p><p>Overtime will be required during busy periods, so flexibility is a must!<\/p><p>Fairfax & Favor actively encourage and promote diversity, ensure all voices are heard and are committed to equal opportunities for all. Aiming to provide a positive, welcoming, and inclusive culture with ample team support and growth opportunities.<\/p><p>If you are interested, please send your CV and covering email\/letter stating why you believe you are suitable for the role your current employment status to: <a href=\"mailto:careers@fairfaxandfavor.com\"><span style=\"text-decoration:underline\">careers@fairfaxandfavor.com<\/span><\/a><\/p>",
            "image": "shopify:\/\/shop_images\/2_0fde1421-5adc-4f96-9d79-1468ae7aa042.jpg"
          }
        }
      },
      "block_order": [
        "99974ee4-dcd9-4b1d-a494-4ec258ec70c0"
      ],
      "disabled": true,
      "settings": {}
    },
    "478ce111-c01f-4a57-9d39-37269c03c4b1": {
      "type": "internal-board",
      "blocks": {
        "605d68af-9221-4b6c-95df-948843974256": {
          "type": "content-block",
          "disabled": true,
          "settings": {
            "title": "Lorem ipsum dolor sit amet",
            "department": "",
            "body": "<p>Lorem ipsum dolor sit amet, consectetur adipiscing elit, sed do eiusmod tempor incididunt ut labore et dolore magna aliqua. Sed turpis tincidunt id aliquet risus feugiat in. Blandit libero volutpat sed cras ornare arcu dui vivamus. Fringilla ut morbi tincidunt augue interdum. Vitae justo eget magna fermentum iaculis eu. Facilisis volutpat est velit egestas dui id. Magna eget est lorem ipsum. At auctor urna nunc id cursus metus aliquam eleifend mi. Donec adipiscing tristique risus nec feugiat in. Quis ipsum suspendisse ultrices gravida dictum fusce ut. Viverra mauris in aliquam sem fringilla ut morbi. Ultricies leo integer malesuada nunc vel risus. Gravida in fermentum et sollicitudin ac orci phasellus egestas tellus. Aliquam purus sit amet luctus venenatis lectus magna fringilla urna. Lectus vestibulum mattis ullamcorper velit.<\/p><p>Diam phasellus vestibulum lorem sed. Morbi leo urna molestie at elementum eu. Risus ultricies tristique nulla aliquet enim. Arcu non sodales neque sodales ut etiam sit. Amet consectetur adipiscing elit duis tristique sollicitudin nibh sit amet. Bibendum neque egestas congue quisque egestas diam in. Iaculis urna id volutpat lacus laoreet. Nibh mauris cursus mattis molestie a iaculis. Est pellentesque elit ullamcorper dignissim cras tincidunt lobortis. Ultrices gravida dictum fusce ut placerat orci nulla.<\/p><p>Orci dapibus ultrices in iaculis nunc sed. Commodo nulla facilisi nullam vehicula ipsum a arcu cursus. Et leo duis ut diam quam nulla porttitor massa id. Velit euismod in pellentesque massa placerat. Mauris ultrices eros in cursus turpis massa tincidunt. Vitae justo eget magna fermentum iaculis eu non diam. Magna etiam tempor orci eu lobortis elementum nibh. Nam at lectus urna duis convallis convallis tellus id interdum. At elementum eu facilisis sed odio morbi quis. Ipsum dolor sit amet consectetur. Pharetra sit amet aliquam id diam maecenas. Arcu dictum varius duis at consectetur lorem donec. Integer enim neque volutpat ac tincidunt. At augue eget arcu dictum varius duis at.<\/p><p>Sociis natoque penatibus et magnis dis parturient montes nascetur. Augue eget arcu dictum varius duis at consectetur lorem donec. Tempus iaculis urna id volutpat lacus laoreet non curabitur gravida. Erat pellentesque adipiscing commodo elit at. Consectetur purus ut faucibus pulvinar elementum integer. Tempor orci eu lobortis elementum nibh tellus. Tempor nec feugiat nisl pretium fusce id velit. Netus et malesuada fames ac. Maecenas accumsan lacus vel facilisis volutpat est velit egestas dui. Erat velit scelerisque in dictum.<\/p><p>Elit pellentesque habitant morbi tristique senectus et. Nulla malesuada pellentesque elit eget gravida. Venenatis tellus in metus vulputate eu scelerisque felis imperdiet. Feugiat nisl pretium fusce id velit ut tortor pretium. Vehicula ipsum a arcu cursus vitae congue mauris rhoncus. Est ultricies integer quis auctor elit sed. Eu ultrices vitae auctor eu augue ut lectus arcu. Velit ut tortor pretium viverra suspendisse. Tellus at urna condimentum mattis. Sit amet commodo nulla facilisi nullam vehicula ipsum.<\/p>",
            "key_resp": "",
            "skills_req": "",
            "additional": "",
            "image": "shopify:\/\/shop_images\/hero-grace_734d6469-22a1-4838-9008-e4802286494e.jpg"
          }
        },
        "3dd83843-ebb7-4a15-95ae-19513f7e5310": {
          "type": "job-desc",
          "disabled": true,
          "settings": {
            "title": "Post Production Assistant",
            "department": "Quality Assurance",
            "location": "Narford  Hall & Snetterton Sites",
            "manager": "Quality Assurance Manager",
            "body": "The Post Production Assistant is a key role within the Fairfax & Favor business and is responsible for ensuring that the product meets the quality expectations of the business and the customer. Understanding the craftsmanship of the product, a keen eye for detail and the ability to identify faults and issues are key components of this role.  Working closely with external partners (suppliers and warranty team) and internal departments such as Warehouse and Customer service to ensure that the product, experience and information provided meets our customers expectations.<br><br>\nHours of work: Monday to Friday 09.00 to 17.00. Primarily from our Snetterton Site, however on occasion there may be a requirement to travel to any of our other business locations or work additional hours as required to meet the needs of the business. Foreign Travel may also be required.",
            "internal": "Quality Control\nCustomer Service\nOperations\nMerchandising\nWarehouse \nProduct Development",
            "external": "Both new & existing customers\nSuppliers\nPortugal QC team",
            "key_resp": "Work alongside Pre-Production assistant, Operations and Warehouse on incoming deliveries\nMaintain the delivery check schedule and goods in planners\nComplete AQL checks on all inbound products reporting on issues found, completing goods in errors and costings logs\nEstablish relationships with key suppliers across territories to facilitate the return of stock\nWork with customer service team on stop ships checking and advisory\nDaily pick location product checks and logs\nEstablish relationships with our external warranty company,  ensuring hardware is ordered and account reconciled each month\nCustomer returns to quarantine, understand the issues, identify faults and allocate accordingly on WMS and stock systems\nRecognise patterns in returns and report to QC manager and PD Team any findings of issue\nStock allocations for repairs and “Refavored” ensuring accuracy of outbound and inbound product\nMonthly staff orders, returns and payments\nMonthly stock take and reconciliations\nWeekly returns and launch reports \nMaintaining cleanliness of QC area within the warehouse",
            "qualifications": "N\/A",
            "experience": "Experience in qualitycontrol, fashion and warehouse",
            "skills": "High attention to detail and strong initiative\nIT Skills – Microsoft Office, PeopleVox, Brightpearl and Shopify advantageous\nAbility to develop and maintain a high level of rapport with our customers and clients\nExcellent accuracy and organisation skills\nExcellent time-management skills\nGreat Initiative and strong follow through\nAbility to manage cross-functional demands\nAbility to work well independently\nAbility to lead a team and work within a fast paced environment.\nTo have the calmness of working towards strict deadlines",
            "image": "shopify:\/\/shop_images\/GradeC.jpg"
          }
        },
        "b505093a-46c9-42c8-a657-57ade0d068a6": {
          "type": "content-block",
          "disabled": true,
          "settings": {
            "title": "Press & Events Assistant",
            "department": "",
            "body": "Fairfax & Favor are looking for a passionate and articulate and sociable, Press and Events Assistant to join our ever-growing, friendly team within the Marketing Department at our Norfolk Head Office. \n<br><br>\nEstablished in 2013, Fairfax and Favor have grown into a multi award-winning band at the forefront of British Luxury Fashion. Founders Marcus Fairfax Fountaine & Felix Favor Parker both strive to continue the company’s fun and dynamic culture as it continuously grows.\n<br><br>\nAs a result of this we are now recruiting for a confident, organised, creative and personable individual to join our Marketing Department to work closely with all our PR and Event internal and external plannings.",
            "key_resp": "Influencer Management; being responsible for maintaining key relationships, incentivizing creator contact, campaign pushes and giveaways, as well as seasonal send outs. \nInfluencer Outreach; Sourcing and reaching out to new influencers.\nBeing able to manage ‘external’ software’s such as affiliate schemes and new emerging platforms, e.g.: “Tik-Tok Shop”\nUpdating, and managing existent spreadsheets to ensure the best communication within the department as well as creating new ones. \nAttending some of our larger events for Press purposes and completing PR tasks that are provided.",
            "skills_req": "Over 18 years old\nHigh work ethic\nPassionate about Press, Events and Influencer relations and the Fairfax & Favor brand.\nClean driving license\nStrong interpersonal skills\nEnjoy working in a hands-on environment. \nStrong organizational and IT Skills such as Microsoft and Excel.",
            "additional": "Competitive wage.<br>\nHours: Full time - 37.5 Hours p\/w - 09:00 to 17:00 – Monday to Friday.\n<br><br>\nDue to the nature of the events calendar, weekend work may be required to adhere to business needs."
          }
        },
        "19430193-97ea-43da-82bc-050bef5275b9": {
          "type": "content-block",
          "disabled": true,
          "settings": {
            "title": "Stock Allocator - Secondment",
            "department": "",
            "body": "Fairfax & Favor are looking to recruit an intuitive, organised, and driven individual to join our Merchandising Team as Store Allocator on a 9 Month secondment basis.\n<br><br>\nAt Fairfax & Favor, we take pride in crafting luxurious leather and suede products that exude elegance and style. As a premium brand, we are dedicated to providing top-notch products to our customers, online, in store and at our show stands ensuring every store has the necessary and up to date stock to ensure our customers have the Fairfax and Favor experience we are best known for.",
            "key_resp": "Working with Shops to identify the ideal range plan to maximise sales \nVisiting shops to ensure the right stock is displayed and altered accordingly \nReporting and communication with Shops and Heads of Department on a frequent basis.\nVisiting the shops to report best sellers, poor sellers, new ranges to be delivered \nManagement of stock into and out of the shops with input from store managers\nWorking the visual merchandising team to ensure displays are maximised \nOut of scope: stock take and stock integrity \nWork with shows to identify the ideal range plan to maximise sales and report on those sales.",
            "skills_req": "Over 18 years old\nExceptional communication skills\nProficiency in IT skills, including Microsoft Office applications.\nStrong team player, encouraging teamwork by working closely and cooperatively with colleagues.\nHigh attention to detail and sense of urgency whilst remaining calm and professional \nInitiative with a strong follow through\nAbility to work well within a fast-moving environment and work towards deadlines.",
            "additional": "Hours: Monday – Friday 09:00 – 17:00; additional hours may be required to meet the demands of the business and deadlines."
          }
        }
      },
      "block_order": [
        "605d68af-9221-4b6c-95df-948843974256",
        "3dd83843-ebb7-4a15-95ae-19513f7e5310",
        "b505093a-46c9-42c8-a657-57ade0d068a6",
        "19430193-97ea-43da-82bc-050bef5275b9"
      ],
      "settings": {}
    }
  },
  "order": [
    "header",
    "main",
    "478ce111-c01f-4a57-9d39-37269c03c4b1"
  ]
}