{
  "parent": "page.orders.json",
  "context": {
    "market": "us"
  },
  "sections": {
    "a5fcc61e-9b30-45af-bf88-12c538d87524": {
      "settings": {},
      "blocks": {
        "question_haM8EP": {
          "type": "question",
          "disabled": true,
          "settings": {
            "question": "When will I receive my order?",
            "answer": "<ul>\n<li>We offer a next working day service with DPD for orders placed by 4pm (UK time). Some postcode exclusions apply.  \n<\/li>\n<li>We offer a tracked 24hr & 48hrs service with Royal Mail as long as you ordered by 4pm.\n<\/li>\n<li>We offer a 3-5 working day service with FedEx for overseas orders. \n<\/li>\n<li>Please note that for Northern Ireland, the Channel Islands, the Scilly Isles, the Highlands, and certain areas in Scotland the DPD service may take up to two working days and the Royal Mail service may take up to 72hrs. \n<\/li>\n<\/ul>",
            "international": true
          }
        },
        "96267e50-3036-4aca-acaf-aedba1989523": {
          "settings": {
            "answer": "<ul>\n<li>We offer an express 3-5 working day service with FedEx for overseas orders. \n<\/li>\n<\/ul>"
          }
        }
      },
      "block_order": [
        "95ff07ba-3722-4325-8803-41990bdd0a88",
        "96267e50-3036-4aca-acaf-aedba1989523",
        "35a0afeb-6763-4cf5-bc55-49851da88145",
        "question_haM8EP",
        "question_taaUkL",
        "2f821b4b-a41f-4247-815a-95d5dd2843ea",
        "00514f46-67c4-4c8d-a000-3ff9d355990c",
        "0736730c-a1d6-4791-bc03-3fd7db877af9",
        "3d363f0b-7af9-4b99-918d-e00e4ec4ef59",
        "f51f44e8-2d6b-422b-b698-af0055fb0e4a",
        "3288ec62-4d0e-4c14-a2be-1eceb999326d",
        "45275b17-9f27-4f5b-a505-0d7105b61ee6",
        "fa0ca125-4e6c-4f46-b3ec-7166da7af866",
        "223c88d1-5cb0-4b53-98e3-ac8aee56a408",
        "a91b1474-5542-4b6b-a111-1089e95067e3",
        "4ab90b5f-2d11-46b6-8c52-fda5e3b4d25e",
        "252ef4e7-b7ed-4e42-b481-c21e132b754c",
        "d4ae0b73-c539-4aff-9108-19a0a7369bb5",
        "9f8848c0-74f4-41ea-8b02-185306e3a7dc",
        "e1f8c1ca-88ef-431b-b544-58d4b4485f77"
      ]
    }
  },
  "order": [
    "splash",
    "header",
    "a5fcc61e-9b30-45af-bf88-12c538d87524",
    "5b4f03a8-7529-4627-8083-651152e9792e"
  ]
}