{
  "sections": {
    "16596152158db7bf56": {
      "type": "split-page-header",
      "settings": {
        "image": "shopify:\/\/shop_images\/Header_df20dc56-5a0f-4151-be4a-0380730c339f.jpg",
        "title": "The Defender Kentucky 3-Day Event Competition",
        "description": "Sign up now  to win tickets to the Defender Kentucky 3-Day Event (April 25th - 28th)",
        "background": "lg:bg-sg-grey-1"
      }
    },
    "header": {
      "type": "competitions-header",
      "settings": {
        "description": "",
        "block_image": "shopify:\/\/shop_images\/1_310ddbf8-434a-44e8-8dad-fe4b338ac590.jpg",
        "block_title": "WIN TICKETS TO KENTUCKY",
        "block_content": "In anticipation of the Defender Kentucky 3-Day 2024 we are giving you the chance to win tickets to attend every day of this exhilirating event, supported by Kentucky 3-Day\n\nEnter now for your chance to win 2 x GA Passes for ALL 4-days plus a car pass!\n\nPLUS, the lucky winner will also receive a £500 Fairfax & Favor Gift card!\n\n\n<span class=\"pt-6 body-x-small\">* Ttavel expenses not included<\/span>"
      }
    },
    "main": {
      "type": "competitions-main",
      "settings": {
        "title": "WIN TICKETS TO KENTUCKY",
        "intro": "Sign up for our mailing list between March 4th and 31st 2024 with your email address below to enter the competition. The winner will be announced on our Instagram page on 1st April 2024",
        "thanks": "Thank you for entering! We'll pick the winner on the ???? and announce on our Facebook page!",
        "source": "Kentucky competition",
        "age_check": true,
        "name_check": true,
        "subtext": "Find out about the terms &amp; conditions <a href=\"\/pages\/terms-and-conditions\" class=\"underline\">here<\/a>. By entering you're indicating that you're happy to be bound by these Terms &amp; Conditions.",
        "terms": "We process your personal data as stated in our <a href=\"\/pages\/privacy-policy\" class=\"underline\">Privacy Policy<\/a>. You may withdraw your consent at any time by clicking the unsubscribe link at the bottom of our emails.",
        "klaviyo": "SvamuX",
        "block_image": "shopify:\/\/shop_images\/2_2f0b8be8-b61b-4cc9-8b70-a6d13a06b3a6.jpg",
        "block_title": "The Defender Kentucky 3-Day Event",
        "block_content": "<span class=\"underline\">25th - 28th April 2024<\/span><br><br>The Defender Kentucky Three-Day Event is one of the world’s premier equestrian 5* events showcasing the world’s highest level of equestrian eventing. Held the last weekend in April in Lexington, Kentucky, this internationally renowned event draws the best horse and rider combinations worldwide. The weekend attracts people from around the globe to witness leading riders compete in addition to shopping, attractions, and sponsor experiences you can only find there.<br><br>\nFairfax & Favor will be there - make sure to visit us!\n<br>\nTo book tickets or for more information, make sure to visit the Official Defender Kentucky 3-Day Event site <a href=\"https:\/\/www.kentuckythreedayevent.com\/\" class=\"underline\">here<\/a>, and <a href=\"https:\/\/www.kentuckythreedayevent.com\/tickets\" class=\"underline\">book tickets here<\/a>!"
      }
    }
  },
  "order": [
    "16596152158db7bf56",
    "header",
    "main"
  ]
}