{
  "parent": "page.advent-faqs.json",
  "context": {
    "market": "us"
  },
  "sections": {
    "691cb0b7-a16d-466e-9b65-d88cb283f800": {
      "settings": {
        "intro": "The most popular advent calendar is back for its 5th year, you could win one of 12 prizes part of $17,000 worth of Fairfax &amp; Favor goodies!"
      },
      "blocks": {
        "92c9c4b9-910b-4987-b90d-26f9c1f67f27": {
          "settings": {
            "answer": "<meta charset=\"utf-8\"><span data-mce-fragment=\"1\">From November 1st 2022 to December 12th 2022, enter your details to be entered into our prize draw to win one of 12 prizes - together worth over $17,000!<\/span><br data-mce-fragment=\"1\"><br data-mce-fragment=\"1\"><span data-mce-fragment=\"1\">Everyone who enters up until December 1st 2022 will be entered into the first day's draw to win our curated prize - and for every day thereafter for the first 12 days of December! But, don't worry, if you've not signed up for the 1st draw, you can sign up after 2pm every day to be entered into each subsequent draw!<\/span>"
          }
        }
      }
    }
  }
}