{
  "sections": {
    "main": {
      "type": "black-friday",
      "settings": {
        "title": "BLACK FRIDAY SALE EARLY ACCESS",
        "date": "17th November at 9am (GMT)",
        "intro": "Sign up to our mailing list to receive the early access password to our Black Friday Sale on",
        "thanks": "You'll receive an email shortly in confirmation.\n<br>\nExclusive Early access starts 17th November at 9am (GMT)",
        "klaviyo": "U3d2TK",
        "smsbump": "",
        "fb_lead_name": "Black friday max",
        "terms": "By signing up you accept the terms and conditions and agree to receive marketing emails, and, if entered, SMS from Fairfax & Favor.\n<br><br>\nFor more information, have a look at our <a class=\"underline\" href=\"\/pages\/terms-and-conditions\">Terms & Conditions<\/a>",
        "recaptcha": false,
        "mobile_image_1": "shopify:\/\/shop_images\/wishlist-new.png",
        "mobile_image_2": "shopify:\/\/shop_images\/Wishlist-1.png",
        "mobile_image_3_l": "shopify:\/\/shop_images\/wishlist-tagged-2.png",
        "mobile_image_3_r": "shopify:\/\/shop_images\/Fairfax-screen.png"
      }
    }
  },
  "order": [
    "main"
  ]
}