{
  "sections": {
    "main": {
      "type": "sign-up",
      "settings": {
        "backgroud": "shopify:\/\/shop_images\/homepage-countr-cowboy-sign-up.webp",
        "title": "SS24 HAS ARRIVED",
        "intro": "<span class=\"\">Sign up to be notified of our latest releases from our Spring \/ Summer 2024 Collection<\/span>",
        "thanks": "Thank you for signing up - we'll keep you up to date with the latest launches and releases",
        "klaviyo": "VEKXMh",
        "terms": "<span class=\"text-center\">We process your personal data as stated in our <a class=\"underline\" href=\"\/pages\/privacy-policy\">Privacy Policy<\/a>. You may withdraw your consent at any time by clicking the unsubscribe link at the bottom of our emails.<\/span>",
        "content_side": true
      }
    }
  },
  "order": [
    "main"
  ]
}