{
  "sections": {
    "16572914787355bafa": {
      "type": "split-page-header",
      "settings": {
        "image": "shopify:\/\/shop_images\/Le-chameau.jpg",
        "title": "WELCOME TO · THE CLUB · MEMBERS AREA",
        "description": "We were overwhelmed by our members' positivity to our Fairfax & Favor Club Facebook page. After listening to your suggestions that you would like exclusive products for Club members (and more behind the scenes snippets!) we decided to set up this Exclusive area!\n\nWe will be offering members exclusive access to interviews, blogs, and competitions throughout the year - as well as early access to all new product launches and special Club products that are only available to members. We look forward to getting to know you, Welcome to the Fairfax & Favor Club.",
        "background": "lg:bg-sg-grey-1"
      }
    },
    "main": {
      "type": "club",
      "disabled": true,
      "settings": {}
    },
    "1657291067ba0964a0": {
      "type": "discover-style-collection",
      "settings": {
        "title": "",
        "collection_title": "CLUB ONLY PRODUCTS",
        "description": "Exclusively for our club members, these unique pieces aren't available elsewhere...",
        "button_text": "Shop the collection",
        "collection": "club-only",
        "font": "headline-2",
        "margin_top": "my-10"
      }
    },
    "1657296784437670fa": {
      "type": "lifestyle-gallery",
      "blocks": {
        "8ce788b6-6c3b-4a41-9817-93ab1825b013": {
          "type": "lifestyle_block",
          "settings": {
            "image": "shopify:\/\/shop_images\/october_b3918f44-b7e3-414e-8119-09a377a0bf35.jpg",
            "title": "TOP CONTRIBUTORS FOR OCTOBER",
            "sub_title": "",
            "product_1": "",
            "product_2": ""
          }
        },
        "72597b62-dd6d-481e-be17-890332aff393": {
          "type": "lifestyle_block",
          "settings": {
            "image": "shopify:\/\/shop_images\/IMG_2141.jpg",
            "title": "",
            "sub_title": "",
            "product_1": "",
            "product_2": ""
          }
        },
        "1ab2a1f4-e1ff-4fd8-8e1b-21c49983901c": {
          "type": "lifestyle_block",
          "settings": {
            "image": "shopify:\/\/shop_images\/IMG_2147.jpg",
            "title": "",
            "sub_title": "",
            "product_1": "",
            "product_2": ""
          }
        },
        "b4970242-ffbf-40ac-bc03-038e03d3e733": {
          "type": "lifestyle_block",
          "settings": {
            "image": "shopify:\/\/shop_images\/IMG_2154.jpg",
            "title": "",
            "sub_title": "",
            "product_1": "",
            "product_2": ""
          }
        },
        "ce3f213a-daea-4e0d-8cbb-adc884d9168e": {
          "type": "lifestyle_block",
          "settings": {
            "image": "shopify:\/\/shop_images\/IMG_2152.jpg",
            "title": "",
            "sub_title": "",
            "product_1": "",
            "product_2": ""
          }
        }
      },
      "block_order": [
        "8ce788b6-6c3b-4a41-9817-93ab1825b013",
        "72597b62-dd6d-481e-be17-890332aff393",
        "1ab2a1f4-e1ff-4fd8-8e1b-21c49983901c",
        "b4970242-ffbf-40ac-bc03-038e03d3e733",
        "ce3f213a-daea-4e0d-8cbb-adc884d9168e"
      ],
      "settings": {
        "title": "",
        "subtitle": "THE CLUB PAGE",
        "margin_top": "mt-10"
      }
    }
  },
  "order": [
    "16572914787355bafa",
    "main",
    "1657291067ba0964a0",
    "1657296784437670fa"
  ]
}