{
  "parent": "page.shopping-with-us.json",
  "context": {
    "market": "us"
  },
  "sections": {
    "f8193183-6adb-40d3-9f64-ee7fbd08468c": {
      "settings": {},
      "blocks": {
        "7dfa7fe9-0e98-4b45-82f8-934982a40006": {
          "settings": {
            "answer": "<p class=\"pb-2\">If you purchase when visiting one of our stores and you require a refund or exchange, you’re very welcome to return to any of our stores across the UK, and our lovely team will be able to help process what you would like.<\/p>\n<p class=\"pb-2\">Alternatively, you can return the item to our headquarters where the customer service team will process a refund or exchange. All we ask, is you include a note inside your parcel with your order number, contact details and advise us on what you would like processed. \n<\/p>\n<p class=\"\">Unfortunately, we cannot accept online purchases in-store for a refund or exchange. Please return online purchases directly to our headquarters by using the returns labels included inside your box or create a label by following the <a class=\"text-sg-navy underline\" href=\"{{ pages['delivery-and-returns'].url }}\">returns process here<\/a>, or contact our <a class=\"text-sg-navy underline\" href=\"{{ pages['contact-us'].url }}\">Customer Service team<\/a>.<\/p>"
          }
        }
      }
    }
  }
}