{
  "sections": {
    "quiz": {
      "type": "quiz",
      "blocks": {
        "question-1": {
          "type": "question",
          "settings": {
            "question_text": "Where does Fairfax & Favor's name come from?",
            "answer_option_1": "<span class=\"line-through\">Location Names<\/span>",
            "answer_option_2": "Middle Names",
            "answer_option_3": "<span class=\"line-through\">First Pets<\/span>"
          }
        },
        "question-2": {
          "type": "question",
          "settings": {
            "question_text": "What was the first Women's Bag?",
            "answer_option_1": "The Windsor",
            "answer_option_2": "<span class=\"line-through\">The Loxley<\/span>",
            "answer_option_3": "<span class=\"line-through\">The Dorchester<\/span>"
          }
        },
        "question-3": {
          "type": "question",
          "settings": {
            "question_text": "What was the first Store to open for Fairfax & Favor?",
            "answer_option_1": "<span class=\"line-through\">Stamford<\/span>",
            "answer_option_2": "<span class=\"line-through\">Marlow<\/span>",
            "answer_option_3": "Holt"
          }
        },
        "d2ea2cf3-cc29-425d-a09d-2a51def98d7e": {
          "type": "question",
          "settings": {
            "question_text": "How Many Stores do Fairfax & Favor have?",
            "answer_option_1": "<span class=\"line-through\">10<\/span>",
            "answer_option_2": "<span class=\"line-through\">3<\/span>",
            "answer_option_3": "5"
          }
        },
        "5c206dde-a1e3-4e60-ab0e-5e1a8730f3f5": {
          "type": "question",
          "settings": {
            "question_text": "In 2018, what were the Spring\/ Summer seasonal colourways?",
            "answer_option_1": "<span class=\"line-through\">Navy & Tan<\/span>",
            "answer_option_2": "<span class=\"line-through\">Lilac & Pink<\/span>",
            "answer_option_3": "Tangerine & Teal"
          }
        },
        "ee2a291a-6e9a-4beb-992e-f85bd856ea1f": {
          "type": "question",
          "settings": {
            "question_text": "In 2021, what were the two Autumn\/ Winter colourways?",
            "answer_option_1": "<span class=\"line-through\">Sunset & Ocean<\/span>",
            "answer_option_2": "Taupe & Emerald",
            "answer_option_3": "<span class=\"line-through\">Conker & Black Leather<\/span>"
          }
        },
        "8f8c1c77-7eef-4a5e-a763-bdec5ba0218e": {
          "type": "question",
          "settings": {
            "question_text": "Which of our boots was crowned \"Best New Footwear Product of the Year\" in 2017?",
            "answer_option_1": "<span class=\"line-through\">The Regina<\/span>",
            "answer_option_2": "The Explorer",
            "answer_option_3": "<span class=\"line-through\">The Rockingham<\/span>"
          }
        },
        "29f5adef-5cd3-464e-875f-a8d8f59b4964": {
          "type": "question",
          "settings": {
            "question_text": "Where did Fairfax & Favor have their first trade stand ever?",
            "answer_option_1": "<span class=\"line-through\">Windsor<\/span>",
            "answer_option_2": "<span class=\"line-through\">Badminton<\/span>",
            "answer_option_3": "Holkham"
          }
        },
        "c6ae8d33-52d8-4835-8724-88689b48720e": {
          "type": "question",
          "settings": {
            "question_text": "Which Horse Trials have Fairfax & Favor been listed as Headline sponsors?",
            "answer_option_1": "<span class=\"line-through\">Downham Market<\/span>",
            "answer_option_2": "<span class=\"line-through\">Boekelo<\/span>",
            "answer_option_3": "Rockingham"
          }
        },
        "ecf6b206-3506-4043-bf99-33c73d96183d": {
          "type": "question",
          "settings": {
            "question_text": "What was the first year Fairfax & Favor raised money for Breast Cancer charities?",
            "answer_option_1": "2016",
            "answer_option_2": "<span class=\"line-through\">2019<\/span>",
            "answer_option_3": "<span class=\"line-through\">2015<\/span>"
          }
        }
      },
      "block_order": [
        "question-1",
        "question-2",
        "question-3",
        "d2ea2cf3-cc29-425d-a09d-2a51def98d7e",
        "5c206dde-a1e3-4e60-ab0e-5e1a8730f3f5",
        "ee2a291a-6e9a-4beb-992e-f85bd856ea1f",
        "8f8c1c77-7eef-4a5e-a763-bdec5ba0218e",
        "29f5adef-5cd3-464e-875f-a8d8f59b4964",
        "c6ae8d33-52d8-4835-8724-88689b48720e",
        "ecf6b206-3506-4043-bf99-33c73d96183d"
      ],
      "settings": {
        "hero_image": "shopify:\/\/shop_images\/New-Wallpaper-v2.jpg",
        "winner": true,
        "logo": "shopify:\/\/shop_images\/10-year_anniversary_logo.png",
        "intro": "To celebrate 10 years of Fairfax & Favor, we gave you the chance to win a £1000 gift card and a special edition 10 Year Anniversary bag!",
        "countdown": "1685545200000",
        "terms": "By entering this competition you accept the terms and conditions and agree to receive marketing from Fairfax & Favor. For more information view our Terms & Conditions.",
        "klaviyo": "VsY4sj",
        "smsbump": "",
        "thanks": "Thanks for entering our glorious 10 Year Anniversary giveaway! We'll Announce the winner at 4pm 31st May 2023!"
      }
    }
  },
  "order": [
    "quiz"
  ]
}