{
  "sections": {
    "1663831343f58b3fd8": {
      "type": "split-page-header",
      "settings": {
        "image": "shopify:\/\/shop_images\/Hero_9d839cde-b858-4894-9985-2317b7bd66bb.jpg",
        "mobile_image": "shopify:\/\/shop_images\/BCNhero.jpg",
        "title": "BREAST CANCER NOW COLLECTION",
        "description": "We are thrilled to announce that this is our 8th year raising money for Breast Cancer Now. To date we have raised an incredible £303,773 to help support those affected by breast cancer, and this year we want to raise even more as we get closer to the half a million mark!",
        "background": "bg-[#fde8e9]"
      }
    },
    "16638334187c994aeb": {
      "type": "discover-style-collection",
      "settings": {
        "title": "",
        "collection_title": "Discover the collection",
        "description": "",
        "button_text": "Shop the collection",
        "collection": "the-breast-cancer-now-collection",
        "font": "headline-2",
        "margin_top": "mt-10"
      }
    },
    "1663835592c212049f": {
      "type": "split-blocks-bcn",
      "blocks": {
        "aaf5648c-39cf-40cf-bc57-c62e238e6755": {
          "type": "step",
          "settings": {
            "step_title": "",
            "image_upper": "shopify:\/\/shop_images\/Square1.jpg",
            "title_upper": "BREAST CANCER NOW",
            "content_upper": "Breast Cancer Now is the charity that’s steered by world-class research and powered by life-changing care. They are here for anyone affected by breast cancer, the whole way through, providing support for today and hope for the future. Breast Cancer Now believe that if we act now, we can change the future of breast cancer and make sure that, by 2050, everyone diagnosed with the disease lives – and is supported to live well.<br><br>Think Pink and Meet our Breast Cancer Now Ambassador - our Exclusive blog with Laura Hughes",
            "button_link": "\/blogs\/journal\/breast-cancer-now-2022",
            "button_text": "Read now",
            "image_lower": "shopify:\/\/shop_images\/Square2_6c7a968a-464e-49d5-a8ab-371e2ae0f2ca.jpg",
            "title_lower": "\"Since 2015 we have raised an incredible £303,773 to help support those affected by breast cancer\"",
            "content_lower": ""
          }
        },
        "6ad50788-b5b9-429d-a2d1-188b6d81cc05": {
          "type": "step",
          "settings": {
            "step_title": "",
            "image_upper": "shopify:\/\/shop_images\/Blog-5.jpg",
            "title_upper": "",
            "content_upper": "Breast cancer is the most common cancer in women in the UK with one woman diagnosed every 10 minutes. Every year, around 55,000 women and 370 men are diagnosed with breast cancer in the UK. While breast cancer survival rates have doubled in the UK in the last 40 years, more people than ever are being diagnosed every year. Unless we act decisively to reset the dial, the number will continue to rise, and many thousands will continue to lose their lives to the disease. <br><br>\nHere at Fairfax &amp; Favor we are proud to be able to fundraise through our bespoke Breast Cancer Now range and support their incredible work.<br><br>\n100% of all profits from the sales of the Breast Cancer Now collection will be donated to the charity Breast Cancer Now to support them in their ongoing mission to find kinder, smarter treatments, improving detection and diagnosis of the disease, driving progress and breakthroughs in research and to support those living with it.",
            "button_link": "https:\/\/www.breastcancernow.org",
            "button_text": "www.breastcancernow.org",
            "image_lower": "shopify:\/\/shop_images\/Square3_fc6d7dc8-d78f-40d5-a034-8f8170b74ea4.jpg",
            "title_lower": "Think Pink - Touch, Look, Check",
            "content_lower": ""
          }
        }
      },
      "block_order": [
        "aaf5648c-39cf-40cf-bc57-c62e238e6755",
        "6ad50788-b5b9-429d-a2d1-188b6d81cc05"
      ],
      "settings": {}
    },
    "1663843048e1d850f1": {
      "type": "video-spread",
      "disabled": true,
      "settings": {
        "video": "754594398",
        "title": "Breast Cancer Now 2022",
        "description": "For expert support and information, please call <a href=\"https:\/\/breastcancernow.org\/information-support\/support-you\/call-our-helpline\" class=\"underline\">Breast Cancer Now's free Helpline<\/a> on <a class=\"underline\" href=\"tel:+448088006000\">0808 800 6000<\/a> or visit the Breast Cancer Now website on <a href=\"https:\/\/www.breastcancernow.org\" class=\"underline\">www.breastcancernow.org<\/a>\n<br><br>\n100% of the profits earned on royalty generating revenue (RGR) will be donated to Breast Cancer Now a charity registered in England and Wales (No. 1160558), Scotland (SC045584) and Isle of Man (No. 1200) The promotion is estimated to raise a total of £80,232.18",
        "button_text": "",
        "button_link": "",
        "margin_top": "mt-0"
      }
    },
    "1664210282a1a60f2b": {
      "type": "vimeo",
      "settings": {
        "video": "754594398",
        "mobile_video": "754594398",
        "video_padding": "45",
        "mobile_video_padding": "175",
        "title": "Breast Cancer Now 2022",
        "background": true,
        "padding": true,
        "padding_side": false,
        "autoplay": false,
        "loop": false,
        "muted": false,
        "description": "For expert support and information, please call <a href=\"https:\/\/breastcancernow.org\/information-support\/support-you\/call-our-helpline\" class=\"underline\">Breast Cancer Now's free Helpline<\/a> on <a class=\"underline\" href=\"tel:+448088006000\">0808 800 6000<\/a> or visit the Breast Cancer Now website on <a href=\"https:\/\/www.breastcancernow.org\" class=\"underline\">www.breastcancernow.org<\/a>\n<br><br>\n100% of the profits earned on royalty generating revenue (RGR) will be donated to Breast Cancer Now a charity registered in England and Wales (No. 1160558), Scotland (SC045584) and Isle of Man (No. 1200) The promotion is estimated to raise a total of £80,232.18\n<br>\n<br>",
        "button_text": "",
        "button_link": "",
        "margin_top": "mt-0"
      }
    }
  },
  "order": [
    "1663831343f58b3fd8",
    "16638334187c994aeb",
    "1663835592c212049f",
    "1663843048e1d850f1",
    "1664210282a1a60f2b"
  ]
}