{
  "sections": {
    "main": {
      "type": "main-page",
      "disabled": true,
      "settings": {
        "image": "shopify:\/\/shop_images\/generic.jpg"
      }
    },
    "sign_up_tyTt7A": {
      "type": "sign-up",
      "settings": {
        "backgroud": "shopify:\/\/shop_images\/Esme_Background_2.webp",
        "title": "April Fools!",
        "intro": "But now that we have got your attention would you want to see this range as part of our collection one day? Let us know in the comments box any other products you would like to see us release.",
        "thanks": "Thank you for letting us know!",
        "show_questions": true,
        "klaviyo": "RiTPvG",
        "terms": "We process your personal data as stated in our <a href=\"{{ pages['privacy-policy'].url }}\" class=\"underline\">Privacy Policy<\/a>. You may withdraw your consent at any time by clicking the unsubscribe link at the bottom of our emails.",
        "content_side": false
      }
    }
  },
  "order": [
    "main",
    "sign_up_tyTt7A"
  ]
}