{
  "sections": {
    "main": {
      "type": "main-product-info-only",
      "blocks": {
        "57c96d32-4382-452f-8b46-d47428c3e3ef": {
          "type": "confidence_builder",
          "settings": {
            "markup": "Pay in 4 interest-free payments of £177.50 with Klarna <br> <a class=\"underline\" href=\"\/pages\/klarna-faqs\">Learn More<\/a>"
          }
        },
        "b36d12b7-4658-46d2-a430-f6f809ea4b17": {
          "type": "confidence_builder",
          "settings": {
            "markup": "365-Day Free Exchanges &amp; Returns Worldwide"
          }
        },
        "9f42f628-d829-4b1a-8335-e31f82f28260": {
          "type": "confidence_builder",
          "settings": {
            "markup": "12-Month Warranty"
          }
        }
      },
      "block_order": [
        "57c96d32-4382-452f-8b46-d47428c3e3ef",
        "b36d12b7-4658-46d2-a430-f6f809ea4b17",
        "9f42f628-d829-4b1a-8335-e31f82f28260"
      ],
      "settings": {
        "delivery_message": "Arrives before christmas",
        "delivery_message_class": "",
        "custom_cta": "Badminton Limited Edition Exclusive",
        "custom_cta_link": "shopify:\/\/pages\/shows"
      }
    },
    "instagram": {
      "type": "product-instagram",
      "blocks": {
        "f0bbe360-882a-4587-a7d6-4aadbb20f9df": {
          "type": "fallback_image",
          "settings": {
            "image": "shopify:\/\/shop_images\/weather_with_helenaandjjrbespoke1.jpg"
          }
        },
        "46a1fb8e-4ac1-471b-9e4b-3a2a7a306d8e": {
          "type": "fallback_image",
          "settings": {
            "image": "shopify:\/\/shop_images\/galinathomas_copy_10.jpg"
          }
        },
        "0d013a12-0be0-4d14-861f-916362f1bc9d": {
          "type": "fallback_image",
          "settings": {
            "image": "shopify:\/\/shop_images\/lovely_amusan2.jpg"
          }
        },
        "62e1d32c-3567-4b4b-a7da-9f08dd4c6d1b": {
          "type": "fallback_image",
          "settings": {
            "image": "shopify:\/\/shop_images\/annaleitch322.jpg"
          }
        },
        "496bd9d8-ce0c-4617-bcf7-71a343774412": {
          "type": "fallback_image",
          "settings": {
            "image": "shopify:\/\/shop_images\/lealeascountrylife_copy_58.jpg"
          }
        },
        "4866a181-0839-42fe-a6a9-0da20b481ae9": {
          "type": "fallback_image",
          "settings": {
            "image": "shopify:\/\/shop_images\/adventuresofabrunette_copy_5_1.jpg"
          }
        },
        "2981eb55-a265-4d33-b325-409a7f8c3cfe": {
          "type": "fallback_image",
          "settings": {
            "image": "shopify:\/\/shop_images\/1_7f37e05f-8dfb-4e29-8e07-45acdbac647c.jpg"
          }
        }
      },
      "block_order": [
        "f0bbe360-882a-4587-a7d6-4aadbb20f9df",
        "46a1fb8e-4ac1-471b-9e4b-3a2a7a306d8e",
        "0d013a12-0be0-4d14-861f-916362f1bc9d",
        "62e1d32c-3567-4b4b-a7da-9f08dd4c6d1b",
        "496bd9d8-ce0c-4617-bcf7-71a343774412",
        "4866a181-0839-42fe-a6a9-0da20b481ae9",
        "2981eb55-a265-4d33-b325-409a7f8c3cfe"
      ],
      "disabled": true,
      "settings": {
        "title": "Styled by you",
        "subtitle": "Share your @Fairfaxandfavor lifestyle with us.",
        "disabled": ""
      }
    },
    "details": {
      "type": "product-details",
      "blocks": {
        "ec0bb205-e885-4090-8d7b-39683e241957": {
          "type": "material-block",
          "source": "{{ product.metafields.faf.care_information.value }}",
          "settings": {
            "material": "{{ product.metafields.faf.care_information.value.title.value }}",
            "subcategory": "",
            "care_tag": "material:suede-tallboots",
            "care_text": "{{ product.metafields.faf.care_information.value.care_text | metafield_tag }}",
            "cleaning_text": "{{ product.metafields.faf.care_information.value.cleaning_text | metafield_tag }}",
            "maintainence": "{{ product.metafields.faf.care_information.value.maintenance_text | metafield_tag }}",
            "youtube": "",
            "youtube_code": "{{ product.metafields.faf.care_information.value.youtube_code.value }}"
          }
        },
        "article_block_ttHFk9": {
          "type": "article-block",
          "settings": {
            "collection": "{{ product.metafields.faf.featured_blog.value.collection_handle.value }}{{ product.metafields.trs.breadcrumb_collection.value }}",
            "title": "{{ product.metafields.faf.featured_blog.value.title.value }}",
            "body": "{{ product.metafields.faf.featured_blog.value.body | metafield_tag }}"
          }
        }
      },
      "block_order": [
        "ec0bb205-e885-4090-8d7b-39683e241957",
        "article_block_ttHFk9"
      ],
      "settings": {
        "youtube_cover": "shopify:\/\/shop_images\/carethumb2.jpg",
        "youtube_style": false,
        "crafts_cover": "shopify:\/\/shop_images\/PDPNarrower.jpg",
        "sust_cover": "shopify:\/\/shop_images\/PDPNarrower_0d43263e-6778-4b94-8f1f-d2864eb529e2.jpg",
        "pdp_blog": "",
        "rich_features": ""
      }
    },
    "recommended": {
      "type": "product-recommended",
      "settings": {}
    },
    "breadcrumbs": {
      "type": "product-breadcrumbs",
      "settings": {
        "padding_top": 4,
        "padding_bottom": 4,
        "custom_class": ""
      }
    }
  },
  "order": [
    "main",
    "instagram",
    "details",
    "recommended",
    "breadcrumbs"
  ]
}