[
  {
    "name": "theme_info",
    "theme_name": "Fairfax and Favor",
    "theme_version": "6.0.0",
    "theme_author": "TRS / Field / FAF",
    "theme_documentation_url": "https://help.shopify.com/en/manual/online-store/themes",
    "theme_support_url": "https://support.shopify.com/"
  },
  {
    "name": "Site wide misc",
    "settings": [
      {
        "type": "checkbox",
        "id": "blc_active",
        "label": "Activate BLC on Customer Accounts?",
        "info": "Will show as Contact Us otherwise",
        "default": false
      },
      {
        "type": "checkbox",
        "id": "product_delivery_countdown_enabled",
        "label": "Enable product delivery countdown?",
        "default": true
      },
      {
        "type": "checkbox",
        "id": "int_delivery_countdown",
        "label": "International Countdown",
        "default": true
      },
      {
        "type": "liquid",
        "id": "delivery_delay_text",
        "label": "Cart delivery delay text"
      },
      {
        "type": "liquid",
        "id": "confidence_text",
        "label": "Checkout delivery confidence text"
      },
      {
        "type": "select",
        "id": "box-size",
        "label": "Collection Box Size",
        "options": [
          { "value": "pt-[100%]", "label": "1:1" },
          { "value": "pt-[150%]", "label": "3:4" }
        ],
        "default": "pt-[150%]"
      },
      {
        "type": "checkbox",
        "id": "skip_collection_check",
        "label": "Skip logic to hide on collections?",
        "default": true,
        "info": "When active, products won't be checked for things like pre-launch on carosels and collections"
      },
      {
        "type": "checkbox",
        "id": "check_swatch_visibility",
        "label": "Run logic for product swatches",
        "default": false,
        "info": "When active, products will check for discontinued and availability when presenting swatches. Shouldn't have an effect if vendor collections use show-on-collections tag"
      },
      {
        "type": "collection_list",
        "id": "highlight_collections",
        "label": "Mobile Menu Featured",
        "info": "Shows at the bottom of the mobile menu in a dropdown"
      },
      {
        "type": "liquid",
        "id": "cart_section",
        "label": "Markup for Collection in Cart",
        "info": "Markup for Collection to Show on Cart When Empty"
      },
      {
        "type": "text",
        "id": "checkout_loading_text",
        "label": "Text to show when checkout button is clicking",
        "default": "Cutting the ribbon..."
      },
      {
        "type": "text",
        "id": "search_text",
        "label": "Text for serach box",
        "default": "I want to find...."
      },
      {
        "type": "checkbox",
        "id": "continue_shopping",
        "label": "Show Continue Shopping CTA",
        "default": false
      },
      {
        "type": "liquid",
        "id": "cart_base_text",
        "label": "Text if no CTA"
      },
      {
        "type": "checkbox",
        "id": "lazy_zen",
        "label": "Activate zendesk lazy loading",
        "default": false
      },
      {
        "type": "text",
        "id": "google_maps_key",
        "label": "Google maps API key",
        "info": "Needs Javascript maps API and geocoding API access",
        "default": "AIzaSyARyTobLPNqtw1OW-kZz3Eq0GgD-Gl90Is"
      }
    ]
  },
  {
    "name": "Gift Wrap",
    "settings": [
      {
        "type": "header",
        "content": "Paper gift wrap availability"
      },
      {
        "type": "text",
        "id": "giftwrap_timing",
        "label": "Timing for Gift Wrap",
        "default": "72 Hours"
      },
      {
        "type": "checkbox",
        "id": "disable_giftwrap",
        "label": "Disable paper giftwrap?",
        "default": false
      },
      {
        "type": "text",
        "id": "giftwrap_disabled_message",
        "label": "Button message when disabled",
        "default": "Gift-wrap currently unavailable"
      },
      {
        "type": "header",
        "content": "Bag gift wrap availability"
      },
      {
        "type": "checkbox",
        "id": "disable_giftwrap_bags",
        "label": "Disable giftwrap bags?",
        "default": false
      },
      {
        "type": "text",
        "id": "giftwrap_paper_disabled_message",
        "label": "Button message when disabled",
        "default": "Gift-bags currently unavailable"
      },
      {
        "type": "checkbox",
        "id": "disable_int",
        "label": "Disable International?",
        "default": false
      },
      {
        "type": "text",
        "id": "int_countdown",
        "label": "International Countdown (Epoch)"
      },
      {
        "type": "text",
        "id": "int_message",
        "label": "International Messaging"
      },
      {
        "type": "text",
        "id": "domestic_countdown",
        "label": "Domestic Countdown (Epoch)"
      },
      {
        "type": "text",
        "id": "domestic_message",
        "label": "Domestic Messaging"
      },
      {
        "type": "image_picker",
        "id": "gw_side_image",
        "label": "Side Bar Image for Gift Wrap"
      },
      {
        "type": "text",
        "id": "gw_summary",
        "label": "Summary of Gift Wrap",
        "default": "signature Gift Wrap"
      },
      {
        "type": "header",
        "content": "Free Gift Wrap"
      },
      {
        "type": "paragraph",
        "content": "When enabled, any product tagged with the specified tag will be eligible for free gift wrap / bag"
      },
      {
        "type": "checkbox",
        "id": "free_giftwrap",
        "label": "Enable free giftwrap?",
        "default": true
      },
      {
        "type": "color",
        "id": "free_giftwrap_color",
        "label": "Free Gift Wrap Colour"
      },
      {
        "type": "text",
        "id": "free_giftwrap_tag",
        "label": "Tag for free gift wrap",
        "default": "womens"
      },
      {
        "type": "checkbox",
        "id": "vgm",
        "label": "Enable video gift messaging?",
        "default": true
      }
    ]
  },
  {
    "name": "Promo - Free item",
    "settings": [
      {
        "type": "checkbox",
        "id": "promo_active",
        "label": "Promo active?",
        "default": false
      },
      {
        "type": "checkbox",
        "id": "auto_add",
        "label": "Auto Add products?",
        "default": false
      },
      {
        "type": "checkbox",
        "id": "add_remove",
        "label": "Remove products?",
        "default": false
      },
      {
        "type": "checkbox",
        "id": "us_promo",
        "label": "US Offer"
      },
      {
        "type": "checkbox",
        "id": "exclude_us",
        "label": "Exclude US?"
      },
      {
        "type": "product_list",
        "id": "promo_products",
        "label": "Products on promo"
      },
      {
        "type": "text",
        "id": "promo_text",
        "label": "Text on qualifying",
        "default": "Choose what you'd like and click 'add'"
      },
      {
        "type": "text",
        "id": "promo_not_text",
        "label": "Text if not qualifying",
        "default": "Free with Women's footwear products over £100"
      },
      {
        "type": "paragraph",
        "content": "Delete to allow for price left to spend"
      },
      {
        "type": "header",
        "content": "Qualifying"
      },
      {
        "type": "paragraph",
        "content": "Min spend or tag should be used. Min spend will be used if > 0, tag will be used if min spend is 0"
      },
      {
        "type": "paragraph",
        "content": "Min Spend should be Amount * 100 (£50 == 5000)"
      },
      {
        "type": "number",
        "id": "promo_min_spend_GBP",
        "label": "GBP: Min spend in £ to qualify. Leave blank to prefer qualifcation by tag (below)"
      },
      {
        "type": "number",
        "id": "promo_min_spend_USD",
        "label": "USD: Min spend in USD$ to qualify."
      },
      {
        "type": "number",
        "id": "promo_min_spend_CAD",
        "label": "Canada: Min spend in CAN$ to qualify."
      },
      {
        "type": "number",
        "id": "promo_min_spend_EUR",
        "label": "Europe: Min spend in EUR€ to qualify."
      },
      {
        "type": "number",
        "id": "promo_min_spend_AUD",
        "label": "AUS: Min spend in AUS$ to qualify."
      },
      {
        "type": "text",
        "id": "promo_tag",
        "label": "Products with this tag will trigger promo qualification"
      }
    ]
  },
  {
    "name": "Accounts",
    "settings": [
      {
        "type": "liquid",
        "id": "notifications",
        "label": "Notifcations"
      },
      {
        "type": "checkbox",
        "id": "show_suggestions",
        "label": "Show Suggestions?"
      },
      {
        "type": "checkbox",
        "id": "show_store",
        "label": "Show Store?"
      },
      {
        "type": "checkbox",
        "id": "account_wishlist",
        "label": "Show Wishlist?"
      },
      {
        "type": "image_picker",
        "id": "acc_image",
        "label": "Image Picker"
      }
    ]
  },
  {
    "name": "Product Cards",
    "settings": [
      {
        "type": "checkbox",
        "id": "alt_subtitle",
        "label": "Enable colour + style subtitle?"
      },
      {
        "type": "checkbox",
        "id": "show_pills",
        "label": "Show Pills?"
      },
      {
        "type": "checkbox",
        "id": "shows_reduction",
        "label": "Show Percentage Reduction?"
      }
    ]
  },
  {
    "name": "Cart",
    "settings": [
      {
        "type": "checkbox",
        "id": "upsell_size",
        "label": "Upsell Large Width?"
      },
      {
        "type": "checkbox",
        "id": "dynamic_checkout",
        "label": "Show Dynamic Checkout?"
      },
      {
        "type": "collection",
        "id": "cart_collection_1",
        "label": "Cart Collection 1"
      },
      {
        "type": "image_picker",
        "id": "collection_1",
        "label": "Collection 1 Image"
      },
      {
        "type": "collection",
        "id": "cart_collection_2",
        "label": "Cart Collection 2"
      },
      {
        "type": "image_picker",
        "id": "collection_2",
        "label": "Collection 2 Image"
      },
      {
        "type": "collection",
        "id": "cart_collection_3",
        "label": "Cart Collection 3"
      },
      {
        "type": "image_picker",
        "id": "collection_3",
        "label": "Collection 3 Image"
      },
      {
        "type": "collection",
        "id": "cart_collection_4",
        "label": "Cart Collection 4"
      },
      {
        "type": "image_picker",
        "id": "collection_4",
        "label": "Collection 4 Image"
      }
    ]
  },
  {
    "name": "DG Chat Widget",
    "settings": [
      {
        "type": "select",
        "id": "dg_enable",
        "label": "Enable?",
        "options": [
          { "value": "true", "label": "On" },
          { "value": "false", "label": "Off" }
        ],
        "default": "false"
      }
    ]
  },
  {
    "name": "Care - Care Upsell",
    "settings": [
      {
        "type": "checkbox",
        "id": "care_upsell",
        "label": "Upsell active?",
        "default": false
      },
      {
        "type": "product_list",
        "id": "care_products",
        "label": "Products on promo"
      }
    ]
  },
  {
    "name": "Passwords",
    "settings": [
      {
        "type": "header",
        "content": "Club page"
      },
      {
        "type": "text",
        "id": "club_password",
        "label": "Password to see members only content",
        "default": "letmein"
      },
      {
        "type": "image_picker",
        "id": "club_image",
        "label": "Image on the lock page"
      },
      {
        "type": "header",
        "content": "Product page"
      },
      {
        "type": "text",
        "id": "product_lock_plain_pass",
        "label": "Product password"
      },
      {
        "type": "text",
        "id": "klaviyo_product",
        "label": "Klaviyo Product List"
      },
      {
        "type": "text",
        "id": "sms_product",
        "label": "SMS Product List"
      },
      {
        "type": "text",
        "id": "product_lock_countdown",
        "label": "Date to unlock (passworded)",
        "info": "Format: YYYY-MM-DDTHH:MM:SS. eg: 2022-10-01T10:00:00"
      },
      {
        "type": "text",
        "id": "plain_lock_countdown",
        "label": "Date to unlock (plain-lock)",
        "info": "Format: YYYY-MM-DDTHH:MM:SS. eg: 2022-10-01T10:00:00"
      },
      {
        "type": "text",
        "id": "product_lock_countdown_us",
        "label": "Date to unlock",
        "info": "CST (GMT -5:00)"
      },
      {
        "type": "text",
        "id": "product_lock_countdown_ca",
        "label": "Date to unlock",
        "info": "CST (GMT -5:00)"
      },
      {
        "type": "text",
        "id": "product_lock_countdown_eu",
        "label": "Date to unlock",
        "info": "CET (GMT +1:00)"
      },
      {
        "type": "text",
        "id": "product_lock_countdown_au",
        "label": "Date to unlock",
        "info": "AEDT (GMT +11:00)"
      },
      {
        "type": "header",
        "content": "Racing Club"
      },
      {
        "type": "text",
        "id": "horse_password",
        "label": "Password to see Racing Club members only content"
      },
      {
        "type": "checkbox",
        "id": "horse_live",
        "label": "Ballot Sale Live?"
      },
      {
        "type": "image_picker",
        "id": "horse_image",
        "label": "Image on the lock page"
      }
    ]
  },
  {
    "name": "Sale / Pre-sale",
    "settings": [
      {
        "type": "text",
        "id": "presale_countdown",
        "label": "Pre-Sale start date",
        "info": "Use epoch, eg: 1668765600000. Date the presale starts"
      },
      {
        "type": "text",
        "id": "presale_text",
        "label": "Sale Top Text",
        "default": "New lines added in"
      },
      {
        "type": "text",
        "id": "sale_countdown",
        "label": "Sale countdown (end)",
        "info": "Use epoch, eg: 1668765600000. Date the presale ends (and general access begins)"
      },
      {
        "type": "checkbox",
        "id": "sale_end",
        "label": "Show sale countdown on PDP?",
        "info": "If set, will show a countdown to \"Sale next stage date\" on PDP"
      },
      {
        "type": "text",
        "id": "sale_end_text",
        "label": "Text pre-countdown on PDP",
        "info": "If set, will show text by countdown to \"Sale next stage date\" on PDP",
        "default": "Hurry, the sale ends in"
      },
      {
        "type": "checkbox",
        "id": "plp_countdown",
        "label": "Show sale countdown on PLP?",
        "info": "If set, will show a countdown to \"Sale next stage date\" on PLP"
      },
      {
        "type": "text",
        "id": "sale_next_text",
        "label": "Sale next text",
        "info": "Text before the countdown on PLP",
        "default": "Early Access ends:"
      },
      {
        "type": "text",
        "id": "messaging",
        "label": "Messaging in Checkout"
      },
      {
        "type": "text",
        "id": "sale_next_style",
        "label": "PDP Text style",
        "info": "Text before the countdown on PLP",
        "default": "items-start pl-1 text-sg-red body-small"
      },
      {
        "type": "text",
        "id": "sale_next_tag",
        "label": "PDP Text Tag",
        "info": "Tag to control appearing"
      },
      {
        "type": "text",
        "id": "sale_end_countdown",
        "label": "Sale next stage date",
        "info": "Use epoch, eg: 1668765600000. If set, this shows a ticker to this date at the top of the sale collection (and EA ends)"
      },
      {
        "type": "checkbox",
        "id": "presale_active",
        "label": "Pre-Sale Active",
        "info": "When checked, the locks for products in the sale collection (and the collection itself) will be locked",
        "default": false
      },
      {
        "type": "text",
        "id": "presale_password",
        "label": "Pre-Sale Password",
        "info": "MUST be in lowercase",
        "default": "vipentry2"
      },
      {
        "type": "checkbox",
        "id": "show_on_account",
        "label": "Show Password on Accounts?",
        "info": "When checked, the Password will show on Customer Accounts",
        "default": false
      },
      {
        "type": "collection",
        "id": "sale_collection",
        "label": "Sale Collection",
        "info": "Sale collection: used to work out lock active and password for product lock"
      },
      {
        "type": "image_picker",
        "id": "desk_image",
        "label": "Image on the lock page (Desktop)"
      },
      {
        "type": "image_picker",
        "id": "mob_image",
        "label": "Image on the lock page (Mob)"
      },
      {
        "type": "header",
        "content": "Black Friday"
      },
      {
        "type": "checkbox",
        "id": "password_page_signup",
        "label": "Password Sign up?",
        "info": "When active, will show the signup form on the lock page"
      },
      {
        "type": "text",
        "id": "klaviyo_list",
        "label": "Klaviyo List for Sale Above in EA?"
      },
      {
        "type": "text",
        "id": "smsbump_list",
        "label": "SMSBump List for Sale Above in EA?"
      }
    ]
  },
  {
    "name": "Favicon",
    "settings": [
      {
        "type": "image_picker",
        "id": "favicon",
        "label": "Favicon image",
        "info": "Will be scaled down to 32px x 32px"
      }
    ]
  },
  {
    "name": "A/B Testing",
    "settings": [
      {
        "type": "text",
        "id": "gift_wrap_text",
        "label": "Gift Wrap Text",
        "info": "Information displayed on the Gift Wrap Push Cart CTA"
      }
    ]
  },
  {
    "name": "[Plus] Checkout",
    "settings": [
      {
        "type": "header",
        "content": "Request a callback"
      },
      {
        "type": "checkbox",
        "id": "enable_callback",
        "label": "Enable Callback on post-purchase screen",
        "default": true
      },
      {
        "type": "textarea",
        "id": "checkout_callback_intro",
        "label": "Intro for request callback",
        "default": "Our team will respond as soon as possible during callback hours: Monday–Saturday 9am–5pm and Sunday 9am–4pm (UK & Ireland Only)"
      },
      {
        "type": "header",
        "content": "Character Limits"
      },
      {
        "type": "checkbox",
        "id": "plus_enable_char_limits",
        "label": "Enable character limits",
        "info": "Enables character limits on the shipping address field in the checkout",
        "default": true
      },
      {
        "type": "paragraph",
        "content": "Set the maximum character limit for  each field below. Set to 0 for no limit."
      },
      {
        "type": "number",
        "id": "plus_char_limit_first_name",
        "label": "First Name",
        "default": 0
      },
      {
        "type": "number",
        "id": "plus_char_limit_last_name",
        "label": "Last Name",
        "default": 0
      },
      {
        "type": "number",
        "id": "plus_char_limit_company",
        "label": "Company",
        "default": 0
      },
      {
        "type": "number",
        "id": "plus_char_limit_address1",
        "label": "Address 1",
        "default": 30
      },
      {
        "type": "number",
        "id": "plus_char_limit_address2",
        "label": "Address 2",
        "default": 30
      },
      {
        "type": "number",
        "id": "plus_char_limit_city",
        "label": "City",
        "default": 0
      },
      {
        "type": "number",
        "id": "plus_char_limit_zip",
        "label": "ZIP / Postal Code",
        "default": 0
      },
      {
        "type": "number",
        "id": "plus_char_limit_phone",
        "label": "Phone",
        "default": 0
      },
      {
        "type": "header",
        "content": "Post Code Formatting"
      },
      {
        "type": "checkbox",
        "id": "plus_checkout_zip_format_enable",
        "label": "Enable post code formatting",
        "info": "Removes the below characters from the post code field if the country doesn't match one of the below countries",
        "default": true
      },
      {
        "type": "textarea",
        "id": "plus_checkout_zip_format_excluded_countries",
        "label": "Excluded countries",
        "info": "A comma separated list of countries that shouldn't have post codes formatted - ie. 'United Kingdom, Canada, etc.'",
        "default": "United Kingdom"
      },
      {
        "type": "textarea",
        "id": "plus_checkout_zip_format_invalid_characters",
        "label": "Invalid characters",
        "info": "A comma separated list of characters that should be removed from 'formatted' post codes (spaces are removed by default) - ie. '$, -, %, etc.'",
        "default": "-"
      }
    ]
  }
]
